Lens ID,Title,Date Published,Publication Year,Publication Type,Source Title,ISSNs,Publisher,Source Country,Author/s,Abstract,Volume,Issue Number,Start Page,End Page,Fields of Study,Keywords,MeSH Terms,Chemicals,Funding,Source URLs,External URL,PMID,DOI,Microsoft Academic ID,PMCID,Citing Patents Count,References,Citing Works Count,Is Open Access,Open Access License,Open Access Colour
000-043-933-900-503,Guerrilla Media: Interactive Social Media,,2016,book chapter,Media Convergence Handbook - Vol. 1,,Springer Berlin Heidelberg,,Andrej Duh; Sebastian Meznaric; Dean Korošak,"In the convergence culture we are witnessing the rise of social or consumer-generated media—social networks, social blogs, weblogs, podcasts, pictures and videos—that increase communication intensity between people. Key properties of social media, such as frequency, immediacy, permanence and interactivity, should also be the key properties of traditional media—television and newspapers. Unfortunately this is rarely the case.",,,307,324,Sociology; Interactivity; Key (cryptography); Newspaper; Citizen journalism; Immediacy; Convergence (relationship); Media studies; Social media; New media,,,,,https://link.springer.com/chapter/10.1007/978-3-642-54484-2_17 https://link.springer.com/chapter/10.1007/978-3-642-54484-2_17/fulltext.html https://rd.springer.com/chapter/10.1007/978-3-642-54484-2_17,http://dx.doi.org/10.1007/978-3-642-54484-2_17,,10.1007/978-3-642-54484-2_17,2340209353,,0,000-129-867-932-52X; 000-145-025-899-751; 002-990-436-818-806; 004-426-409-025-718; 007-703-077-185-038; 008-220-494-385-76X; 013-409-186-678-341; 015-475-547-173-305; 019-469-906-834-019; 020-552-783-308-854; 023-875-485-306-995; 024-723-454-967-065; 024-863-793-615-747; 027-734-219-708-525; 027-991-394-082-053; 028-915-020-328-030; 029-062-590-317-450; 030-756-169-251-402; 031-288-369-632-367; 031-672-019-523-79X; 035-577-047-601-038; 041-413-153-408-692; 051-558-711-731-487; 064-713-419-743-359; 074-742-877-053-350; 078-282-743-007-94X; 081-056-605-757-729; 082-368-020-720-073; 086-778-145-177-745; 090-831-538-866-773; 094-465-900-430-904; 101-090-494-416-077; 107-783-927-025-240; 109-951-973-523-534; 111-261-068-794-338; 113-881-089-551-933; 115-337-051-385-240; 118-642-807-049-571; 120-197-392-039-249; 120-695-214-222-114; 126-684-360-700-457; 127-157-232-054-173; 140-711-526-170-942; 157-933-897-151-047; 187-539-872-468-34X,4,false,,
000-075-704-381-195,SOCIAL MEDIA FOR SOCIAL GOOD,,2012,,,,,,G. Wadhwa,,,,3694,3697,Political science; Social media; Social psychology; Social engagement,,,,,https://library.iated.org/view/WADHWA2012SOC,https://library.iated.org/view/WADHWA2012SOC,,,49032762,,0,,1,false,,
000-142-696-903-789,THE EFFECT OF SOCIAL MEDIA CUSTOMER ENGAGEMENT ON SOCIAL MEDIA PERFORMANCE,2024-01-16,2024,journal article,International Conference of Business and Social Sciences,27465667,Sekolah Tinggi Ilmu Ekonomi Indonesia (STIESIA ) Surabaya,,M. Rifqy Roosdhani; Samsul Arifin; Nurul Komariyatin; Ali Ali; Nurul Huda,"<jats:p>The development of social media use in business in the last decade has been very rapid. Companies that have a good and appropriate marketing strategy in the use of social media will benefit from its social media performance. Studies reveal that there are still many businesses that use intuition in developing their social media marketing strategy and with various experiments on their own. This study reveals the social media marketing strategies that SMEs should implement in order to improve their Social Media Performance. Marketing strategies through social media carried out by SMEs in order to have maximum leverage should be moderated by using Social Media based Customer Engagement. This study uses a quantitative approach by collecting data and analyzing data using a sample of 265 food and beverage SMEs in Solo, Semarang, Kudus and Jepara using a purposive sampling method. The data collected in this study through questionnaires to test the empirical model using Structural Equation Modeling (SEM-AMOS).</jats:p>",3,1,591,603,Social media; Leverage (statistics); Social media marketing; Nonprobability sampling; Customer engagement; Business; Marketing; Structural equation modeling; Sample (material); Data collection; Advertising; Sociology; Computer science; Digital marketing; World Wide Web; Demography; Chromatography; Chemistry; Population; Machine learning; Social science,,,,,https://ojsicobuss.stiesia.ac.id/index.php/icobuss1st/article/download/422/367 http://dx.doi.org/10.24034/icobuss.v3i1.422,http://dx.doi.org/10.24034/icobuss.v3i1.422,,10.24034/icobuss.v3i1.422,,,0,,0,true,cc-by,hybrid
000-847-348-082-240,Social Media Intelligence: Building Social Media Intelligence into Our Strategies,2014-02-24,2014,book chapter,Social Media Intelligence,,Cambridge University Press,,Wendy W. Moe; David A. Schweidel,,,,166,179,Engineering; Customer satisfaction; Influencer marketing; Information cascade; Public relations; Marketing and artificial intelligence; Marketing research; Social media; Social network; Customer relationship management,,,,,http://ebooks.cambridge.org/ref/id/CBO9781139381338A020,http://dx.doi.org/10.1017/cbo9781139381338.015,,10.1017/cbo9781139381338.015,2394773679,,0,012-173-094-872-919; 026-718-551-492-061; 041-172-146-392-165; 073-152-835-260-603,0,false,,
000-916-330-196-051,To Be or Not to Be on Social Media: How Social Media Content Impacts Recruitment,2022-01-01,2022,journal article,SSRN Electronic Journal,15565068,Elsevier BV,,Edmund Baker; Veronika Grimm; Yuval Ofek-Shanny,,,,,,Social media; Content (measure theory); User-generated content; Business; Public relations; Political science; Computer science; World Wide Web; Mathematical analysis; Mathematics,,,,,,http://dx.doi.org/10.2139/ssrn.4295354,,10.2139/ssrn.4295354,,,0,002-385-377-768-937; 002-965-535-765-602; 011-823-366-232-583; 030-864-007-658-005; 036-040-869-680-843; 044-808-088-698-042; 046-223-917-169-172; 049-183-397-035-538; 062-024-358-121-399; 066-535-975-123-699; 073-623-767-517-726; 080-715-357-808-274; 087-413-838-393-840; 093-655-669-135-97X; 093-936-738-603-580; 096-834-074-938-899; 103-889-429-800-240; 129-245-160-891-484; 135-830-394-683-973; 137-730-450-051-36X; 146-713-834-785-890; 147-451-905-237-701; 184-843-788-954-190; 197-746-954-383-15X,0,true,,green
001-121-360-345-684,Social work and social media in practice,,2019,book chapter,Social Media in Social Work Practice,,"SAGE Publications, Inc.",,,,,,90,114,Social media; Social work; Sociology; Media studies; Public relations; Political science; Computer science; World Wide Web; Law,,,,,,http://dx.doi.org/10.4135/9781529714555.n6,,10.4135/9781529714555.n6,,,0,,0,false,,
001-456-744-003-573,Social media is more social than media.,,2014,journal article,Journal - Oklahoma Dental Association,01649442,Oklahoma Dental Association,United States,Travis D Burkett,,105,9,37,37,Sociology; Media studies; Social media,,"Communication; Humans; Marketing of Health Services; Practice Management, Dental; Social Media; Social Skills",,,http://www.ncbi.nlm.nih.gov/pubmed/25715568,https://www.ncbi.nlm.nih.gov/pubmed/25715568,25715568,,2437616349,,0,,0,false,,
001-910-253-865-467,Social movement and social media,2012-01-01,2012,,,,,,Ryoko Asai; Iordanis Kavathatzopoulos,How do social media affect the process of building a democratic society? Information and communication technology (ICT) made it possible for people to communicate beyond national borders and other ...,,,76,77,The Internet; Social movement; Social position; Sociology; Social change; Social science; Public relations; Social media; Democracy; Information and Communications Technology; Social capital,,,,,http://uu.diva-portal.org/smash/record.jsf?pid=diva2:543572 http://swepub.kb.se/bib/swepub:oai:DiVA.org:uu-179171 http://www.diva-portal.org/smash/record.jsf?pid=diva2:543572,http://uu.diva-portal.org/smash/record.jsf?pid=diva2:543572,,,29630273,,0,,0,false,,
002-457-114-503-486,LawLibGuides: SOCIAL MEDIA AND THE LAW: Social Media and the Law,2016-07-14,2016,,,,,,Ashley Jenkins,Sources and Articles on the many ways and uses Social Media is being used and effecting law General Resources and Articles concerning social media and the role it plays in the law,,,,,Political science; Law; Public relations; Social media; Media relations,,,,,,,,,2592975617,,0,,0,false,,
002-505-962-741-317,"Sport, Digital Media, and Social Media",2022-09-21,2022,book chapter,The Oxford Handbook of Sport and Society,,Oxford University Press,,Jimmy Sanderson,"<jats:title>Abstract</jats:title>;                <jats:p>As social and digital media technologies have enveloped sport, there has been a corresponding growth in scholarship to examine the effects of these technologies on various sport stakeholders. This chapter addresses three critical areas where social and digital technologies are having a major impact in sport: (1) athlete self-presentation and identity expression, (2) privacy, and (3) athlete abuse. Each of these areas poses critical implications for sport participants including athletes, coaches, and organizational personnel among others. The chapter offers suggestions for education and programming to support athletes and other stakeholders in managing issues arising from social and digital media consumption. The chapter also outlines directions for future research, including the need to examine this area from a critical perspective.</jats:p>",,,1111,1126,Scholarship; Athletes; Social media; Public relations; Perspective (graphical); Presentation (obstetrics); Sociology; Digital media; Psychology; Identity (music); Advertising; Political science; Business; Computer science; Aesthetics; Art; Medicine; Radiology; Law; Artificial intelligence; Physical therapy,,,,,,http://dx.doi.org/10.1093/oxfordhb/9780197519011.013.58,,10.1093/oxfordhb/9780197519011.013.58,,,0,173-484-583-192-822,0,false,,
002-770-281-065-605,Social Media and Social Isolation,2024-01-24,2024,dataset,Zenodo (CERN European Organization for Nuclear Research),,,,Tyler Horan,,,,,,Isolation (microbiology); Social media; Social isolation; Sociology; World Wide Web; Biology; Computer science; Psychology; Microbiology; Psychotherapist,,,,,https://zenodo.org/doi/10.5281/zenodo.10562836,http://dx.doi.org/10.5281/zenodo.10562836,,10.5281/zenodo.10562836,,,0,,0,true,cc-by,green
002-836-187-037-295,Praxishandbuch Rechtsfragen Social Media - Praxishandbuch Rechtsfragen Social Media,2013-12-12,2013,book,,,DE GRUYTER,,Andreas Splittgerber,,,,,,,,,,,https://www.degruyter.com/view/books/9783110287356/9783110287356/9783110287356.xml,http://dx.doi.org/10.1515/9783110287356,,10.1515/9783110287356,2497865793,,0,,4,false,,
004-024-708-621-809,Social Media and Social Work,2020-07-15,2020,book,,,Policy Press,,,,,,,,,,,,,,http://dx.doi.org/10.51952/9781447327400,,10.51952/9781447327400,,,0,,0,false,,
004-038-528-781-255,Viral Social Media: Learning via Social Media,2023-11-30,2023,journal article,Edutechnium Journal of Educational Technology,29863937,CV. Edutechnium Indonesia,,Yulianeta Yulianeta; Mukhammad Faisol; Hafiz Syed Arsalan Gilani,"<jats:p>In the digital era, media education must be aligned with technological developments.   Effective educational materials should be captivating, pertinent, easily obtainable, and resonate with students.   As a result of facilitating quicker, more precise, and more accurate communication, social media has increased overall productivity.   Music features, filters, and captivating effects have acquired widespread popularity on social media platforms.   Social media platforms play a vital role in the education of students, functioning not only as a conduit for obtaining information but also as a medium to cultivate the growth of talents and originality within the realm of academic endeavors.   The primary aim of this study is to discern the potential educational utility of ubiquitous social media platforms.   The methodology utilized in this research is bibliographic analysis, which entails an exhaustive review and evaluation of books, theses, and other pertinent textual sources pertinent to the subject of study from 2013 to 2023.   The present study employs the methods of reduction, presentation, and conclusion to analyze the data.   By optimizing the integration of ubiquitous social media into educational materials, involvement can be increased, and the overall learning experience can be improved.   However, this does not necessarily indicate that social media has a negative impact.   The methods and results of this investigation and the exhaustive findings are described in detail in this article.</jats:p>",2,1,,,Social media; Social learning; Sociology; Psychology; Computer science; World Wide Web; Pedagogy,,,,,,http://dx.doi.org/10.71365/edujet.v2i1.41,,10.71365/edujet.v2i1.41,,,0,,0,false,,
004-039-538-832-321,Social Media and Social Skills,2017-09-25,2017,,,,,,Kristen Gandon,,,,,,Psychology; Social competence; Life skills; Social media; Social psychology; Social skills; Social engagement,,,,,https://digitalcommons.fiu.edu/fiu-undergraduate-research-conference/2017/posters2017/46/ https://digitalcommons.fiu.edu/cgi/viewcontent.cgi?article=1360&context=fiu-undergraduate-research-conference,https://digitalcommons.fiu.edu/fiu-undergraduate-research-conference/2017/posters2017/46/,,,2758550730,,0,,0,false,,
004-090-164-681-330,Social Media,,2013,book chapter,Grundkurs Wirtschaftsinformatik,,Springer Fachmedien Wiesbaden,,Dietmar Abts; Wilhelm Mülder,,,,387,420,Social media; Sociology; Computer science; World Wide Web,,,,,,http://dx.doi.org/10.1007/978-3-8348-2149-2_12,,10.1007/978-3-8348-2149-2_12,,,0,,0,false,,
004-113-975-661-64X,Social Media,,2017,book,,,Springer Berlin Heidelberg,,Roland Gabriel; Heinz-Peter Röhrs,,,,,,Social media; Sociology; Computer science; World Wide Web,,,,,,http://dx.doi.org/10.1007/978-3-662-53991-0,,10.1007/978-3-662-53991-0,,,0,,134,false,,
004-279-018-159-121,Social Media,,2012,reference entry,Encyclopedia of Gender in Media,,"SAGE Publications, Inc.",,Mary Kosut,,,,,,Social media; Computer science; World Wide Web,,,,,,http://dx.doi.org/10.4135/9781452218540.n148,,10.4135/9781452218540.n148,,,0,,0,false,,
004-725-302-382-58X,Social Media.,2023-02-03,2023,journal article,,,,,Eugenio Longo; David Palombo,,18,1,90,91,Social media; Medicine; Dentistry; Computer science; World Wide Web,,,,,,,,,,,0,,0,false,,
004-903-844-581-03X,The Social Media Journalist Handbook - Social Media for Public Relations,2019-05-31,2019,book chapter,The Social Media Journalist Handbook,,Routledge,,Yumi Wilson,,,,132,137,Sociology; Public relations; Social media,,,,,http://dx.doi.org/10.4324/9781351002622-13,http://dx.doi.org/10.4324/9781351002622-13,,10.4324/9781351002622-13,2948660202,,0,,0,false,,
004-987-315-491-304,SOCIAL MEDIA DESCRIPTION VIA SOCIAL MEDIA TOOLS AND ANALYSIS OF 50 BIGGEST COMPANIES SOCIAL MEDIA USAGE IN TURKEY,,2017,,,,,,B.O. Dogan,,,,,,Advertising; Corporate communication; Political science; Public relations; Social media; Media management; Media relations; Social computing; Customer relationship management,,,,,,,,,2758971540,,0,,0,false,,
005-105-460-969-027,Social Media Kaleidoscope: Social Media as Influential to Transnationality at UMBC,,2019,,,,,,Isolda Montiel,,,,,,Sociology; Transnationalism; Kaleidoscope; Media studies; Transnationality; Social media,,,,,https://mdsoar.org/handle/11603/22897,https://mdsoar.org/handle/11603/22897,,,3198699624,,0,,0,false,,
005-353-712-217-474,SOCIAL MEDIA AS A NEW FORM OF MEDIA,2020-04-23,2020,,,,,,Vugar Rahimzadeh Ganjali,,9,03,,,Internet privacy; The Internet; Sociology; Social media; Social network,,,,,https://periodicos3.ufpb.br/index.php/ged/article/view/51935,https://periodicos3.ufpb.br/index.php/ged/article/view/51935,,,3043682053,,0,,0,false,,
005-723-999-103-903,Social Media and Strategic Communications - Social Media and Advertising,,,book chapter,Social Media and Strategic Communications,,Palgrave Macmillan,,Hana S. Noor Al-Deen; John Allen Hendricks,,,,,,Advertising campaign; Advertising; Advertising research; Business; Advertising account executive; Social media; Media relations,emotional intelligence; advertising response in social media; application of economic principle of consumption activity,,,,,http://dx.doi.org/10.1057/9781137287052.0008,,10.1057/9781137287052.0008,2482103495,,0,,0,false,,
005-839-466-068-775,Social Media für Führungskräfte - Social Media für Führungskräfte,,2016,book,,,Springer Fachmedien Wiesbaden,,Stefanie Babka,,,,,,Sociology; Media studies; Social media,,,,,https://link.springer.com/10.1007/978-3-658-05767-1,http://dx.doi.org/10.1007/978-3-658-05767-1,,10.1007/978-3-658-05767-1,2476118859,,0,,12,false,,
005-864-603-091-360,"Session details: Social media: Mobility, services and social media",2011-09-28,2011,,,,,,Jari Jussila,,,,,,Internet privacy; Psychology; Session (computer science); Social media,,,,,https://dl.acm.org/doi/10.1145/3250567,https://dl.acm.org/doi/10.1145/3250567,,,3136659699,,0,,0,false,,
006-141-826-934-334,Social Media for Social and Corporate Entrepreneurship,2021-04-01,2021,journal article,Entrepreneurship Research Journal,21575665; 21946175,Walter de Gruyter GmbH,Germany,Gunasekaran Manogaran; Hassan Qudrat-Ullah; Qin Xin,,11,2,1,2,Sociology; Public relations; Social media; Entrepreneurship,,,,,https://pure.fo/en/publications/social-media-for-social-and-corporate-entrepreneurship https://ideas.repec.org/a/bpj/erjour/v11y2021i2p1-2n3.html https://www.degruyter.com/document/doi/10.1515/erj-2021-2088/html,http://dx.doi.org/10.1515/erj-2021-2088,,10.1515/erj-2021-2088,3153717574,,0,,1,false,,
006-206-677-041-675,Policing and Social Media: Social Control in an Era of New Media,2018-05-26,2018,journal article,Canadian Journal of Communication,07053657; 14996642,University of Toronto Press Inc. (UTPress),,Christopher D. O’Connor,,43,2,369,371,Sociology; Media studies; Social control; Social media; New media,,,,,https://www.cjc-online.ca/index.php/journal/article/view/3365/3521 https://core.ac.uk/download/pdf/268014107.pdf,http://dx.doi.org/10.22230/cjc.2018v43n2a3365,,10.22230/cjc.2018v43n2a3365,2804022365,,0,,0,true,cc-by-nc-nd,hybrid
006-216-583-242-432,Social Media and the impact on education: Social media and home education,,2012,conference proceedings article,2012 International Conference on E-Learning and E-Technologies in Education (ICEEE),,IEEE,,Magda Chelly; Hana Mataillet,This document describes the impact of the social media on education and home schooling or tutoring. The new technologies are used by children every day for different purposes. We tried to analyze the use of these new technologies through social media in educational organizations.,,,236,239,Emerging technologies; Computer aided instruction; Home computing; Home education; Computer science; Multimedia; Distance education; Social media; Social computing,,,,,https://ieeexplore.ieee.org/document/6333388/ http://ieeexplore.ieee.org/document/6333388/,http://dx.doi.org/10.1109/icelete.2012.6333388,,10.1109/icelete.2012.6333388,2086409215,,0,002-077-340-451-536; 100-436-475-753-35X,10,false,,
006-252-029-135-507,Pro-repeal Media and Social Media,,2026,other,Abortion in Ireland,,Bloomsbury Publishing Plc,,,,,,131,152,,,,,,,http://dx.doi.org/10.5040/9781350337664.ch-004,,10.5040/9781350337664.ch-004,,,0,,0,false,,
006-280-195-997-960,Social Media for Social Value,,2013,journal article,Computer,00189162,Institute of Electrical and Electronics Engineers (IEEE),United States,Paul D. Witman,"Social media, with their low direct costs and enormous reach, enable nonprofit entities like the American Red Cross and Kiva to better accomplish their missions and improve the lives of millions of people worldwide.",46,7,82,85,Marketing; Management; Globalization; Value (economics); Microfinance; Computer science; Social media; Indirect costs; Social computing,,,,,https://dblp.uni-trier.de/db/journals/computer/computer46.html#Witman13 https://doi.ieeecomputersociety.org/10.1109/MC.2013.247 https://dl.acm.org/doi/10.1109/MC.2013.247 https://ieeexplore.ieee.org/document/6576776 http://dblp.uni-trier.de/db/journals/computer/computer46.html#Witman13 https://www.computer.org/csdl/magazine/co/2013/07/mco2013070082/13rRUygT7iE,http://dx.doi.org/10.1109/mc.2013.247,,10.1109/mc.2013.247,2064380316,,0,,7,false,,
006-301-686-930-875,Social Media,2017-04-17,2017,book chapter,Encyclopedia of Big Data,,Springer International Publishing,,Dimitra Dimitrakopoulou,,,,1,5,Social media; Sociology; Computer science; World Wide Web,,,,,,http://dx.doi.org/10.1007/978-3-319-32001-4_186-1,,10.1007/978-3-319-32001-4_186-1,,,0,033-564-192-428-491; 085-287-152-436-327; 164-233-751-793-174,0,false,,
006-374-013-906-288,"Social Media, Interfacing Brands in Relation to the Social Media Ecosystem",,2017,book chapter,Key Challenges and Opportunities in Web Entrepreneurship,19352700; 19352719,IGI Global,,Ze Zook; Ben Salmon,"<jats:p>Much of the existing research in social media has been directed at examining the consequences of the interactive nature of the evolving medium and communication issues, with little to say about the impact of this medium on brands. Drawing on Fiske's relational model, this current chapter examines the interface between social media and brands, particularly on the breadth and the dimensions of the level of engagement. Social networks, such as Facebook and Twitter, are revolutionising the way companies market their products. New means of interaction and dialogue are used in part because of the inherent structure and features of these social media platforms. The chapter concludes by discussing the implications of the analysis for understanding of new terminology in the evolving marketing environment. </jats:p>",,,132,170,Ecosystem; Advertising; Sociology; Interfacing; Relation (history of concept); Public relations; Social media,,,,,https://www.igi-global.com/chapter/social-media-interfacing-brands-in-relation-to-the-social-media-ecosystem/180841,http://dx.doi.org/10.4018/978-1-5225-2466-3.ch006,,10.4018/978-1-5225-2466-3.ch006,2598099308,,0,001-548-993-118-505; 003-919-392-776-783; 005-628-669-515-774; 005-905-241-418-642; 007-443-775-795-273; 007-553-870-357-738; 008-267-969-991-009; 011-440-664-122-077; 011-854-399-312-637; 011-873-274-256-989; 014-504-989-728-578; 018-604-040-079-093; 018-986-760-713-01X; 025-714-376-034-80X; 028-317-581-588-561; 036-231-434-293-010; 044-614-714-276-387; 045-915-695-569-808; 046-841-674-135-16X; 049-853-156-791-076; 053-133-165-546-637; 056-180-425-832-375; 056-417-137-486-239; 060-593-613-332-263; 062-459-957-142-792; 065-384-721-135-671; 066-421-848-623-679; 066-810-642-558-903; 068-553-268-934-785; 069-364-374-389-50X; 069-607-237-732-66X; 072-372-122-494-678; 075-384-280-163-038; 078-188-303-110-256; 080-142-224-521-995; 083-904-705-530-945; 084-994-760-072-228; 085-670-441-951-001; 095-247-309-600-014; 105-491-028-547-195; 107-869-572-964-552; 108-126-010-323-293; 109-329-042-060-498; 112-160-255-758-598; 113-544-364-174-558; 116-747-436-667-431; 126-549-864-717-779; 129-950-789-945-99X; 130-726-745-557-054; 130-754-176-638-273; 132-357-838-734-437; 133-086-006-317-58X; 134-115-618-621-757; 145-050-129-341-281; 160-295-962-959-531; 161-603-655-124-874; 178-724-015-359-788; 182-763-545-473-680; 199-210-625-366-807,2,false,,
006-471-621-508-835,The Future of Social Media: A Prospective of Social Media and the Web,2011-07-07,2011,,Research Papers in Economics,,,,Bruno Asdourian,,,,,,Internet privacy; Sociology; Social media,,,,,https://econpapers.repec.org/paper/haljournl/hal-01859516.htm,https://econpapers.repec.org/paper/haljournl/hal-01859516.htm,,,3205037086,,0,,0,false,,
006-529-520-344-519,"Narcissism and Social Media Addiction: Gender, Social Demographics, and Social Media Use",2022-06-17,2022,journal article,COUNS-EDU: The International Journal of Counseling and Education,25483498; 2548348x,Ikatan Konselor Indonesia (IKI),,Yuda Syahputra; Ifdil Ifdil; Merri Hafni; Solihatun Solihatun; Tri Windi Oktara; Lira Erwinda,"<jats:p>This study aims to describe differences in narcissism and social media addiction based on gender, social demographics, and use of social media. This research is a comparative student, the sample for this study amounted to 123 students in Vocational High School (SMK) in DKI Jakarta. There are two instruments used in this study, namely, the narcissistic instrument (22 items) and the social media addiction instrument (17 items). Data were analyzed using descriptive analysis and Multivariate One-Way Analysis of Variance Model (MANOVA). The findings for this study indicate that there are significant differences in narcissistic and social media addiction variables based on gender, number of social media accounts, and gender-daily internet access. In addition, there is a significant difference in social media addiction based on domicile. Gender and the order of children in the family are also significantly different on the variables of social media addiction. Based on the results of this study, it is hoped that further researchers will link other variables (for example: self-esteem, loneliness, subjective well-being, stress, etc.) to prevent narcissistic behavior and social media addiction in education.</jats:p>",7,2,,,Loneliness; Psychology; Addiction; Social media; Multivariate analysis of variance; Narcissism; Social psychology; Demographics; Developmental psychology; Sociology; Demography; Machine learning; Political science; Computer science; Neuroscience; Law,,,,,,http://dx.doi.org/10.23916/0020220736310,,10.23916/0020220736310,,,0,,8,true,cc-by,gold
006-532-395-800-323,Social Media in IT,2023-10-28,2023,book chapter,Social Media for Leaders,,Springer Fachmedien Wiesbaden,,Stefanie Babka,,,,99,104,Key (lock); Social media; Business; Knowledge management; Process management; Computer science; Public relations; Political science; World Wide Web; Computer security,,,,,,http://dx.doi.org/10.1007/978-3-658-42351-3_11,,10.1007/978-3-658-42351-3_11,,,0,,0,false,,
006-541-611-221-655,Social Media,2025-12-11,2025,book chapter,Mastering the Hidden Curriculum,,CRC Press,,Vance T. Lehman,"Social media has become an undeniable force in the lives of medical trainees (and their patients), impacting their education, networking opportunities, personal brand, and even their health. This chapter delves into this complex topic, exploring its place within the hidden curriculum. It examines both the potential benefits of social media, such as its use for medical education and career advancement, and the significant risks, including the blurred lines of professionalism and the potential for negative impacts on well-being. The chapter addresses controversies surrounding unprofessional posts, such as breaches of patient privacy and displays of unprofessional conduct. It also analyzes the controversial impact of social media on mental health. Through cautionary tales and practical guidance, this chapter equips medical trainees to the critical awareness needed to navigate these potential opportunities and challenges on social media.",,,168,172,Social media; Public relations; Internet privacy; Sociology; Mental health; Engineering ethics; EXPOSE; Ethical issues; Psychology; Social issues; Media studies; Political science; Social impact,,,,,,http://dx.doi.org/10.1201/9781003633389-33,,10.1201/9781003633389-33,,,0,,0,false,,
006-696-679-897-666,Social Media: A Critical Introduction - Social Media as Participatory Culture,,2014,book chapter,Social Media: A Critical Introduction,,SAGE Publications Ltd,,Christian Fuchs,,,,52,68,Sociology; Participatory culture; Media studies; Social media,,,,,,http://dx.doi.org/10.4135/9781446270066.n3,,10.4135/9781446270066.n3,2492475270,,0,,5,false,,
007-264-995-382-485,Social media and social psychiatry,2017-02-05,2017,journal article,The International journal of social psychiatry,17412854; 00207640,SAGE Publications,United States,Antonio Ventriglio; Dinesh Bhugra,,63,3,179,180,Social environment; Psychology; Social psychiatry; Social media; Psychotherapist; Social engagement,,Communication; Community Psychiatry; Humans; Social Media,,,http://journals.sagepub.com/doi/10.1177/0020764017691552 http://journals.sagepub.com/doi/full/10.1177/0020764017691552 https://EconPapers.repec.org/RePEc:sae:socpsy:v:63:y:2017:i:3:p:179-180 https://econpapers.repec.org/article/saesocpsy/v_3a63_3ay_3a2017_3ai_3a3_3ap_3a179-180.htm https://journals.sagepub.com/doi/pdf/10.1177/0020764017691552 https://www.ncbi.nlm.nih.gov/pubmed/28162015 https://journals.sagepub.com/doi/10.1177/0020764017691552 https://ideas.repec.org/a/sae/socpsy/v63y2017i3p179-180.html,http://dx.doi.org/10.1177/0020764017691552,28162015,10.1177/0020764017691552,2585649473,,0,004-070-690-756-63X; 015-171-264-949-852; 027-214-397-462-856; 029-291-282-347-825; 058-582-638-269-728; 070-298-288-027-628; 070-411-454-740-413; 071-283-687-212-446; 075-495-813-245-936; 084-713-030-643-179; 145-377-225-983-051,8,true,,bronze
007-273-616-035-681,Social media and political communication: a social media analytics framework,2012-08-25,2012,journal article,Social Network Analysis and Mining,18695450; 18695469,Springer Science and Business Media LLC,Austria,Stefan Stieglitz; Linh Dang-Xuan,"In recent years, social media are said to have an impact on the public discourse and communication in the society. In particular, social media are increasingly used in political context. More recently, microblogging services (e.g., Twitter) and social network sites (e.g., Facebook) are believed to have the potential for increasing political participation. While Twitter is an ideal platform for users to spread not only information in general but also political opinions publicly through their networks, political institutions (e.g., politicians, political parties, political foundations, etc.) have also begun to use Facebook pages or groups for the purpose of entering into direct dialogs with citizens and encouraging more political discussions. Previous studies have shown that from the perspective of political institutions, there is an emerging need to continuously collect, monitor, analyze, summarize, and visualize politically relevant information from social media. These activities, which are subsumed under “social media analytics,” are considered difficult tasks due to a large numbers of different social media platforms as well as the large amount and complexity of information and data. Systematic tracking and analysis approaches along with appropriate scientific methods and techniques in political domain are still lacking. In this paper, we propose a methodological framework for social media analytics in political context. More specifically, our framework summarizes most important politically relevant issues from the perspective of political institutions and corresponding methodologies from different scientific disciplines.",3,4,1277,1291,World Wide Web; Sociology; Voting behavior; Social analytics; Social media analytics; Public relations; Social media; Social philosophy; Social media optimization; Social network; Political communication,,,,,https://dx.doi.org/10.1007/s13278-012-0079-3 https://doi.org/10.1007/s13278-012-0079-3 http://www.infona.pl/resource/bwmeta1.element.springer-fef0c6c1-1a39-3b6d-9a97-5bd96bf4e498 http://dx.doi.org/10.1007/s13278-012-0079-3 https://link.springer.com/article/10.1007/s13278-012-0079-3/fulltext.html https://www.wi.uni-muenster.de/research/publications/74250 https://link.springer.com/article/10.1007/s13278-012-0079-3. https://www.researchgate.net/profile/Stefan_Stieglitz/publication/235632721_Social_Media_and_Political_Communication_-_A_Social_Media_Analytics_Framework/links/09e41512111a26d3f3000000.pdf https://dblp.uni-trier.de/db/journals/snam/snam3.html#StieglitzD13,http://dx.doi.org/10.1007/s13278-012-0079-3,,10.1007/s13278-012-0079-3,1989343098,,0,001-173-513-199-206; 003-174-785-588-835; 003-899-511-586-638; 005-538-862-668-44X; 006-242-396-851-370; 007-864-078-317-917; 008-087-835-471-712; 009-950-400-368-477; 010-153-208-612-656; 011-661-177-982-394; 011-854-399-312-637; 012-367-777-689-406; 014-499-717-738-437; 014-711-631-488-436; 016-588-890-396-407; 017-176-099-734-430; 017-704-556-081-356; 019-714-402-876-780; 021-308-406-112-76X; 023-042-100-371-045; 025-047-211-130-303; 028-171-956-415-28X; 030-744-850-538-924; 033-490-243-187-095; 035-555-640-010-717; 037-029-897-660-670; 038-293-525-966-07X; 038-446-348-402-701; 040-508-886-461-429; 040-569-539-550-813; 040-628-298-383-539; 043-383-731-332-078; 046-576-904-270-531; 046-698-933-794-495; 046-767-088-763-013; 049-757-214-659-920; 053-272-119-557-212; 053-468-516-188-099; 056-015-947-707-206; 056-023-199-816-14X; 059-063-546-436-025; 059-873-124-391-300; 060-800-024-746-352; 061-922-379-618-968; 063-427-088-915-924; 065-177-090-941-148; 066-661-779-226-153; 066-937-548-325-95X; 069-413-570-993-251; 071-404-345-044-559; 074-461-677-997-217; 074-742-877-053-350; 075-895-592-396-580; 076-816-555-464-423; 082-156-291-170-355; 084-447-598-493-354; 084-755-929-544-035; 088-559-265-130-928; 089-290-212-861-716; 092-692-736-018-164; 093-196-797-441-445; 093-845-917-273-595; 100-878-115-648-044; 101-162-453-699-736; 101-383-426-933-135; 105-862-022-178-122; 106-556-950-129-770; 110-309-926-544-567; 113-305-368-069-343; 113-639-781-842-344; 121-001-950-491-969; 122-467-034-588-07X; 123-148-108-879-450; 124-928-196-113-888; 126-101-700-254-426; 127-177-325-554-597; 129-479-445-497-634; 137-709-075-180-963; 137-862-095-061-540; 137-968-852-944-590; 143-351-408-902-404; 146-667-331-542-702; 148-034-385-600-069; 150-668-434-249-970; 153-992-275-486-496; 157-973-241-664-946; 171-179-545-356-597; 171-199-217-401-932; 180-373-229-924-527; 188-332-136-393-173; 190-793-852-521-328,503,false,,
007-341-886-879-368,Social-media redlining and “social enforcement”,,2013,journal article,The New Inquiry,,,,Rob Horning,,,,,,Redlining; Business; Enforcement; Social media; Criminology,,,,,,,,,99061418,,0,,0,false,,
007-407-278-287-958,Media and social media in Belgium,2026-02-24,2026,book chapter,The Oxford Handbook of Belgian Politics,,Oxford University Press,,Laura Jacobs; Cato Waeterloos,"<jats:title>Abstract</jats:title>;                   <jats:p>This chapter explores media and social media dynamics in Belgium, focusing on interactions among citizens, political actors, and journalists. It examines how these relationships have evolved within Belgium’s unique political and linguistic context. Historically, Belgium’s media landscape was marked by pillarization, with media outlets tied to specific political and ideological groups. However, in recent decades, there has been a shift toward greater interdependence, where media logic increasingly guides political behaviour, signalling rising mediatization. The chapter traces the transformation from a segmented to a more interconnected media environment, analysing how interactions among citizens, political actors, and journalists have developed over time. It underscores the central role of media strategies in political communication and campaign tactics today. Furthermore, it addresses the challenges posed by digital technologies, while also highlighting that, if each actor takes responsibility, these innovations offer valuable opportunities to strengthen, rather than erode, the quality of Belgian democracy.</jats:p>",,,365,380,Politics; Social media; Political communication; Ideology; Sociology; Political science; Media studies; Quality (philosophy); Public relations; Digital media; Media relations; New media; News media; Mass media; Social movement,,,,,,http://dx.doi.org/10.1093/oxfordhb/9780198914754.013.0019,,10.1093/oxfordhb/9780198914754.013.0019,,,0,098-322-112-606-275,0,false,,
007-451-940-396-867,Socialities and Social Media,,2018,book chapter,Understanding New Media,,SAGE Publications Ltd,,,,,,,,,,,,,,http://dx.doi.org/10.4135/9781036235161.n10,,10.4135/9781036235161.n10,,,0,,0,false,,
007-477-494-505-159,LibGuides: Social Media: Types of Social Media,2013-10-19,2013,libguide,,,,,Laurie Hime,"There are a variety of sites for sharing news, pictures, professional and personal information and accomplishments.",,,,,Variety (cybernetics); Personally identifiable information; Political science; Public relations; Social media; Social media optimization; Media relations,,,,,https://libraryguides.mdc.edu/c.php?g=239644&p=1592986,https://libraryguides.mdc.edu/c.php?g=239644&p=1592986,,,2739005226,,0,,0,false,,
007-823-099-223-572,Social Media,2026-02-18,2026,book chapter,The Palgrave Encyclopedia of Early Modern Women's Writing,,Springer Nature Switzerland,,Sarah Lindenbaum,,,,1,8,Social media; Microblogging; Content (measure theory); Internet privacy; Media studies; User-generated content; Sociology; World Wide Web; Circulation (fluid dynamics); Social media optimization; Advertising; Content analysis; Web 2.0; Public relations; Computer science; Digital media; Key (lock); Social relation; Multimedia; Online presence management; Content creation; Audience participation; The Internet,,,,,,http://dx.doi.org/10.1007/978-3-030-01537-4_437-1,,10.1007/978-3-030-01537-4_437-1,,,0,069-791-219-590-760; 165-157-361-871-434,0,false,,
007-861-348-548-931,Research Guides: Social Media for Business: Social Media Analytics,2014-03-05,2014,libguide,,,,,Bill Marino,Resources pertaining to the use of social media sites for business. Used in IS310 and IS425.,,,,,Business; Social media analytics; Business analytics; Public relations; Social media; Media management; Social media optimization; Electronic business,,,,,https://guides.emich.edu/c.php?g=188157&p=1242574,https://guides.emich.edu/c.php?g=188157&p=1242574,,,474599036,,0,,0,false,,
008-171-732-940-979,Social media,,2022,book chapter,Oxford Textbook of Social Psychiatry,,Oxford University PressOxford,,Keith Hariman,"<jats:title>Abstract</jats:title><jats:p>Social media, which includes social networking sites such as Facebook and Twitter, and other websites, including YouTube and Pinterest, are used by more than a quarter of the global population. While some social media platforms aim to connect users or provide entertainment to viewers, there has been a plethora of research on social media and its association with mental illnesses. This chapter will outline how social media may have an effect on certain mental conditions, including affective disorders, self-harm and suicide, addiction, and attention deficit–hyperactivity disorder. Given the potential to reach a wide audience, the chapter will further describe how clinicians can make use of social media for the provision of information and research. The caveats of using social media and maintaining an online presence will also be discussed.</jats:p>",,,283,292,Social media; Harm; Entertainment; Psychology; Addiction; Internet privacy; Quarter (Canadian coin); Social psychology; World Wide Web; Political science; Computer science; Psychiatry; Geography; Law; Archaeology,,,,,,http://dx.doi.org/10.1093/med/9780198861478.003.0030,,10.1093/med/9780198861478.003.0030,,,0,036-066-201-702-614; 102-823-451-997-90X,0,false,,
008-278-815-727-401,Social Media,2018-04-27,2018,book chapter,Handbook of Media Management and Economics,,Routledge,,Andreas Kaplan; Grzegorz Mazurek,"This chapter reviews the current and the prospective research on social media, which refers to a group of Internet-based applications that build on the ideological and technological foundations of Web 2.0, and that allow the creation and exchange of user-generated content. The phenomenon of social media directly impacts the private, the professional, and the academic world. In the chapter, we present a brief history of social media and classification of social media applications, including: collaborative projects, (micro)blogs, content communities, social networking sites, virtual game worlds, and virtual social worlds. Finally, the thematic and the macro-level discussion of the social media research covered will lead to a research agenda with regard to the next couple of years.",,,273,286,Social media; Sociology; Computer science; World Wide Web,,,,,,http://dx.doi.org/10.4324/9781315189918-17,,10.4324/9781315189918-17,,,0,019-226-991-602-231,23,false,,
008-362-466-348-412,Social Media and Social Issues,2023-11-09,2023,book chapter,Sport and Social Media in Business and Society,,Routledge,,Gashaw Abeza; Ryan King-White,,,,84,102,Social media; Sociology; Computer science; World Wide Web,,,,,,http://dx.doi.org/10.4324/9781003358398-6,,10.4324/9781003358398-6,,,0,,0,false,,
008-832-490-531-982,The Social Psychology Section and the Social Media,2015-09-01,2015,journal article,Social Psychological Review,13697862; 23969601,British Psychological Society,,Daniel Jolley,,17,1,5,5,Section (typography); Social media; Psychology; Sociology; Media studies; Social psychology; World Wide Web; Computer science; Advertising; Business,,,,,,http://dx.doi.org/10.53841/bpsspr.2015.17.1.5,,10.53841/bpsspr.2015.17.1.5,,,0,,0,false,,
009-204-458-647-642,Social media,2017-10-26,2017,other,Logic: A Very Short Introduction,,Oxford University PressOxford,,,,,,157,157,Social media; Computer science; World Wide Web,,,,,,http://dx.doi.org/10.1093/actrade/9780198811701.002.0013,,10.1093/actrade/9780198811701.002.0013,,,0,163-887-845-394-584,0,false,,
009-264-397-566-973,Social Life in Social Media,2017-07-12,2017,journal article,Fudan Journal of the Humanities and Social Sciences,16740750; 21982600,Springer Science and Business Media LLC,,Daniela Eun Sun Oh,,11,1,119,122,Sociology; Media studies; Social life; Social media,,,,,https://link.springer.com/article/10.1007%2Fs40647-017-0186-7,http://dx.doi.org/10.1007/s40647-017-0186-7,,10.1007/s40647-017-0186-7,2735318264,,0,,1,false,,
009-284-247-688-092,Social Media and the Social Question : Speculations on Risk Media Society,2020-02-26,2020,book chapter,The Routledge Companion to Media and Risk,,Routledge,,Joshua Neves,,,,347,361,Sociology; Media studies; Social question; Social media,,,,,https://www.taylorfrancis.com/books/e/9781315637501/chapters/10.4324/9781315637501-22,http://dx.doi.org/10.4324/9781315637501-22,,10.4324/9781315637501-22,3008217095,,0,,0,false,,
009-600-974-455-000,Social Media and Social Entrepreneurship,,2019,book chapter,Leveraging Computer-Mediated Marketing Environments,23275502; 23275529,IGI Global,,Nazmul Islam; Vivek Chitran,"<jats:p>Information plays an important role in the individual lives of people, and social media as an aspect of online information phenomenon is an exciting topic to explore in terms of its impact on social entrepreneurship. Many theoretical fields have contributed to the development of social entrepreneurship, looking in particular at the financial, political, and psychological impacts. This chapter is unique since it focuses on social enterprises and the impact of evolving technologies on social entrepreneurship. This chapter contributes to the literature on social media usage in social enterprises and offers a better understanding of the issues in the specific context of developing countries. </jats:p>",,,104,123,Sociology; Social entrepreneurship; Social science; Social media,,,,,https://www.igi-global.com/chapter/social-media-and-social-entrepreneurship/221505 https://core.ac.uk/download/185245929.pdf,http://dx.doi.org/10.4018/978-1-5225-7344-9.ch005,,10.4018/978-1-5225-7344-9.ch005,2910284417,,0,000-560-310-452-279; 001-332-294-088-869; 001-999-918-236-109; 002-229-168-746-067; 003-072-360-490-122; 003-572-823-536-969; 006-004-046-750-883; 006-424-752-858-630; 006-586-786-292-315; 006-992-056-496-766; 008-494-891-665-093; 010-128-534-557-651; 011-854-399-312-637; 014-699-188-069-181; 014-701-446-924-938; 015-290-690-766-84X; 018-554-278-801-442; 019-009-914-357-809; 019-304-136-778-106; 019-351-780-953-747; 019-374-353-965-745; 020-919-160-769-185; 021-343-821-598-449; 021-370-797-634-596; 021-693-018-121-203; 022-497-539-346-81X; 023-030-735-174-717; 024-333-789-579-773; 025-131-600-747-587; 026-286-663-760-327; 027-345-955-290-869; 027-382-072-154-540; 031-280-178-543-445; 031-346-991-003-774; 031-375-264-007-43X; 032-923-818-280-579; 034-415-845-128-283; 034-984-021-608-647; 037-001-219-469-821; 037-689-233-081-784; 037-797-147-899-641; 037-845-368-924-314; 037-883-543-796-688; 038-828-854-401-342; 038-857-456-239-709; 039-261-735-614-275; 039-649-908-108-68X; 040-524-805-357-081; 040-941-216-468-661; 044-830-058-905-232; 046-190-583-477-889; 047-554-958-755-963; 047-632-131-014-965; 048-057-547-134-862; 050-646-618-831-76X; 051-575-008-563-148; 052-607-378-703-830; 053-028-759-424-819; 053-138-383-618-443; 053-978-756-157-224; 056-248-624-912-931; 057-673-613-246-287; 058-003-131-930-805; 058-396-147-049-73X; 058-715-638-366-92X; 058-752-048-402-647; 059-391-804-608-671; 060-208-223-735-266; 061-849-880-716-811; 065-344-432-250-044; 069-339-888-384-98X; 069-399-774-153-002; 069-911-352-592-451; 070-512-992-139-986; 071-436-508-746-368; 072-805-675-615-426; 073-207-429-286-125; 074-080-300-205-671; 074-952-420-427-653; 075-137-158-381-578; 080-142-224-521-995; 083-367-838-358-412; 083-780-301-983-874; 086-977-004-835-128; 087-278-526-597-052; 087-558-664-457-396; 089-268-091-390-223; 089-899-409-845-357; 090-944-153-185-134; 091-088-770-374-990; 092-337-413-719-20X; 092-870-527-883-812; 093-200-687-277-946; 097-428-979-658-675; 098-254-294-866-868; 098-608-473-668-301; 103-909-450-051-614; 105-000-368-880-390; 110-155-145-890-88X; 110-323-412-741-265; 114-161-421-425-80X; 114-615-552-424-958; 114-861-631-191-48X; 115-133-512-157-837; 115-494-129-294-314; 117-247-209-405-680; 117-845-300-015-296; 118-471-860-201-057; 119-603-102-564-121; 121-494-280-857-658; 122-557-043-912-651; 126-172-614-426-795; 128-747-011-397-89X; 128-822-791-855-261; 129-407-585-475-696; 129-449-173-572-356; 130-826-522-688-952; 138-279-376-290-591; 139-512-661-567-451; 143-665-452-123-215; 149-089-922-697-21X; 151-099-418-883-719; 152-485-208-022-605; 154-745-085-600-903; 154-811-605-160-95X; 157-925-482-678-197; 158-117-404-192-782; 159-237-915-338-686; 163-822-317-190-150; 164-233-751-793-174; 170-314-039-553-953; 173-842-936-972-347; 174-261-907-321-722; 175-718-833-893-464; 176-342-659-552-616; 177-849-474-233-669; 184-280-105-967-245; 186-608-526-449-728,5,true,,green
010-174-867-049-898,Social Media for Academics - Social Media for Academics,,2012,book,,,Chandos Publishing,,Diane Neal,,,,,,Sociology; Media studies; Social media,,,,,https://www.sciencedirect.com/science/book/9781843346814,http://dx.doi.org/10.1533/9781780633190,,10.1533/9781780633190,2494615385,,0,,10,false,,
010-262-203-654-008,"Social Media, Social Approval, and Social Disapproval",2026-02-24,2026,book chapter,The Oxford Handbook of Organisational Social Evaluations,,Oxford University Press,,Rhonda K. Reger; Niken Putri; Md Ziad Haidar,"<jats:title>Abstract</jats:title>;                   <jats:p>This chapter first explores the shift in the social evaluation landscape due to the increasing popularity of social media, focusing on how organisations use these new forms of mass communication to manage constituent evaluations. Second, the chapter examines the complex set of actors that influence stakeholders, including the evolving role of information intermediaries who continue to affect social evaluations and the role of a new form of information intermediary: influencers. Third, it considers the power that social media users—including inauthentic users—wield to influence organisational social evaluations and performance. It then argues that two newly theorised social evaluations—social approval and disapproval—are well suited to study social media, as swift reactions to immediate events dominate evaluations on social media and reflect emotional, moral, and intuitive evaluations in ways that are not well explained by other social evaluations. Finally, the chapter suggests several future research directions. The dominance of social media as a type of communication media that connects billions of people globally stems from a recent and evolving set of forces, and thus, this research agenda is not only necessary but varied and vast. The agenda includes research on organisations’ proactive and reactive social media communication strategies, including disclosing the organisation’s stances on social and environmental issues, research on polarisation, fabricated narratives, and crises created on social media. Additional research is needed to better understand the effects of seemingly transient social media approval and disapproval on other, more durable social evaluations, including reputation, celebrity, infamy, legitimacy, and stigma.</jats:p>",,,543,557,Popularity; Social media; Social psychology; Sociology; Social computing; Dominance (genetics); Social competence; Social philosophy; Social engagement; Public relations; Social change; Social position; Social relation; Social entropy; Set (abstract data type); Social order; Social learning; Power (physics); Affect (linguistics); Social group; Social structure; Ambivalence; Political science; Social network (sociolinguistics); Social influence; Social heuristics; Psychology; Social transformation; Social environment,,,,,,http://dx.doi.org/10.1093/oxfordhb/9780198933137.013.0034,,10.1093/oxfordhb/9780198933137.013.0034,,,0,,0,false,,
010-488-957-026-587,Social media,2018-07-05,2018,book chapter,Practical Tips for Developing Your Staff,,Facet,,Tracey Pratchett; Gil Young; Carol Brooks; Lisa Jeskins; Helen Monagle,"Social media allows people to create, share or exchange information, ideas, and pictures/videos in virtual communities and networks.",,,206,210,Social media; Computer science; Information exchange; Sociology; World Wide Web; Internet privacy; Multimedia; Telecommunications,,,,,,http://dx.doi.org/10.29085/9781783301812.082,,10.29085/9781783301812.082,,,0,,0,false,,
010-518-335-482-187,Social Media - II. Social Media und Institution,,,book chapter,Social Media,,Peter Lang,,Caja Thimm; Mario Anastasiadis,,,,,,Sociology; Library science; Institution; Media studies; Social media,,,,,https://www.peterlang.com/view/product/63507,http://dx.doi.org/10.3726/978-3-653-01083-1/4,,10.3726/978-3-653-01083-1/4,2476739988,,0,,0,false,,
010-534-254-593-379,Social Media,2020-10-19,2020,journal article,TCB:Technical Services in Religion & Theology,15488497,American Theological Library Association,,Anna Appleman,,28,4,16,16,Social media; Sociology; Computer science; World Wide Web,,,,,https://serials.atla.com/tcb/article/download/1909/2224 https://doi.org/10.31046/tcb.v28i4.1909,http://dx.doi.org/10.31046/tcb.v28i4.1909,,10.31046/tcb.v28i4.1909,,,0,,0,true,cc-by-nc,gold
010-658-454-035-683,Social Media,2025-09-17,2025,book chapter,Exploring Widening Access for Mature Age Students,,Routledge,,Bruce A J McLauchlan,"In a recent poll of mature students, at Nelson College London, UK, only 30% of them had set up a LinkedIn account. Building upon a recent empirical study of views on the usefulness and purpose of LinkedIn, from the perspective of respondents, this chapter will explore how mature students might use such resources in preparation for future employability. It considers the role of LinkedIn and other social media sites in respect of networking for a generation of students who may have less exposure to social media than younger generations, that is, Gen X versus Gen Z. Using the original research as a base, further qualitative research reported in this chapter establishes the barriers to widening access for mature students (WAMS) becoming active members of the LinkedIn community. Recommendations are offered concerning how WAMS institutions might best help these students to appreciate the purpose and usefulness of LinkedIn and subsequently enable the students to apply these for their personal and professional benefit. This chapter will be particularly useful for academic and employability staff, enabling them to guide students towards the creation of an effective LinkedIn profile; one which is viewed favourably by potential future employers and, indeed, one which engages the wider business community. This builds on the overall principles of the LMX model [Leader-Member eXchange] which discusses the intrinsic, and essential, links that should be in place between students, colleges, and the worlds of business and enterprise.",,,195,211,,,,,,https://api.taylorfrancis.com/content/chapters/oa-edit/download?identifierName=doi&identifierValue=10.4324/9781003540144-17&type=chapterpdf https://doi.org/10.4324/9781003540144-17,http://dx.doi.org/10.4324/9781003540144-17,,10.4324/9781003540144-17,,,0,,0,true,,gold
011-086-926-051-047,Mobile and Social Media Journalism - Social media ethics and policies,2021-06-11,2021,book chapter,Mobile and Social Media Journalism,,Routledge,,Anthony Adornato,,,,264,296,Sociology; Public relations; Social media,,,,,http://dx.doi.org/10.4324/9781003186779-8,http://dx.doi.org/10.4324/9781003186779-8,,10.4324/9781003186779-8,3169956032,,0,,0,false,,
011-177-323-198-342,LibGuides: Social Media for Business: Social Media in the Workplace,2010-02-23,2010,,,,,,Carleen Huxley,,,,,,Sociology; Media studies; Social media,,,,,,,,,2970381363,,0,,0,false,,
011-251-307-528-121,"Social media, social mania.",2018-11-10,2018,journal article,European journal of surgical oncology : the journal of the European Society of Surgical Oncology and the British Association of Surgical Oncology,15322157; 07487983,W.B. Saunders Ltd,United Kingdom,Helen Mohan; Isacco Montroni,,45,2,290,291,Psychiatry; Mania; Social media; Medicine,Research Networking Colorectal Surgery; Social Media; Twitter,Bipolar Disorder; Humans; Social Media,,,https://pubmed.ncbi.nlm.nih.gov/30448344/ https://www.ncbi.nlm.nih.gov/pubmed/30448344,http://dx.doi.org/10.1016/j.ejso.2018.11.004,30448344,10.1016/j.ejso.2018.11.004,2899857256,,0,083-925-625-829-149,1,false,,
011-367-420-244-555,Social Media usage for destination marketing: A review of the theories of social media,2019-11-06,2019,,,,,,Ashutosh Pandey; Rajendra Sahu,"With the advent of Web 2.0, Customers now can freely share their experiences regarding their consumptions through electronic word of mouth (eWOM). Hence, Social media has become more vulnerable to transmitting both the good and bad message about product or services efficiently through an online platform. Moreover, the effect of social media has broad coverage of audience and information flows from one to many, therefore tourism managers, destination marketers are required to understand the growing impact of social media, which can be leveraged as a tool, for promoting their destinations. This paper discusses the theories behind the social media which creates the conceptual foundation for developing the models of social media marketing. Revisiting the theoretical foundation can help the researchers, policymakers and destination marketers to understand the social media in a better way for formulating the required model and research framework.",,,7,15,Form of the Good; Advertising; Conceptual framework; Business; Tourism; Destinations; One-to-many; Foundation (evidence); Product (business); Social media,,,,,http://www.mbajournals.in/index.php/JoBEC/article/view/383,http://www.mbajournals.in/index.php/JoBEC/article/view/383,,,3001220443,,0,,0,false,,
011-437-058-355-746,Social Media in Companies. Integrated Approach for a Social Media Strategy,2012-12-29,2012,book chapter,Handbook of Social Media Management,,Springer Berlin Heidelberg,,Mike Friedrichsen,"Given the increasing number of members and participants of social networks on the internet a complete new scope of communication and interaction with millions of stakeholders all over the globe is at hand. Since organizations tend to prioritize the built up of long-term relationships with their customers and other stakeholders than focusing on short, transactions-oriented relations, social media offers tools and concepts to establish effective relationships alongside traditional communication channels.",,,25,47,The Internet; Social network analysis; Business; Loyalty business model; Scope (project management); Public relations; Social media; Media management; Knowledge management; Media relations; Customer relationship management,,,,,https://link.springer.com/chapter/10.1007/978-3-642-28897-5_3/fulltext.html https://rd.springer.com/chapter/10.1007/978-3-642-28897-5_3 https://link.springer.com/chapter/10.1007/978-3-642-28897-5_3,http://dx.doi.org/10.1007/978-3-642-28897-5_3,,10.1007/978-3-642-28897-5_3,34894151,,0,002-222-809-466-953; 005-583-065-989-577; 030-073-448-335-69X; 031-358-377-487-594; 040-754-470-676-825; 041-404-423-973-196; 042-289-111-511-65X; 045-700-918-534-234; 046-841-674-135-16X; 049-126-695-194-245; 049-404-456-949-732; 049-954-934-307-723; 053-272-119-557-212; 055-380-965-724-690; 062-356-721-616-865; 063-190-811-897-241; 063-613-593-733-100; 097-433-890-975-961; 107-741-250-784-396; 113-355-334-124-565; 124-513-593-893-756; 141-819-054-379-035; 142-380-882-884-641; 147-275-878-030-579; 152-589-019-580-831; 158-618-842-336-251; 169-740-926-356-741; 177-208-597-566-279; 185-837-470-339-652; 188-332-136-393-173; 195-817-626-453-983,5,false,,
011-534-261-435-017,Provenance Data in Social Media - Provenance Data in Social Media,2013-05-24,2013,journal article,Synthesis Lectures on Data Mining and Knowledge Discovery,21510067; 21510075,Springer Science and Business Media LLC,,Geoffrey Barbier; Zhuo Feng; Pritam Gundecha; Huan Liu,"Social media shatters the barrier to communicate anytime anywhere for people of all walks of life. The publicly available, virtually free information in social media poses a new challenge to consumers who have to discern whether a piece of information published in social media is reliable. For example, it can be difficult to understand the motivations behind a statement passed from one user to another, without knowing the person who originated the message. Additionally, false information can be propagated through social media, resulting in embarrassment or irreversible damages. Provenance data associated with a social media statement can help dispel rumors, clarify opinions, and confirm facts. However, provenance data about social media statements is not readily available to users today. Currently, providing this data to users requires changing the social media infrastructure or offering subscription services. Taking advantage of social media features, research in this nascent field spearheads the search for a way to provide provenance data to social media users, thus leveraging social media itself by mining it for the provenance data. Searching for provenance data reveals an interesting problem space requiring the development and application of new metrics in order to provide meaningful provenance data to social media users. This lecture reviews the current research on information provenance, explores exciting research opportunities to address pressing needs, and shows how data mining can enable a social media user to make informed judgements about statements published in social media. Table of Contents: Information Provenance in Social Media / Provenance Attributes / Provenance via Network Information / Provenance Data",4,1,1,84,Internet privacy; World Wide Web; Microblogging; Embarrassment; Field (Bourdieu); Computer science; Social media; Social media optimization; Table of contents; Social computing; Information science,,,,,https://www.morganclaypool.com/doi/abs/10.2200/S00496ED1V01Y201304DMK007 https://apps.dtic.mil/dtic/tr/fulltext/u2/1007370.pdf http://www.odbms.org/wp-content/uploads/2014/03/Provenance-Data-in-Social-Media.pdf https://ieeexplore.ieee.org/xpl/articleDetails.jsp?arnumber=6812692,http://dx.doi.org/10.2200/s00496ed1v01y201304dmk007,,10.2200/s00496ed1v01y201304dmk007,2108211189,,2,000-207-523-394-570; 001-603-808-939-061; 003-341-407-788-835; 004-449-840-969-830; 005-575-868-553-427; 010-409-566-381-452; 011-440-664-122-077; 011-839-374-820-787; 011-854-399-312-637; 012-865-085-027-972; 014-039-560-439-182; 014-520-693-270-115; 014-796-630-361-762; 021-809-612-642-230; 026-326-072-540-828; 027-991-394-082-053; 028-577-385-254-389; 028-850-248-202-616; 029-276-315-684-890; 030-852-886-273-014; 031-467-245-378-495; 031-567-328-222-38X; 033-292-300-474-828; 034-745-914-091-077; 037-291-849-207-330; 037-806-723-796-686; 041-242-470-955-100; 042-998-813-599-408; 044-345-261-905-116; 045-741-521-444-59X; 049-853-156-791-076; 053-090-442-201-200; 053-404-306-739-937; 054-971-993-855-581; 055-524-866-430-670; 057-892-322-576-526; 059-112-511-613-974; 066-741-615-053-583; 073-634-485-520-605; 074-178-923-265-107; 079-043-006-221-303; 081-015-264-622-322; 082-074-079-097-382; 082-260-669-254-279; 087-216-409-254-874; 091-340-048-230-609; 092-342-090-222-616; 100-108-839-680-401; 105-207-573-191-453; 107-212-202-672-652; 108-025-944-491-319; 111-008-279-638-379; 112-663-176-521-300; 121-699-806-713-237; 126-684-360-700-457; 132-674-989-677-280; 139-079-549-670-710; 149-499-958-040-481; 151-684-849-239-746; 155-402-052-450-031; 163-216-510-935-433; 173-845-838-764-062; 178-861-689-146-579; 182-801-878-795-148; 186-806-156-746-473; 188-332-136-393-173; 198-862-301-079-227; 199-210-625-366-807,46,false,,
011-604-960-474-825,Studying and Researching with Social Media - Social Media Basics,,2014,book chapter,Studying and Researching with Social Media,,"SAGE Publications, Inc.",,Megan Poore,,,,19,37,Sociology; Media studies; Social media,,,,,,http://dx.doi.org/10.4135/9781473921733.n2,,10.4135/9781473921733.n2,2773767105,,0,,0,false,,
011-723-812-512-422,Research Guides: Social Media: Research Social Media,2011-09-13,2011,libguide,,,,,Iris Carroll,Use this guide to find credible sources for your research on the effects of online social networking on relationships,,,,,Online participation; Psychology; Public relations; Social media,,,,,https://libguides.mjc.edu/OnlineSocialNetworking,https://libguides.mjc.edu/OnlineSocialNetworking,,,1679964723,,0,,0,false,,
011-772-074-854-156,Exploring the “socialness” of social media,,2021,journal article,Computers in Human Behavior Reports,24519588,Elsevier BV,,Linda K. Kaye,"Abstract This paper presents a critical review of the current cyberpsychology understanding of what we know about how “social” social media is. Social media platforms are vastly complex and diverse, therefore it is important we understand the range of behaviours which correspond to “social” use to be in a better position to theorise about their potential psychological or social effects. This paper outlines a number of recommendations on how this field can develop these insights further. These include; distinguishing between social media volume and use, distinguishing between typology vs activity-centric approaches; and recommending how behavioural network data can visualise the level of social size and configuration which may also help us understand the level of “socialness” of social media. Of note, I present a conceptual framework which distinguishes social media use into four main categories (interactive, reactive broadcasting, and passive). These are argued to be situated under latent categories of active and passive use, and vary based on level of interactivity (two-way interactive vs one-way non-interactive). This review can help researchers in this area seek opportunities to empirical test these assertions and move away from theorising social media use as a unidimensional concept.",3,,100083,,Empirical research; Situated; Conceptual framework; Sociology; Interactivity; Cyberpsychology; Data science; Field (Bourdieu); Social media; Typology,,,,,https://www.sciencedirect.com/science/article/pii/S2451958821000312 https://research.edgehill.ac.uk/en/publications/exploring-the-socialness-of-social-media,http://dx.doi.org/10.1016/j.chbr.2021.100083,,10.1016/j.chbr.2021.100083,3152941823,,0,000-892-930-104-700; 006-449-530-441-910; 008-532-579-554-289; 012-642-082-894-773; 014-587-082-495-477; 015-011-220-780-239; 017-158-890-683-429; 019-351-460-663-417; 020-621-206-149-730; 024-850-335-214-492; 026-197-664-537-835; 030-336-959-693-984; 030-758-408-950-577; 032-824-561-064-489; 033-051-189-357-641; 034-670-298-951-198; 036-313-830-687-002; 042-253-335-210-376; 048-353-758-022-269; 054-604-794-380-304; 055-917-815-869-891; 059-174-857-015-14X; 061-842-636-402-915; 064-046-960-518-25X; 064-546-996-142-70X; 073-805-846-706-389; 076-951-302-167-692; 085-970-686-565-381; 087-866-008-313-890; 107-709-585-950-384; 114-013-607-085-167; 115-007-009-976-061; 127-940-309-846-967; 130-084-443-348-116; 138-593-101-899-862; 141-457-390-998-120; 142-213-531-218-497; 155-525-177-393-923; 160-782-489-399-409; 164-233-751-793-174,39,true,"CC BY, CC BY-NC-ND, CC BY-NC",gold
012-057-383-561-692,Social Media Impact: Generation Z and Millenial on the Cathedra of Social Media,,2020,conference proceedings article,"2020 8th International Conference on Reliability, Infocom Technologies and Optimization (Trends and Future Directions) (ICRITO)",,IEEE,,Benedict Joe Waheed Sayyed; Richa Gupta,"in the current generation social media marketing is one of the most influential strategies to gain the attention of millennials and affect their purchasing power towards any type of product or brand. Marketers in general for companies are definitely familiar with the idea of social media but can’t quite grasp the in-depth aspect of using it for higher purposes, as in they can understand that they can use it for marketing, but there are several more supporting factors that need to be considered and how nowadays there is an educational value as well towards social media. Social media marketing is a strategy several brands have taken up for the past few years, brands and companies are beginning to focus on improving their social media presence and the initiatives they take on and how they approach consumers. The flourishing target audience focus is directed towards millennials, because millennials are digital natives which are defined as being brought up in an era where technology literacy is what they grow up with and opportunities towards technology is vast and never ending. This mannerism of millennials makes it an opportunity for marketers, companies and brands to utilize the aspect of social media to influence how and where millennials utilize their disposable income.",,,595,600,Marketing; Digital native; Value (ethics); Purchasing power; Flourishing; Target audience; Computer science; Product (business); Social media; Literacy,,,,,https://ieeexplore.ieee.org/abstract/document/9197995,http://dx.doi.org/10.1109/icrito48877.2020.9197995,,10.1109/icrito48877.2020.9197995,3089513523,,0,005-588-571-784-921; 007-027-667-595-159; 040-110-878-260-037; 107-772-210-110-567; 116-133-116-918-91X; 139-557-223-519-07X; 142-148-525-959-805; 186-579-837-434-11X; 190-788-427-963-911,5,false,,
012-062-332-674-757,Driving Consumer Engagement in Social Media - Social media and their users,2020-12-10,2020,book chapter,Driving Consumer Engagement in Social Media,,Routledge,,Anna Bianchi,,,,22,34,Internet privacy; Business; Social media,,,,,http://dx.doi.org/10.4324/9781003125518-3,http://dx.doi.org/10.4324/9781003125518-3,,10.4324/9781003125518-3,3095103443,,0,018-900-464-329-013,0,false,,
012-131-385-409-208,Essays on social effects and social media,,2011,dissertation,,,,,Sachin Gupta; Vrinda Kadiyali; Tong Bao,"Two significant phenomena emerge from recent internet development: consumers are influenced by social network; and consumers engage in consumption and production of user-generated content. This dissertation studies social influence and social media. ; In Chapter 1, we study how summer internship employer choices of MBA students at a major university are influenced by the choices made by their fellow students. We develop a simultaneous model of each individual's choice as a function of other students’ choices. Our model of interdependence in decision making is structural and equilibrium-based. Also, the model is general enough to allow both positive and negative effects of average group choices on any individual's decision. The structure of our data enables us to identify endogenous social effects separately from exogenous or correlated effects. Specifically, in our data we see each student making choices about whether or not to apply for each job opening; exogenous and correlated effects do not vary in this sample and therefore endogenous effects are identified. We employ a two-stage procedure to address the endogeneity of choices: we estimate empirical choice probabilities in the first stage, and taste parameters for employer attributes and peer influence in the second stage. Our results show that as expected, students prefer jobs with strong employer attributes (e.g. high salary, large firm size). In addition, students are influenced by their peers’ choices. However, in contrast to previous studies, we find negative (rather than positive) social effects. That is, strong attributes also make an internship employer less attractive, leading to a lower choice probability relative to cases of zero or positive social effects. This negative social effect is consistent with congestion, i.e. students are aware that a good internship will attract the interest of more students, thus lowering the odds of getting it. We find that these negative social effects are stronger for students with more work experience and stronger GMAT scores. While positive social effect leads to concentration of choices, negative social effect helps prevent concentration. ; In chapter 2, we analyze how large content-sharing websites operate for companies like Google and Yahoo. A content website provider needs to understand content users to achieve different objectives. Consumers searching content take sampling probability as given in deciding consumption, and producers are motivated by endorsement. Sampling probability is a key policy instrument. Endorsement may explain why a small number of producers generate most content. Individual behaviors alone cannot explain genesis and persistence of sampling probability and endorsement. Two distinguishing features of content—being free and non-rival preclude application of celebrated market equilibrium theory. We develop a content equilibrium from first principles. Consumer and producer can be compatible, and their interaction gives rise to endogenous sampling probability and endorsement. Inequality arises: higher quality producers always earn more endorsement and produce more content; and higher quality content is easier to find. Content system is optimal for consumer welfare despite inequality. Content system possesses a self-organization property to find equilibrium from other less desired states. We use this framework to show policy conflict may arise due to content firm's multiple identities.",,,,,Social influence; Consumption (economics); Odds; Marketing; Political science; Quality (business); Work experience; Social media; Endogeneity; Social network,,,,,http://dl.acm.org/citation.cfm?id=2395341 https://ecommons.cornell.edu/bitstream/1813/33632/1/tb232.pdf http://ecommons.library.cornell.edu/handle/1813/33632 http://ecommons.cornell.edu/handle/1813/33632,https://ecommons.cornell.edu/bitstream/1813/33632/1/tb232.pdf,,,1769891265,,0,,0,false,,
012-276-943-610-377,Media and Social Media,2019-08-08,2019,book chapter,Navigating Organized Urology,,Springer International Publishing,,Stacy Loeb,"Social media are widely used by medical societies, healthcare providers, patients, and other stakeholders. There are multiple public-facing social networks as well as platforms specific to healthcare professionals and the majority of urologists have a social media account. Social media has many potential benefits for clinical care, research, and education along with potential risks including spread of misinformation and professional misconduct. Urologists should review the professional guidelines on social media prior to use. It is important to maintain an ongoing relationship with your institution’s media department to identify potential opportunities. When contacted by the media to participate in an interview, it is important to respond promptly to these inquiries and remember to use lay language and avoid medical jargon. These relationships are essential for urologists seeking repeated, ongoing media opportunities.",,,115,122,Psychology; Misinformation; Jargon; Institution; Misconduct; Clinical care; Healthcare providers; Health professionals; Public relations; Social media,,,,,https://link.springer.com/chapter/10.1007/978-3-030-20434-1_13,http://dx.doi.org/10.1007/978-3-030-20434-1_13,,10.1007/978-3-030-20434-1_13,2965986271,,0,006-798-349-278-026; 012-512-479-419-449; 012-642-082-894-773; 012-667-443-046-106; 014-616-928-549-716; 015-832-121-350-004; 019-044-146-255-239; 022-490-349-988-051; 029-520-740-844-359; 031-180-419-408-183; 042-543-402-213-055; 049-902-212-921-284; 050-965-235-990-219; 056-672-835-542-654; 071-323-103-873-755; 073-437-975-066-684; 101-210-815-524-743; 112-697-781-604-505,0,false,,
012-466-032-917-949,Social Media,,2015,book chapter,International Encyclopedia of the Social & Behavioral Sciences,,Elsevier,,Bernie Hogan; Joshua Melville,,,,421,425,Social media; Sociology; Computer science; World Wide Web,,,,,,http://dx.doi.org/10.1016/b978-0-08-097086-8.95073-6,,10.1016/b978-0-08-097086-8.95073-6,,,0,016-234-303-814-494; 024-186-665-573-356; 034-984-021-608-647; 048-043-855-832-374; 050-639-387-174-890; 066-896-933-450-732; 140-966-692-007-475,2,false,,
012-562-789-358-288,Social Media,2021-10-01,2021,book chapter,The Jewish Family Ethics Textbook,,The Jewish Publication Society,,,,,,91,119,Social media; Sociology; Computer science; World Wide Web,,,,,,http://dx.doi.org/10.2307/j.ctv1v090gb.9,,10.2307/j.ctv1v090gb.9,,,0,,1,false,,
012-727-609-944-531,Realizing the Power of Social Media in the 21st Century - The Social and Media Aspects,,,book chapter,Realizing the Power of Social Media in the 21st Century,,IGI Global,,Paul Breen,,,,1165,2160,,,,,,,http://dx.doi.org/10.4018/978-1-4666-9593-1.les2,,10.4018/978-1-4666-9593-1.les2,2505258850,,0,,0,false,,
012-788-968-731-406,The SAGE Handbook of Social Media - Social Media and Journalism,,2018,book chapter,The SAGE Handbook of Social Media,,SAGE Publications Ltd,,Alfred Hermida,,,,497,511,Journalism; Sociology; Public relations; Citizen media; Social media; Technical Journalism; Media relations,,,,,https://sk.sagepub.com/reference/the-sage-handbook-of-social-media/,http://dx.doi.org/10.4135/9781473984066.n28,,10.4135/9781473984066.n28,2770492808,,0,,6,false,,
013-063-419-001-994,Social Media,2020-07-16,2020,book chapter,The Media & Communications in Australia,,Routledge,,Jean Burgess; John Banks,"This chapter argues that the emergence of ‘social media’ as an organ-ising concept—a paradigm—for the business, practice and study of the formerly disparate phenomena has occurred for some interconnected reasons. The term ‘social media’ first came to mainstream prominence in the mid-2000s alongside other neologisms like ‘Web 2.0’, ‘blogging’, ‘user generated content’ and ‘social networking sites’, but it has only been since around 2010 that it has come to dominate all others. The reach and breadth of social media’s uses have also given rise to new kinds of media management and communication professions, as well as ancillary businesses like social media marketing and analytics. In new media environments, increasingly difficult questions are arising around the rights and responsibilities of users in relation to those of platform-providers and copyright-holders. Intellectual property law, terms of service agreements and end-user licence agreements provide much of the regulatory frameworks that govern user-created content and social-network platforms.",,,285,289,Social media; Sociology; Computer science; World Wide Web,,,,,,http://dx.doi.org/10.4324/9781003118084-20,,10.4324/9781003118084-20,,,0,,0,false,,
013-206-462-753-425,"Social Media, Social Comment and the Moralising Media-Scape",2021-03-01,2021,book chapter,New Perspectives on Critical Marketing and Consumer Society,,Emerald Publishing Limited,,Lindsey Drylie Carey; Mary Irwin; Jennifer Anne Yule,"This chapter explores food culture in social media. It focuses in particular on the affordances offered by social media platforms to create, develop and negotiate individual digital identities, which mediate personal, social and professional relationships with and investment in food, nurture and wellbeing. It examines the adoption of specific social media platforms for commercial and societal use, as well as the significant impact that the digitally curated food culture identities of influential others such as celebrity chefs, food bloggers, lifestyle gurus and self-styled ‘experts’ can have on their followers. There is, for example, Twitter’s role as a monitor of food choice decisions and a data source for food-related consumer behaviour research, and the use of Instagram by brands and companies in contrast to Facebook’s deployment as a community‑building social media tool where interest groups can share information, views and mutual support. The photogenic, young female lifestyle guru is the object of special scrutiny in which the apparent effortlessness with which they have achieved the self they present and their legitimacy to pronounce on health and nutrition is called into question. Finally, the chapter does not offer comprehensive nor conclusive findings on the experiences and exchanges depicted here which develop an overview of social media food cultures. Rather, it presents a flavour of the complex nexus of issues surrounding engagement with the topic in terms of reflections on society itself and on the role such interactions play in the creation of self-identity.",,,63,72,Sociology; Nexus (standard); Self; Food choice; Consumer behaviour; Scrutiny; Photogenic; Public relations; Legitimacy; Social media,,,,,https://www.research.ed.ac.uk/en/publications/social-media-social-comment-and-the-moralising-media-scape https://www.emerald.com/insight/content/doi/10.1108/978-1-83909-554-220211006/full/html,http://dx.doi.org/10.1108/978-1-83909-554-220211006,,10.1108/978-1-83909-554-220211006,3131110149,,0,005-593-625-648-391; 005-657-301-893-999; 011-208-938-928-46X; 014-159-930-655-71X; 014-520-560-277-030; 015-077-626-723-367; 017-990-209-079-77X; 023-628-969-349-926; 024-549-594-362-147; 026-911-479-134-693; 027-533-804-691-209; 040-572-647-294-404; 041-465-606-519-85X; 044-692-433-023-619; 046-455-052-148-374; 049-959-938-962-672; 051-498-695-431-545; 051-867-828-385-804; 054-396-708-240-476; 057-818-918-062-248; 058-800-315-690-545; 060-894-700-268-043; 063-130-269-921-488; 066-120-422-751-244; 075-393-619-608-492; 099-213-948-944-50X; 102-595-859-401-776; 107-662-499-932-248; 112-465-695-485-738; 116-987-272-091-597; 143-543-052-372-145; 154-578-774-761-934; 161-807-744-995-246,4,true,,green
013-246-763-493-184,Social Media,,2017,book chapter,Rights and Wrongs in Social Work,,Macmillan Education UK,,Mark Doel,,,,158,174,Social media; Sociology; Computer science; World Wide Web,,,,,,http://dx.doi.org/10.1057/978-1-137-44127-0_10,,10.1057/978-1-137-44127-0_10,,,0,,0,false,,
013-706-654-266-219,Social Media Intelligence: Are Social Media Fragmenting the Population?,2014-02-24,2014,book chapter,Social Media Intelligence,,Cambridge University Press,,Wendy W. Moe; David A. Schweidel,,,,89,106,Advertising; Social influence; Opinion leadership; Geography; Influencer marketing; Social shopping; Homophily; Population; Media studies; Social media; Social network,,,,,http://ebooks.cambridge.org/ref/id/CBO9781139381338A015,http://dx.doi.org/10.1017/cbo9781139381338.010,,10.1017/cbo9781139381338.010,2504690618,,0,012-173-094-872-919; 014-824-177-505-515; 025-031-949-186-737; 026-718-551-492-061; 043-098-145-788-803; 059-534-021-405-742; 119-848-490-060-771; 164-233-751-793-174,0,false,,
013-855-025-758-164,Social Media,,2020,book chapter,A User's Guide to Data Protection: Law and Policy,,Bloomsbury Professional,,,,,,,,Social media; Sociology; Computer science; World Wide Web,,,,,,http://dx.doi.org/10.5040/9781526515735.ch-029,,10.5040/9781526515735.ch-029,,,0,,0,false,,
013-939-643-638-029,Social Media,2023-11-07,2023,book chapter,Photography for Architects,,Routledge,,Martine Hamilton Knight,,,,260,283,Social media; Sociology; Computer science; World Wide Web,,,,,,http://dx.doi.org/10.4324/9781003256953-14,,10.4324/9781003256953-14,,,0,,0,false,,
014-050-389-192-315,Social Media,2014-09-07,2014,book,,,,,Acred Cara,,,,,,Sociology; Media studies; Social media,,,,,https://www.amazon.com/Social-Media-Issues-Cara-Acred-ebook/dp/B00NXZ2EN0,https://www.amazon.com/Social-Media-Issues-Cara-Acred-ebook/dp/B00NXZ2EN0,,,3128230145,,0,,0,false,,
014-153-993-319-02X,Ersetzt Social Media den klassischen Kundenservice?: Social Media-CRM,2011-04-08,2011,journal article,Call Center Profi,14330199; 21928673,Springer Fachmedien Wiesbaden GmbH,,Andreas Penkert; Jutta Funk; Alexander Jünger,,14,2,38,41,,,,,,https://link.springer.com/article/10.1365/s35111-011-0021-9,http://dx.doi.org/10.1365/s35111-011-0021-9,,10.1365/s35111-011-0021-9,2315419353,,0,,0,false,,
014-219-845-820-516,Dienstleistungsmanagement und Social Media - Dienstleistungsmanagement und Social Media,,2013,book,,,Springer Fachmedien Wiesbaden,,Manfred Bruhn; Karsten Hadwich,,,,,,,,,,,https://link.springer.com/10.1007/978-3-658-01248-9,http://dx.doi.org/10.1007/978-3-658-01248-9,,10.1007/978-3-658-01248-9,2487463114,,0,,12,false,,
014-251-667-070-205,Social Media,,2014,book chapter,Nontraditional Media in Marketing and Advertising,,"SAGE Publications, Inc.",,Robyn Blakeman,,,,127,152,Social media; Sociology; Computer science; World Wide Web,,,,,,http://dx.doi.org/10.4135/9781506335261.n7,,10.4135/9781506335261.n7,,,0,,0,false,,
014-354-097-973-454,Role of Social Media in Environment Awareness: Social Media and Environment,,2019,book chapter,Advances in Environmental Engineering and Green Technologies,23269162; 23269170,IGI Global,,Veethika Tilwankar; Swapnil Rai; S. P. Bajpai,"<jats:p>In the past few decades, due to ever increasing needs and greed of man, our environmental quality is deteriorating day by day. Global warming, climate change, hurricanes, melting of icebergs, floods, acid rain, and extinction of flora and fauna is all due to environmental disturbance. Environmental issues have become serious health threats to humans. Pollution is the main reason behind many types of cancer, respiratory, and cardiovascular diseases, which sometimes lead to death. Environment conservation has become the priority of every country worldwide. This problem, which we are facing today, is due to lack of environmental awareness among the individuals and lack of knowledge. This problem can be solved if environmental awareness amongst the people could be raised. The advantage of environment awareness is its contribution to public support for government action in environment policy and management. Environmental awareness can be raised with the educational and informative programs. This chapter explores the role of social media in raising environmental awareness. </jats:p>",,,117,139,Business; Public relations; Social media,,,,,https://www.igi-global.com/chapter/role-of-social-media-in-environment-awareness/208913,http://dx.doi.org/10.4018/978-1-5225-5291-8.ch006,,10.4018/978-1-5225-5291-8.ch006,2886397762,,0,011-854-399-312-637; 018-493-992-662-295; 036-024-069-427-276; 047-060-913-714-404; 048-488-569-316-303; 053-950-564-329-875; 057-016-615-642-339; 063-957-720-998-937; 095-650-156-512-995; 104-634-398-491-538; 135-511-466-393-521; 154-401-865-113-891; 184-067-662-593-642,4,false,,
014-455-449-452-365,Social Media,2013-11-26,2013,book chapter,The ABC's of Classroom Management,,Routledge,,Pamela A. Kramer Ertel; Madeline Kovarik,,,,122,122,Social media; Sociology; Computer science; World Wide Web,,,,,,http://dx.doi.org/10.4324/9780203765333-197,,10.4324/9780203765333-197,,,0,,0,false,,
014-460-052-343-642,Social Media and Social Change in Africa,2022-10-15,2022,book chapter,The Palgrave Handbook of Global Social Change,,Springer International Publishing,,Noah Echa Attah; Babayo Sule,,,,1,20,Social media; The Internet; Globe; Gadget; Quarter (Canadian coin); Political science; Media studies; Advertising; Geography; Sociology; Business; World Wide Web; Computer science; Psychology; Neuroscience; Algorithm; Law; Archaeology,,,,,,http://dx.doi.org/10.1007/978-3-030-87624-1_18-1,,10.1007/978-3-030-87624-1_18-1,,,0,004-233-216-905-718; 004-566-248-119-565; 007-897-289-842-659; 012-692-565-183-904; 013-427-731-080-732; 016-778-828-141-486; 031-312-931-328-985; 041-191-572-095-909; 045-742-261-444-482; 070-953-022-450-363; 085-820-392-154-33X; 088-849-414-752-495; 094-952-899-800-135; 095-468-317-868-335; 099-789-181-159-128; 103-761-878-970-103; 129-915-374-795-009; 129-924-366-771-415; 134-827-715-714-66X; 146-429-418-036-294; 149-633-092-089-069; 176-027-950-727-469; 195-874-964-898-169,2,false,,
014-665-794-809-05X,Social Media für KMU - Social Media für KMU,,2016,book,,,Springer Fachmedien Wiesbaden,,Dagmar Mack; Dominic Vilberger,,,,,,,,,,,https://link.springer.com/10.1007/978-3-658-07739-6,http://dx.doi.org/10.1007/978-3-658-07739-6,,10.1007/978-3-658-07739-6,2505779845,,0,,11,false,,
014-795-572-674-351,Social Media and the Politics of Reportage - Social Media and the Politics of Reportage,,2014,book,,,Palgrave Macmillan UK,,Saba Bebawi; Diana Bossio,,,,,,Political science; Social science; Social media; Politics,,,,,https://link.springer.com/10.1057/9781137361400,http://dx.doi.org/10.1057/9781137361400,,10.1057/9781137361400,2481282365,,0,,19,false,,
014-835-441-582-362,HCT CampusGuides. Social Media/Web 2.0. Social Media and Education.,2011-05-11,2011,,,,,,Jane Barnwell,,,,,,Internet privacy; Web 2.0; Political science; Social media,,,,,,,,,493928287,,0,,0,false,,
014-918-170-685-928,Social Media in Asia. - Social Media in Australia,2014-02-01,2014,book,,,,,John Harrison; Sean Rintel; Elizabeth Mitchell,"The vast distances Australians must negotiate to connect their small, highly urbanized population both nationally and internationally have long created the incentive for invention, innovation and the early adoption of communication technologies. Important also in any reflection in relation to Australia’s socio-technological evolution is this country’s location as a modern, developed, predominately western nation perched in the southeast of the Asian landmass. The Australian continent’s seven million square kilometers are geographically, and increasingly economically, politically and culturally, part of Asia. Forty percent of Australians were born overseas and almost one third of overseas-born Australians were born in Asia (Australian Bureau of Statistics, 2013). At the end of 2012, Australia’s population was approaching 23 million with about half that number—12.2 million—Internet subscribers. Broadband subscribers accounted for 98% of subscriptions; the split between private and public (business or government) use was 76% and 24% respectively. After exploring some of the central characteristics and tensions of the social media landscape in Australia, the authors illustrate issues and trends in social media usage in Australia and conclude with a discussion of salient policy issues, including challenges around the evolution of digital infrastructure, media law and copyright.",,,589,627,Square (unit); Government; Negotiation; Geography; Population; Incentive; Economic growth; Social media,,,,,https://www.microsoft.com/en-us/research/wp-content/uploads/2016/02/harrison-rintel-mitchell-2014-SocialMediaAustralia.pdf https://research.microsoft.com/apps/pubs/default.aspx?id=258042 https://www.microsoft.com/en-us/research/publication/social-media-in-australia/,https://research.microsoft.com/apps/pubs/default.aspx?id=258042,,,2473483718,,0,,0,false,,
015-332-016-901-205,Social Media,2010-05-01,2010,report,,,Defense Technical Information Center,,Anne Bautch; Shannon Benash; Ty Dilts; Chris Fripp; Meghan Obermeyer; Stephanie Petersen; Justin Smith,,,,,,Social media; Sociology; Computer science; World Wide Web,Bautch  Anne; Benash  Shannon; Dilts  Ty; Fripp  Chris; Obermeyer  Meghan; Petersen  Stephanie; Smith  Justin 5d. PROJECT NUMBER 5e. TASK NUMBER,,,,,http://dx.doi.org/10.21236/ada571496,,10.21236/ada571496,,,0,,0,false,,
015-384-014-681-901,Social Media in the Classroom - Social Media in the Classroom,2016-01-01,2016,book,,,Peter Lang US,,Hana S. Noor Al-Deen,,,,,,Sociology; Media studies; Social media,,,,,,http://dx.doi.org/10.3726/b10477,,10.3726/b10477,2530925484,,0,,1,false,,
015-613-297-685-086,Social Movements and Media - Social Movements and Media,2017-12-22,2017,book,,,Emerald Publishing Limited,,Jennifer Earl; Deana A. Rohlinger,"This volume focuses on media and social movements. Contributing authors draw on cases as diverse as the Harry Potter Alliance to youth oriented, non-profit educational organizations to systematically assess how media environments, systems, and usage affect collective action in the 21st Century.",14,,,,Social movement; Psychology; Collective action; Alliance; Harry potter; Affect (psychology); Social psychology,,,,,https://www.emeraldinsight.com/doi/book/10.1108/S2050-2060201714 https://books.emeraldinsight.com/page/detail/Social-Movements-and-Media/?k=9781787430983 https://books.emeraldinsight.com/resources/pdfs/chapters/9781787430983-TYPE23-NR2.pdf,http://dx.doi.org/10.1108/s2050-2060201714,,10.1108/s2050-2060201714,2765422656,,0,,2,false,,
015-613-744-919-682,Civic Engagement and Social Media - Civic Engagement and Social Media,,2015,book,,,Palgrave Macmillan UK,,Julie Uldam; Anne Vestergaard,,,,,,Political science; Public engagement; Civic engagement; Media studies; Social media; Social engagement,,,,,http://link.springer.com/10.1057/9781137434166,http://dx.doi.org/10.1057/9781137434166,,10.1057/9781137434166,2482432796,,0,,13,false,,
015-750-088-213-50X,Social media,2022-12-07,2022,book chapter,Advertising Media Planning,,Routledge,,Larry D. Kelley; Kim Bartel Sheehan; Lisa Dobias; David E. Koranda; Donald W. Jugenheimer,,,,204,210,Social media; Sociology; Computer science; World Wide Web,,,,,,http://dx.doi.org/10.4324/9781003258162-30,,10.4324/9781003258162-30,,,0,,0,false,,
015-884-722-967-08X,Social Media and Everyday Life in South Africa - Social media and social movements,2020-11-22,2020,book chapter,Social Media and Everyday Life in South Africa,,Routledge,,Tanja E. Bosch,,,,114,132,Social movement; Political science; Media studies; Social media,,,,,http://dx.doi.org/10.4324/9780429316524-7,http://dx.doi.org/10.4324/9780429316524-7,,10.4324/9780429316524-7,3094192985,,0,114-450-954-024-575,0,false,,
016-019-523-264-517,Tools Of Promotion In Social Networks (Social Media Marketing And Social Media Optimization),,2016,,Annals of marketing-mba,,,,Gasymova Gyulnara,"The article considers the promotion tools in social networks, describes the advantages and disadvantages of SMM-promotion tools, considered rules SMO-promotion.",2,,,,Advertising; Business; Social media marketing; Public relations; Social media optimization; Promotion (rank); Digital marketing,,,,,http://EconPapers.repec.org/RePEc:mmb:journl:articl_v2_3_16,http://EconPapers.repec.org/RePEc:mmb:journl:articl_v2_3_16,,,2588377294,,0,,0,false,,
016-512-097-171-965,Social Media,2019-11-24,2019,book chapter,Online-Marketing-Intelligence,,Springer Fachmedien Wiesbaden,,Dennis Ahrholdt; Goetz Greve; Gregor Hopf,,,,55,144,Humanities; Political science; Art,,,,,,http://dx.doi.org/10.1007/978-3-658-26562-5_4,,10.1007/978-3-658-26562-5_4,,,0,003-035-335-727-973; 006-504-445-683-498; 007-449-711-389-863; 010-667-027-161-233; 011-854-399-312-637; 012-382-773-051-46X; 014-120-422-168-845; 015-147-854-470-059; 015-486-482-920-085; 015-724-310-691-811; 019-669-021-061-246; 021-167-559-137-996; 027-161-034-543-386; 028-022-320-118-504; 028-670-783-532-539; 031-049-198-247-334; 033-309-388-572-745; 035-928-437-240-356; 036-419-801-312-717; 037-291-298-603-838; 039-261-735-614-275; 044-014-743-815-926; 045-537-286-590-678; 045-781-540-711-274; 050-657-814-697-194; 051-618-079-840-015; 052-636-099-938-47X; 053-170-728-461-112; 054-037-501-151-746; 054-308-066-078-282; 055-552-827-909-716; 063-792-334-182-101; 067-493-161-197-676; 069-129-573-227-239; 072-595-721-547-389; 081-953-758-901-584; 082-231-972-797-003; 082-661-178-056-312; 089-340-965-800-494; 090-635-929-714-576; 093-510-038-728-974; 095-741-762-987-759; 098-560-472-811-225; 099-436-197-124-444; 102-083-983-912-021; 103-197-298-529-931; 107-319-471-461-183; 107-869-572-964-552; 110-155-145-890-88X; 110-407-909-758-386; 116-232-085-761-158; 118-189-101-787-676; 122-802-281-156-181; 125-885-939-416-572; 130-197-468-272-26X; 135-699-307-521-677; 138-349-197-767-201; 138-634-742-821-377; 142-290-801-078-826; 149-923-027-115-828; 152-539-580-842-539; 154-333-878-621-455,0,false,,
016-712-229-685-076,The Social Media Journalist Handbook - The Evolution of Social Media in Journalism,2019-05-31,2019,book chapter,The Social Media Journalist Handbook,,Routledge,,Yumi Wilson,,,,18,28,Journalism; Sociology; Media studies; Social media,,,,,http://dx.doi.org/10.4324/9781351002622-3,http://dx.doi.org/10.4324/9781351002622-3,,10.4324/9781351002622-3,2948545247,,0,,0,false,,
016-732-441-814-822,Social Media,,2018,reference entry,"The SAGE Encyclopedia of Surveillance, Security, and Privacy",,"SAGE Publications, Inc.",,Andreas Veglis,,,,,,Social media; Sociology; Computer science; World Wide Web,,,,,,http://dx.doi.org/10.4135/9781483359922.n402,,10.4135/9781483359922.n402,,,0,,0,false,,
016-882-677-420-575,Social Media in Dermatology and an Overview of Popular Social Media Platforms,2021-10-19,2021,journal article,Current dermatology reports,21624933,Springer Science and Business Media LLC,United States,Mindy D. Szeto; Andrina Mamo; Antara Afrin; Michelle Militello; Cara Barber,"Purpose of review Social media provides an accessible and increasingly popular avenue for sharing healthcare information, networking, and outreach in dermatology. We provide an overview of prominent social media platforms, also known as applications or apps, as well as a discussion of their influence and implications for the field. Recent findings The various collaborative features of Facebook, Twitter, Instagram, TikTok, YouTube, Snapchat, and other emerging platforms have proven appealing to organizations and users seeking dermatology-related content and medical advice. However, the potential for propagation of inaccurate or even dangerous information is high. Summary Despite the risks associated with social media usage, dermatology can benefit from opportunities to connect and engage with audiences through these platforms. Dermatologists should be encouraged to increase their presence on multiple social media apps to dispel and counteract misleading posts with evidence-based knowledge.",10,4,1,8,Dermatology; Health care; Medical advice; Field (Bourdieu); Outreach; Social media; Medicine,Facebook; Instagram; Social media applications; TikTok; Twitter; YouTube,,,,https://paperity.org/p/274961655/social-media-in-dermatology-and-an-overview-of-popular-social-media-platforms https://link.springer.com/article/10.1007/s13671-021-00343-4 https://pubmed.ncbi.nlm.nih.gov/34692234/ https://link.springer.com/content/pdf/10.1007/s13671-021-00343-4.pdf https://www.ncbi.nlm.nih.gov/pmc/articles/PMC8525049,http://dx.doi.org/10.1007/s13671-021-00343-4,34692234,10.1007/s13671-021-00343-4,3207012049,PMC8525049,0,000-221-085-018-348; 003-935-607-030-584; 003-939-110-956-89X; 009-279-711-305-352; 012-124-582-082-659; 012-519-956-112-936; 016-178-532-293-131; 017-490-498-659-39X; 017-681-333-681-726; 018-158-073-149-417; 022-742-330-267-666; 023-540-493-949-726; 023-704-229-017-696; 029-176-151-184-655; 031-493-861-874-344; 032-173-340-147-356; 032-259-545-826-077; 042-260-197-385-228; 042-849-573-154-792; 043-559-731-363-68X; 043-981-225-304-015; 049-057-355-429-275; 057-171-976-110-67X; 058-008-518-720-397; 058-773-964-997-802; 065-002-547-382-805; 067-508-091-739-853; 068-237-615-190-967; 071-698-351-550-622; 071-705-894-678-254; 072-518-051-804-104; 073-082-540-323-24X; 073-604-773-277-147; 074-025-834-522-629; 077-021-578-802-111; 088-674-262-223-487; 090-296-280-001-18X; 092-525-826-202-151; 092-766-453-782-866; 098-030-143-279-217; 102-809-027-158-524; 105-116-513-502-391; 107-613-316-303-326; 108-048-925-204-283; 111-108-638-465-843; 113-487-096-946-145,72,true,,green
017-142-849-408-082,LibGuides: Social Media: Social media,2017-07-27,2017,,,,,,Marcelita Castillo,,,,,,Information technology; Sociology; Media studies; Social media,,,,,,,,,3016297455,,0,,0,false,,
017-443-805-228-265,The Media and Modernity: A Social Theory of the Media,,1995,book,,,,,John B. Thompson,Preface. Introduction. 1. Communication and Social Context. 2. The Media and the Development of Modern Societies. 3. The Rise of Mediated Interaction. 4. The Transformation of Visibility. 5. The Globalization of Communication. 6. The Re--mooring of Tradition. 7. Self and Experience in a Mediated World. 8. The Re--invention of Publicness. Notes. Index.,,,,,Social environment; Sociology; Globalization; Modernity; Visibility (geometry); Media studies; Social science; Social theory,,,,,https://dialnet.unirioja.es/servlet/libro?codigo=361864 http://ci.nii.ac.jp/ncid/BA28629407 https://openlibrary.org/books/OL821155M/The_media_and_modernity http://ci.nii.ac.jp/ncid/BA26471221 https://www.goodreads.com/work/editions/721400-the-media-and-modernity-a-social-theory-of-the-media https://www.amazon.com/Media-Modernity-Social-Theory/dp/0804726795,https://dialnet.unirioja.es/servlet/libro?codigo=361864,,,2133148071,,0,,1338,false,,
017-557-869-327-436,Using Social Media to Teach Social Media.,,2008,journal article,New England Journal of Higher Education,19385978,,,Howard Rheingold,,23,1,25,26,The Internet; Sociology; Digital media; Media studies; Public relations; Citizen media; Social media; Mass media; Social media optimization; Media literacy; New media,,,,,https://eric.ed.gov/?id=EJ850702 http://files.eric.ed.gov/fulltext/EJ850702.pdf https://files.eric.ed.gov/fulltext/EJ850702.pdf,https://eric.ed.gov/?id=EJ850702,,,316386948,,0,,18,false,,
017-599-977-332-609,Introduction of Social Media Platforms and Social Media Analytics for Social CRM,,2019,book chapter,Social Entrepreneurship,,IGI Global,,In Lee,"<jats:p>This chapter reviews customer relationship management, social media platforms, and social media analytics, and discusses how social media platforms and social media analytics are used to support social CRM. Social CRM emerged by integrating social media with customer relationship management. Social media offers companies an array of innovative ways to interact with their employees, customers, partners, and other stakeholders. As the user base of social media is growing rapidly, it is crucial for companies to understand their social media platforms, develop a plan to continually integrate social media with CRM, analyze social media data with social media analytics, and quickly respond to the needs of customers. To help CRM managers utilize social media analytics systematically, this chapter discusses various analytics methods and presents analytics processes for social media data. </jats:p>",,,107,123,Internet privacy; Business; Social media analytics; Social CRM; Social media,,,,,https://www.igi-global.com/chapter/introduction-of-social-media-platforms-and-social-media-analytics-for-social-crm/224747,http://dx.doi.org/10.4018/978-1-5225-8182-6.ch006,,10.4018/978-1-5225-8182-6.ch006,2899600512,,0,005-327-397-286-429; 005-884-693-980-505; 008-065-210-453-904; 008-352-003-656-014; 017-549-312-405-038; 021-071-579-349-893; 026-923-630-919-898; 027-716-643-908-930; 030-057-870-760-835; 030-861-607-302-260; 032-360-580-391-140; 036-419-801-312-717; 039-578-444-942-055; 039-647-574-784-485; 041-216-566-003-260; 049-595-078-064-981; 051-891-351-506-911; 058-805-417-766-881; 065-632-539-882-89X; 066-161-756-679-01X; 068-594-712-864-148; 070-297-957-827-362; 070-540-085-134-418; 076-131-586-054-505; 078-992-559-907-346; 080-142-224-521-995; 085-398-142-392-174; 087-800-867-622-147; 091-518-714-385-908; 094-688-375-296-724; 098-726-384-857-319; 100-095-090-598-595; 103-589-851-336-223; 110-334-690-718-237; 115-577-300-840-316; 119-762-316-782-552; 125-769-499-035-961; 126-481-246-292-242; 129-295-395-843-511; 163-580-980-844-430; 164-324-137-680-114; 167-119-771-899-806; 172-479-605-145-099; 180-533-045-857-868,0,false,,
018-438-427-738-961,Social Media im Versicherungswesen - Social-Media-Grundlagen,,2017,book chapter,Social Media im Versicherungswesen,,VVW,,Stefan Jauernig; Germot Heisenberg; Maren Selbst; Silke Wiegand,,,,3,34,,,,,,http://link.springer.com/content/pdf/10.33283/978-3-86298-459-6_2,http://dx.doi.org/10.33283/978-3-86298-459-6_2,,10.33283/978-3-86298-459-6_2,2955602263,,0,,0,false,,
018-652-166-633-21X,How social is your social media? Managing social media marketing in academic libraries,,2017,,,,,,Kingsley T. Ihejirika; Anne Goulding; Philip Calvert,"This paper explores the use of social media in academic libraries for marketing purposes. It is suggested that, to date, academic libraries’ use of social media has focused predominantly on the promotion of library services and resources and that the dialogic potential of social media has not been fully exploited. A review of the LIS literature indicates that although there have been many studies and reports of social media use by libraries, investigations of how libraries can promote engagement with stakeholders through social media are scarce. The paper introduces the Strategic Social Media Marketing Framework (SSMMF) and considers how academic libraries might apply it when considering the management of their social media marketing.",,,,,Sociology; Dialogic; Social media marketing; Library services; Public relations; Social media; Promotion (rank),,,,,http://library.ifla.org/2142/,http://library.ifla.org/2142/,,,2811108940,,0,004-682-190-174-518; 006-014-500-688-725; 009-761-377-544-619; 024-460-020-311-681; 024-973-945-328-868; 025-435-950-081-845; 038-316-482-600-092; 039-261-735-614-275; 042-332-724-903-470; 044-035-286-219-565; 044-689-972-148-712; 044-801-183-402-623; 062-443-721-889-164; 063-718-443-530-421; 073-430-431-862-066; 073-518-750-619-393; 079-710-742-421-342; 081-386-043-631-121; 083-925-625-829-149; 086-309-830-497-403; 093-992-491-027-310; 103-099-727-293-877; 107-820-806-470-057; 107-944-317-368-937; 114-053-493-519-997; 140-569-463-752-034; 145-088-452-015-383; 153-214-046-084-53X; 154-888-063-381-779; 163-582-935-478-549; 166-574-687-644-702; 167-615-503-790-989,1,false,,
019-273-657-734-273,Social Media,,2013,book,Xpert.press,14395428; 25220667,Springer Berlin Heidelberg,,Ralf Leinemann,,,,,,Sociology,,,,,,http://dx.doi.org/10.1007/978-3-642-36476-1,,10.1007/978-3-642-36476-1,,,0,,1,false,,
019-318-308-525-517,Patterns of Deceptive Communication of Social and Religious Issues in Social Media: Representation of Social Issues in Social Media,,2019,book chapter,"Advances in Media, Entertainment, and the Arts",24756814; 24756830,IGI Global,,Poothullil Mathew Martin; Jerry Joseph Onampally,"<jats:p>Deception and religion have evolved over the years. Deception and belief manipulation are aspects of religious communication. The digital space revolves around fake news and indicates that humans are more susceptible than ever to mental manipulation by powerful technological tools. This chapter demonstrates patterns in deceptive narrative usage in a communication of social and religious issues (CSRI) in social media among a religious community in Mumbai. Drawing from deception theory of David Ettingery and Philippe Jehiel, the exploitation by rational players of the fundamental attribution of error (FAE) made by other players, where FAE allows for belief manipulation. The authors propose that an increased presence of social media promotes patterns in CSRI in social media. The analysis depicted patterns in the preference to the use of text visual images, audio-visual, and audio formats when communicating social and religious issues. </jats:p>",,,490,502,Epistemology; Sociology; Representation (systemics); Social media; Social issues,,,,,https://www.igi-global.com/chapter/patterns-of-deceptive-communication-of-social-and-religious-issues-in-social-media/230773,http://dx.doi.org/10.4018/978-1-5225-8535-0.ch026,,10.4018/978-1-5225-8535-0.ch026,2947131378,,0,003-145-859-600-516; 011-854-399-312-637; 011-896-574-436-035; 012-727-227-622-107; 032-331-255-053-006; 062-754-832-800-108; 063-356-812-270-122; 070-753-847-282-249; 093-465-694-988-838; 101-685-233-290-675; 150-085-264-476-032; 170-663-665-385-956; 185-130-983-954-184,1,false,,
019-545-499-513-817,Social Media,2012-03-22,2012,book chapter,Oversharing: Presentations of Self in the Internet Age,,Routledge,,,,,,30,37,Social media; Sociology; Computer science; World Wide Web,,,,,,http://dx.doi.org/10.4324/9780203125090-8,,10.4324/9780203125090-8,,,0,,0,false,,
019-579-241-325-371,Social Media and Social Loneliness,2012-04-22,2012,journal article,Psychology today,00333107,Sussex Publishers Inc,United States,Christian Pirela; Christopher Lane,,,,,,Psychology; Loneliness; Social media; Social psychology,,,,,https://www.scholars.northwestern.edu/en/publications/social-media-and-social-loneliness-psychology-today,https://www.scholars.northwestern.edu/en/publications/social-media-and-social-loneliness-psychology-today,,,2625189132,,0,,0,false,,
019-601-076-519-532,Social Media,2013-04-22,2013,reference entry,Communication,,Oxford University Press,,Homero Gil de Zúñiga; Mark Coddington,"<p>Social Media (SM) research is a relatively new area of academic inquiry; thus, it finds itself in constant flux. Researchers have primarily centered their efforts on learning more about what SM is as a phenomenon. Researchers have also aimed to understand the specific features and characteristics SM users may have, such as their socioeconomic status or the link between individual personality traits and SM use. A growing section of the literature addresses the historic background and definitions of social network sites, as well as the specific features of microblogging (i.e., Twitter) as a media platform. This article also addresses particular differences found in the literature dealing with blogs and citizen journalism, SM and various communication theories, and finally SM and its relationship with modern democracies. Overall, there is a paucity of SM literature explaining all its potential and plausible effects. Nevertheless, the proportion of papers published revolving around these issues in the last few years is a fair reflection of their growing importance, as it indicates how well received this type of research has been among academics from different disciplines. Likewise, the growth of literature in this area should be expected to remain steady for quite some time. SM has emerged as a prolific and important area of research that affects many aspects of citizens’ daily lives, ranging from citizen-to-citizen communication to the ways people consume products and information and to larger media effects over citizens (i.e., political and civic behaviors).</p>",,,,,Social media; Microblogging; Politics; Public relations; Phenomenon; Journalism; Sociology; Media studies; Social science; Political science; Psychology; Epistemology; Law; Philosophy,,,,,,http://dx.doi.org/10.1093/obo/9780199756841-0105,,10.1093/obo/9780199756841-0105,,,0,,1,true,cc-by-nc-nd,gold
019-989-563-739-624,The SAGE Handbook of Social Media - A Computational Analysis of Social Media Scholarship,,2018,book chapter,The SAGE Handbook of Social Media,,SAGE Publications Ltd,,Jeremy Foote; Aaron Shaw; Benjamin Mako Hill,,,,111,134,Political science; Scholarship; Media studies; Computational analysis; Social science; Social media,,,,,,http://dx.doi.org/10.4135/9781473984066.n7,,10.4135/9781473984066.n7,2769160554,,0,,16,false,,
020-031-019-475-346,Social Media and Social Change,,2018,book chapter,Social Media Marketing,,IGI Global,,Lauri Goldkind; John G. McNutt,"<jats:p>Technological advances in communications tools, the Internet, and the advent of social media have changed the ways in which nonprofit organizations engage with their various constituents. Nonprofits now have a constellation of tools including: interactive social media sites, mobile applications (apps), Websites, and mash-ups that allow them to create a comprehensive system for mobilizing supports to advocate for changing public policies. From Facebook to Twitter and from YouTube to Pinterest, communicating to many via words and images has never been easier. The authors explore the history of nonprofit advocacy and organizing, describe the social media and technology tools available for moving advocacy goals forward, and conclude with some possible challenges that organizations considering these tools could face. </jats:p>",,,1414,1431,Social media; Public relations; The Internet; Face (sociological concept); Internet privacy; Political science; Sociology; World Wide Web; Computer science; Social science,,,,,,http://dx.doi.org/10.4018/978-1-5225-5637-4.ch065,,10.4018/978-1-5225-5637-4.ch065,,,0,003-907-444-664-25X; 011-854-399-312-637; 013-222-557-379-632; 015-885-658-844-070; 017-355-901-975-631; 023-908-499-276-959; 024-333-789-579-773; 025-529-418-280-941; 029-556-725-555-991; 035-004-714-066-879; 039-060-474-052-081; 044-720-803-880-69X; 062-023-595-341-948; 063-780-089-607-488; 075-425-759-877-444; 089-509-904-091-98X; 097-625-707-616-714; 107-239-095-426-244; 120-210-573-920-020; 151-297-123-875-524; 165-373-742-244-844,1,false,,
020-083-782-994-662,Social Media for NursesSocial Media for Nurses,,2013,journal article,Nursing Management,13545760; 20478976,RCN Publishing Ltd.,United Kingdom,Gemma Finnegan,,20,4,10,10,Sociology; Media studies; Social media,,,,,http://rcnpublishing.com/doi/abs/10.7748/nm2013.07.20.4.10.s14,http://dx.doi.org/10.7748/nm2013.07.20.4.10.s14,,10.7748/nm2013.07.20.4.10.s14,2317702734,,0,,0,false,,
020-438-810-085-993,Research Guides: Social Media: Find Articles about Social Media,2019-06-17,2019,libguide,,,,,Laurie Robb,,,,,,Sociology; Media studies; Social media,,,,,https://libguides.rccc.edu/social/articles,https://libguides.rccc.edu/social/articles,,,3017914244,,0,,0,false,,
020-676-282-459-86X,Social media,,2023,report,,,Royal Geographical Society (with IBG),,,,,,,,Social media; Sociology; Computer science; World Wide Web,,,,,,http://dx.doi.org/10.55203/ppck7896,,10.55203/ppck7896,,,0,,0,false,,
020-699-824-260-639,Managing Social Media in Libraries - Managing Social Media in Libraries,,2012,book,,,Chandos Publishing,,Troy A Swanson,,,,,,Sociology; Public relations; Social media,,,,,https://www.sciencedirect.com/science/book/9781843347118,http://dx.doi.org/10.1533/9781780633770,,10.1533/9781780633770,2489654867,,0,,6,false,,
020-974-990-718-661,War of the Worlds to Social Media - War of the Worlds to Social Media,2013-01-01,2013,book,,,Peter Lang US,,Joy Elizabeth Hayes; Kathleen Battles; Wendy Hilton-Morrow; Adam Rugg,,,,,,Gender studies; Sociology; Social media,,,,,https://digitalcommons.fairfield.edu/communications-books/19/ https://works.bepress.com/adam-rugg/2/,http://dx.doi.org/10.3726/978-1-4539-1180-8,,10.3726/978-1-4539-1180-8,2567249396,,0,010-378-904-125-242; 010-509-568-329-373; 015-390-774-939-646; 043-709-387-795-985; 057-793-122-601-543; 061-759-681-799-088; 063-786-326-824-783; 075-569-590-492-938; 080-222-997-680-656; 092-107-574-795-680; 114-757-220-680-991; 120-041-366-545-323; 120-366-388-405-861; 125-182-607-944-407; 170-301-563-899-157; 196-360-505-098-400,4,false,,
021-350-587-539-840,Social Media Communication - Social Media Ethics,2020-05-27,2020,book chapter,Social Media Communication,,Routledge,,Jeremy Harris Lipschultz,,,,263,287,Sociology; Media studies; Social media,,,,,http://dx.doi.org/10.4324/9780429202834-10,http://dx.doi.org/10.4324/9780429202834-10,,10.4324/9780429202834-10,3028662066,,0,,0,false,,
021-468-763-749-630,Social Media: Hur påverkas turisten av social media?,,2015,,,,,,Irma Kadrić; Eva Kha; Sandra Mämmi,Syftet med denna studie ar att undersoka hur turistens beslut paverkas av TripAdvisor som ar en form av social media. Slutresultatet blev en beskrivning av TripAdvisors paverkan vid resa for ...,,,,,Sociology; Business administration,,,,,http://www.diva-portal.org/smash/record.jsf?pid=diva2:896020,http://www.diva-portal.org/smash/record.jsf?pid=diva2:896020,,,2726320491,,0,,0,false,,
021-503-827-568-435,Session details: Social media: Social media - business or pleasure?,2011-09-28,2011,conference proceedings article,Proceedings of the 15th International Academic MindTrek Conference: Envisioning Future Media Environments,,ACM,,Heljä Franssila,,,,,,,,,,,,http://dx.doi.org/10.1145/3250566,,10.1145/3250566,,,0,,0,false,,
021-723-823-505-888,Social Media,2020-10-19,2020,journal article,Theology Cataloging Bulletin,15488497; 15488489,American Theological Library Association,,Anna Appleman,,28,4,16,16,Social media; Sociology; Computer science; World Wide Web,,,,,,http://dx.doi.org/10.31046/tcbv28no4_1909,,10.31046/tcbv28no4_1909,,,0,,0,true,cc-by-nc,gold
021-747-602-086-030,"Personalization, gender, and social media: gubernatorial candidates’ social media strategies",2016-03-29,2016,journal article,"Information, Communication & Society",1369118x; 14684462,Informa UK Limited,United Kingdom,Shannon C. McGregor; Regina G. Lawrence; Arielle Cardona,"ABSTRACTThis study focuses on the ‘self-personalization’ of campaign politics, marked by candidates highlighting their personal lives over their policy positions. The rise of social media may be accelerating this shift. Applying Strategic Stereotype Theory [Fridkin, K. L., & Kenney, P. J. (2014). The changing face of representation: The gender of U.S. senators and constituent communications. Ann Arbor: University of Michigan Press.], which holds that women politicians try to deactivate stereotypes that associate men with agentic leadership traits while capitalizing on stereotypes that associate them with warmth, we assess what role gender plays in candidate self-personalization on social media. A large-scale computerized content analysis of social media posts by gubernatorial candidates in 2014 suggests that male candidates may see more and female candidates see less strategic benefits in personalizing, but this effect does not persist in the face of electoral contextual variables like competitiveness. We...",20,2,264,283,Sociology; Content analysis; Personalization; Representation (politics); Stereotype; Face (sociological concept); Social media; Social psychology; Political communication; Politics,,,,,https://www.tandfonline.com/doi/full/10.1080/1369118X.2016.1167228 https://www.tandfonline.com/doi/citedby/10.1080/1369118X.2016.1167228,http://dx.doi.org/10.1080/1369118x.2016.1167228,,10.1080/1369118x.2016.1167228,2327057388,,0,000-331-764-559-274; 002-346-200-522-892; 004-213-635-342-181; 007-382-281-940-593; 010-406-702-139-836; 011-106-751-467-651; 012-386-056-317-622; 015-364-552-778-083; 015-763-551-578-408; 016-910-218-284-864; 019-295-300-024-364; 019-738-139-092-749; 026-564-617-192-717; 031-938-007-040-307; 032-492-666-781-056; 035-488-592-600-458; 036-437-963-052-54X; 036-532-601-937-16X; 048-470-365-681-020; 048-645-419-219-088; 049-942-215-122-548; 057-258-043-171-640; 058-044-905-945-113; 061-321-472-662-791; 065-367-734-139-976; 069-877-190-107-348; 072-298-164-065-051; 074-461-677-997-217; 075-998-992-581-39X; 077-772-362-320-807; 084-234-537-653-220; 084-282-370-120-647; 085-172-158-498-115; 088-283-532-456-873; 091-357-808-233-708; 092-961-996-177-834; 097-219-184-742-178; 097-862-629-289-293; 098-558-527-996-093; 099-406-458-689-13X; 114-445-318-092-829; 118-009-465-236-890; 118-269-680-986-505; 118-735-347-183-990; 126-221-820-391-51X; 133-307-897-987-582; 134-921-484-927-430; 135-624-614-101-983; 154-842-752-594-629; 158-253-470-649-310; 164-233-751-793-174; 168-153-361-125-58X; 171-199-217-401-932; 180-117-786-944-210; 181-502-141-857-096; 185-152-876-245-865,156,false,,
022-146-742-065-664,Social Media,,2025,book,,,Nomos Verlagsgesellschaft mbH & Co. KG,,Stefan 1987- Stumpp; Daniel 1976- Michelis; Thomas 1959- Schildhauer; Nomos Verlagsgesellschaft,"<p>;                     The handbook in its 5th, comprehensively updated and expanded edition, accompanies long-term developments in the constantly changing social media sector and explains fundamental interrelationships. It describes a strategy model for developing your own solutions, summarises theories, methods and models and shows their practical application. In addition, current trends and players such as virtual and corporate influencers are considered. The use of social media for sustainability as well as the emergence of new platforms such as TikTok and BeReal and the associated opportunities and risks for young people are also discussed. New in this edition are questions of digital responsibility for companies, new work and social collaboration.;                     <bold>With contributions by</bold>;                     Nico Behrens | Johanna Maria Boos | Andrea Braun | Sven Drews | Franziska Geue | Anna Hansch | Katharina Antonia Heder | Jessé Höhne | Ines Holstein | Lukas Horn | Jessica Huth | Monika Ilves | Lisa Kammholz | Jonas Kelch | Tobias Knopf | Josefine Koch | Theresa Maßdorf | Daniel Michelis | Lea Neumann | Doreén Pick | Anna Riedel | Hannah Leah Rödiger | Michael Sarbacher | Franziska Scharfe | Thomas Schildhauer | Marie Schneeweiß | Max Senges | Stefan Stumpp | Julia Weißhaupt | Norman Wiebach | Stephanie Winkler | Christian Wissing;                   </p>",,,,,,,,,,,http://dx.doi.org/10.5771/9783748950943,,10.5771/9783748950943,,,0,,1,false,,
022-226-779-331-380,Social Work and Social Media: An Introduction to Applying Social Work Principles to Social Media,2014-02-19,2014,journal article,Social Work Education,02615479; 14701227,Informa UK Limited,United Kingdom,Joanne Louise Westwood,"An ‘app’ is a software application which can be downloaded to a mobile device, such as a smart phone or tablet. The Social Work and Social Media App is an online interactive learning tool which pre...",33,4,551,553,Social relation; World Wide Web; Sociology; Social work; Social change; Public relations; Social media; Social philosophy; Social computing; Social network; Social engagement,,,,,https://www.tandfonline.com/doi/abs/10.1080/02615479.2014.884325 https://clok.uclan.ac.uk/10066/ https://dspace.stir.ac.uk/handle/1893/21119?mode=full,http://dx.doi.org/10.1080/02615479.2014.884325,,10.1080/02615479.2014.884325,1974338488,,0,,7,false,,
022-554-417-947-455,News in Social media. Social media: the newspaper of the future,2015-09-09,2015,,,,,,Andreas Forsner,,,,,,Advertising; Mass communication; Political science; Newspaper; Media; Social media; News media; Media relations,,,,,https://gupea.ub.gu.se/bitstream/2077/40555/1/gupea_2077_40555_1.pdf https://gupea.ub.gu.se/handle/2077/40555,https://gupea.ub.gu.se/handle/2077/40555,,,2177270846,,0,003-667-854-260-426; 011-854-399-312-637; 012-681-015-351-279; 017-236-907-995-404; 023-080-778-573-297; 025-505-761-701-639; 029-251-787-314-790; 029-310-211-233-741; 032-183-153-708-065; 041-494-660-155-885; 041-637-872-102-334; 046-841-674-135-16X; 047-652-458-101-444; 048-380-595-851-436; 057-075-336-737-415; 062-640-871-481-917; 064-563-590-639-550; 074-071-403-041-003; 081-503-783-672-21X; 084-586-238-424-232; 085-362-963-413-513; 093-992-491-027-310; 099-014-284-546-688; 101-321-525-351-911; 101-950-895-634-187; 110-378-472-333-448; 121-084-427-175-490; 127-392-922-616-911; 129-004-701-567-533; 149-451-928-538-681; 155-468-830-346-831; 155-835-138-088-655; 159-048-237-284-777; 167-378-295-360-848; 174-974-593-491-453; 181-306-341-559-589; 194-080-341-445-808,0,false,,
022-856-241-505-795,The Future of Search and Social Media: SEO and Social Media Integration,,2011,,,,,,Camille Canon,,,,,,Organic search; Sociology; Public relations; Social media; Social media optimization,,,,,,,,,926117491,,0,,0,false,,
023-019-679-199-460,Session details: Social media: Social media - business or pleasure?,2011-09-28,2011,,,,,,Heljä Franssila,,,,,,Psychology; Pleasure; Session (computer science); Media studies; Social media,,,,,https://dl.acm.org/doi/10.1145/3250566,https://dl.acm.org/doi/10.1145/3250566,,,3137657672,,0,,0,false,,
023-096-859-791-911,Social Media,2021-04-06,2021,book chapter,Fit for Future,27306941; 2730695x,Springer Fachmedien Wiesbaden,,Carsten Lexa,,,,75,77,Social media; Sociology; Political science; Media studies; Humanities; Management; Art; Law; Economics,,,,,,http://dx.doi.org/10.1007/978-3-658-33073-6_18,,10.1007/978-3-658-33073-6_18,,,0,,1,false,,
023-269-242-895-14X,FX Media(Campus Social Media),2021-05-31,2021,journal article,International Journal on Cybernetics & Informatics,2277548x,Academy and Industry Research Collaboration Center (AIRCC),,null Robin; P.Sahaya Jenitha; null Santhosh,"<jats:p>In recent years, social networking system has become one of the most popular Internet applications and has a large number of users. Although the public social networking systems have meet the interpersonal communication demand of people, there is inadequate support for the closely combination of user’s learning, working and cultural life on campus with their real activity. Therefore, the paper design and realized a new campus social networking system for users, which is tightly integrated with the reality environment of campus and users’ real activity. It will not only achieve the basic communication function but also provide a unified platform for the teaching, researching, management and many other aspects of cultural life to teachers and students in campus. It is also an effective support for the information construction of university.</jats:p>",10,2,129,136,Sociology; Media studies; Social media,,,,,http://dx.doi.org/10.5121/ijci.2021.100215,http://dx.doi.org/10.5121/ijci.2021.100215,,10.5121/ijci.2021.100215,3183338780,,0,,0,true,,gold
023-271-176-787-96X,Social Media,2013-05-13,2013,other,The Portable Lawyer for Mental Health Professionals,,Wiley,,,,,,351,356,Social media; Computer science; World Wide Web,,,,,,http://dx.doi.org/10.1002/9781394260621.ch38,,10.1002/9781394260621.ch38,,,0,,0,false,,
023-558-967-143-35X,Contribution of Social Media Addiction on Intention to Buy in Social Media Sites,2024-02-01,2024,journal article,Digital,26736470,MDPI AG,,Ângela Leite; Anabela Rodrigues; Ana Margarida Ribeiro; Sílvia Lopes,"<jats:p>The aim of this study is to assess whether social media addiction contributes to the intention to buy; it is based on the model of Hajli (2014) that assesses the relationships between the constructs of social media use, trust, perceived usefulness, and intention to buy in social media sites. To this end, a confirmatory factor analysis was carried out to evaluate whether the Hajli model applied to this sample, as well as multigroup CFA to measure invariance across gender and across following influencers or not. Finally, the path analysis evaluates the intersection of social media addiction with the Hajli model (2014). The results confirmed the Hajli model as well as the inclusion in the model of social media addiction as a variable that contributes to purchase intention on social media. Configural, metric, and scalar invariance were found across genders and across the following influencers or not. Also, the values found for internal consistency and composite reliability, convergent reliability, and discriminant reliability were within the reference values.</jats:p>",4,1,169,181,Social media; Addiction; Psychology; Advertising; Business; Computer science; World Wide Web; Neuroscience,,,,Multidisciplinary Digital Publishing Institute,https://www.mdpi.com/2673-6470/4/1/8/pdf?version=1706774843 https://doi.org/10.3390/digital4010008,http://dx.doi.org/10.3390/digital4010008,,10.3390/digital4010008,,,0,004-034-757-162-257; 005-577-201-077-572; 006-059-360-562-707; 006-118-215-870-081; 007-871-971-816-386; 009-816-326-438-109; 013-357-509-825-069; 018-539-318-836-389; 020-220-194-635-338; 022-699-986-547-643; 026-140-151-946-943; 027-609-446-668-655; 027-618-710-490-142; 028-854-778-095-916; 029-234-926-040-343; 033-083-488-516-629; 035-928-707-477-549; 039-021-769-528-153; 039-501-721-489-362; 041-320-596-911-825; 041-688-625-944-307; 044-333-353-107-121; 044-627-838-749-054; 049-971-305-922-509; 055-752-277-131-861; 060-518-247-764-786; 066-834-407-969-290; 068-112-118-640-649; 069-577-057-558-014; 073-897-540-703-370; 077-930-616-453-628; 080-037-206-967-171; 083-422-381-416-844; 087-887-838-759-368; 094-947-783-350-375; 095-541-993-124-17X; 098-425-629-849-351; 103-779-214-519-85X; 109-147-540-838-744; 110-975-644-902-56X; 131-960-279-821-875; 139-217-888-134-94X; 152-992-058-977-049; 153-962-812-256-251; 156-960-480-083-787; 159-214-587-475-259; 165-556-936-430-110; 172-846-786-793-803; 176-922-612-073-109; 187-891-754-693-549,4,true,cc-by,gold
023-616-299-677-438,Social Media,,2020,book chapter,Sustainable Business,,IGI Global,,N. Raghavendra Rao,"<jats:p>Rapid changes are taking place in global business scenario. It has become a necessity for enterprises to adapt to these changes. Social media facilitates business enterprises to make use of the opportunities in the global market. Social media has become an important source of information for the stakeholders of business enterprises. Structured, semi-structured, and unstructured data from social media provide a good scope for developing business models for enterprises. This chapter mainly talks about developing the conceptual business models in the sectors such as automobiles, textiles and software developing companies. Further, this chapter explains making use of the concepts such as virtual reality, multimedia and cloud computing with the data from social media in developing conceptual business models. </jats:p>",,,872,880,Scope (computer science); Social media; Business model; Cloud computing; Knowledge management; Business; Conceptual model; Conceptual framework; Computer science; Marketing; World Wide Web; Sociology; Operating system; Programming language; Social science; Database,,,,,,http://dx.doi.org/10.4018/978-1-5225-9615-8.ch039,,10.4018/978-1-5225-9615-8.ch039,,,0,,0,false,,
023-772-443-611-711,Social Media,2023-09-03,2023,book chapter,Digitale Seelsorge,,Vandenhoeck & Ruprecht,,,,,,156,163,Download; Social media; Cover (algebra); World Wide Web; Computer science; Internet privacy; Engineering; Mechanical engineering,,,,,,http://dx.doi.org/10.13109/9783666600180.156,,10.13109/9783666600180.156,,,0,,0,false,,
024-026-953-751-580,Social Media in Social Work Education,2014-10-29,2014,journal article,British Journal of Social Work,00453102; 1468263x,Oxford University Press (OUP),United Kingdom,Liz Beddoe,,44,8,2459,2460,Social environment; Social relation; Social position; Sociology; Social change; Social competence; Socioeconomics; Social philosophy; Social transformation; Social psychology; Social engagement,,,,,https://academic.oup.com/bjsw/article/44/8/2459/2864863 http://bjsw.oxfordjournals.org/content/44/8/2459.extract https://core.ac.uk/display/159993047 http://academic.oup.com/bjsw/article-abstract/44/8/2459/2864863 https://core.ac.uk/download/159993047.pdf,http://dx.doi.org/10.1093/bjsw/bcu123,,10.1093/bjsw/bcu123,2165508704,,0,090-035-564-586-41X; 128-669-724-438-187; 161-904-424-857-893,0,true,,green
024-120-472-779-188,Erfolgreiches Social Media Marketing - Erfolgreiches Social Media Marketing,,2013,book,,,Springer Fachmedien Wiesbaden,,Michael Ceyp; Juhn-Petter Scupin,,,,,,,,,,,https://link.springer.com/10.1007/978-3-658-00035-6,http://dx.doi.org/10.1007/978-3-658-00035-6,,10.1007/978-3-658-00035-6,2488305453,,0,,18,false,,
024-422-759-895-585,How Social are Social Media? On the Communication Culture of Contributors in Knowledge Oriented Social Media,2014-01-01,2014,book chapter,From Communication Landscapes to Bullying Battlegrounds,,BRILL,,Anabel Ternès; Nidal Beuttel,,,,35,49,Sociology; Media studies; Social media,,,,,https://brill.com/view/book/edcoll/9781848882805/BP000005.xml?language=en,http://dx.doi.org/10.1163/9781848882805_005,,10.1163/9781848882805_005,2939429476,,0,,0,false,,
024-558-641-933-278,Social Media Retrieval - Social Media Recommendation,2012-10-13,2012,book,Computer Communications and Networks,16177975,Springer London,,Zhi Wang; Wenwu Zhu; Peng Cui; Lifeng Sun; Shiqiang Yang,"Social media recommendation is foreseen to be one of the most important services to recommend personalized contents to users in online social network. It imposes great challenge due to the dynamical behavior of users and the large-scale volumes of contents generated by the users. In this chapter, we first present the principal concept of social media recommendation. Then we present the framework of social media recommendation, with a focus on two important types of recommendations: interest-oriented social media recommendation and influence-oriented social media recommendation. For each case, we present the design of the recommendation that takes both social property and content property into account, such as user relations, content similarities, and propagation patterns. Furthermore, we present theoretical results and observations on the social media recommendation approaches.",,,23,42,Internet privacy; Principal (computer security); Property (philosophy); Focus (computing); Computer science; Social media; Social network,,,,,https://link.springer.com/chapter/10.1007%2F978-1-4471-4555-4_2 https://dblp.uni-trier.de/db/series/ccn/RZLCH2013.html#Wang0CSY13 https://rd.springer.com/chapter/10.1007/978-1-4471-4555-4_2 http://dblp.uni-trier.de/db/series/ccn/RZLCH2013.html#Wang0CSY13 https://link.springer.com/chapter/10.1007/978-1-4471-4555-4_2/fulltext.html,http://dx.doi.org/10.1007/978-1-4471-4555-4_2,,10.1007/978-1-4471-4555-4_2,200006786,,0,001-658-195-877-539; 002-999-955-553-994; 003-796-881-855-346; 004-272-658-900-30X; 004-682-225-354-448; 006-225-319-936-974; 006-369-072-945-600; 007-195-664-675-674; 007-227-429-611-041; 013-163-398-322-032; 017-851-510-491-288; 018-550-403-684-524; 018-631-803-432-902; 026-013-708-245-182; 028-850-248-202-616; 034-060-854-796-347; 035-204-978-880-643; 036-541-902-539-59X; 041-352-614-443-882; 041-621-834-208-49X; 045-489-420-357-735; 047-281-647-797-751; 049-855-171-449-454; 053-020-169-364-397; 060-645-223-997-157; 065-791-533-617-241; 070-670-798-218-609; 071-597-662-797-638; 080-159-437-633-318; 082-274-054-270-018; 084-228-654-559-988; 090-801-707-614-538; 092-249-529-837-814; 099-292-161-810-493; 105-815-075-062-738; 110-652-188-660-133; 120-687-840-810-730; 137-674-148-832-057; 146-667-796-849-19X; 159-623-688-672-160; 164-733-974-341-205; 174-111-924-091-873; 180-373-229-924-527,23,false,,
024-917-764-777-086,Social Media,2018-06-12,2018,book chapter,Handbook of College Reading and Study Strategy Research,,Routledge,,Barbara J. Guzzetti; Leslie M. Foley,"This chapter provides a discussion of the changing nature of literacy for millennial youth enrolled in college classes, particularly in relation to their take up of social media. It defines and elaborates the construct of literacy in a digital age and presents the recent research on college students' needs and abilities in relation to digital media for social networking that mostly focuses on writing or producing texts rather than simply reading or consuming them. &quot;Digital&quot; is the most recent descriptor used in higher education to refer to new information and communication media, including social media. Reframing literacy instruction to include participatory spaces of social media will be important in capturing the potential of these sites for appropriate 21st-century pedagogies. Developmental literacy students will also need to refocus their writing skills and abilities.",,,74,86,Social media; Sociology; Computer science; World Wide Web,,,,,,http://dx.doi.org/10.4324/9781315629810-6,,10.4324/9781315629810-6,,,0,,2,false,,
025-116-357-339-659,Strategic Social Media: From Marketing to Social Change - Understanding Social Media and Social Behavior Change,2016-10-28,2016,book,Strategic Social Media,,Wiley,,L. Meghan Mahoney; Tang Tang,,,,5,22,Human behavior; Behavior change; Sociology; Social change; Social competence; Social media; Social transformation; Social psychology; Social learning,,,,,http://onlinelibrary.wiley.com/doi/10.1002/9781119370680.ch1/summary,http://dx.doi.org/10.1002/9781119370680.ch1,,10.1002/9781119370680.ch1,2542100872,,0,005-628-669-515-774; 010-423-042-177-734; 011-854-399-312-637; 020-300-735-381-036; 035-305-126-793-833; 044-064-391-599-013; 060-717-985-452-903; 063-710-813-914-54X; 068-399-645-148-85X; 080-142-224-521-995; 087-460-715-073-670; 092-511-642-644-37X; 102-875-390-614-489,0,false,,
025-297-121-635-051,Social Media and Strategie Communications - Social Media and Strategie Communications,,2013,book,,,Palgrave Macmillan UK,,Hana S. Noor Al-Deen; John Allen Hendricks,,,,,,Sociology; Media studies; Social media; Telecommunications,,,,,http://link.springer.com/10.1057/9781137287052,http://dx.doi.org/10.1057/9781137287052,,10.1057/9781137287052,2502766136,,0,,6,false,,
025-309-155-593-30X,Social Media,2023-07-27,2023,book chapter,Business Guide for Strategic Management,,Springer Fachmedien Wiesbaden,,Alfred-Joachim Hermanni,,,,291,300,Social media; The Internet; Sociology; Psychology; Computer science; World Wide Web,,,,,,http://dx.doi.org/10.1007/978-3-658-41367-5_42,,10.1007/978-3-658-41367-5_42,,,0,,0,false,,
025-697-267-587-323,Digital Identity and Social Media - Digital Identity and Social Media,2012-07-31,2012,book,,,IGI Global,,Steven Warburton; Stylianos Hatzipanagos,"Electronic information about the individual is derived from what we say about ourselves, shaped by commentary from others and extended through electronic exchanges with both human and computer based intelligent agents.Digital Identity and Social Media will examine the impact of social media and distributed social spaces on our contemporary understandings of digital identity. This book will benefit researchers, practitioners, the wider educational community across all sectors, educational technologists, and individuals who are interested in how social media and emerging technologies will impact formal education and the social implications that surround the reformulation and fluidity of virtual communities. In addition, professionals and researchers working in the field of information and communication technologies and knowledge management in various disciplines will find this title to be an invaluable resource.",,,332,332,Political science; Emerging technologies; Identity (social science); Digital identity; Field (Bourdieu); Computer based; Public relations; Social media; Resource (project management); Information and Communications Technology,,,,,https://philpapers.org/rec/WARDIA-3,http://dx.doi.org/10.4018/978-1-4666-1915-9,,10.4018/978-1-4666-1915-9,2482563642,,0,,35,false,,
025-747-923-539-315,Media Relations in the Social Media Age,2020-09-23,2020,book chapter,The Public Relations Handbook,,Routledge,,Philip Young,"This chapter examines one of the most visible manifestations of public relations activity. It looks at some of the cultural conventions of journalism and their implications for organisational communication, setting this in the context of a rapidly evolving media landscape.",,,211,225,Social media; Sociology; Psychology; Computer science; World Wide Web,,,,,,http://dx.doi.org/10.4324/9780429298578-15,,10.4324/9780429298578-15,,,0,,1,false,,
026-241-962-885-606,Social Movement Media and Media Activism,2018-05-24,2018,reference entry,Oxford Research Encyclopedia of Communication,,Oxford University Press,,John D. H. Downing,"<p>Social movements are the matrix of many forms and formats (technologies, genres) of media that contest dominant power. Such media are in many ways the lifeblood of such movements. Media activism denotes collective communication practices that challenge the status quo, including established media. Frequently, such media are underfunded or unfunded and have a much shorter life cycle than capitalist, state, or religiously funded media. They are a “tribe” within a much larger continent of <italic>nanomedia</italic> (also called <italic>alternative media</italic> and <italic>citizens’ media</italic>). Their functions may spill over at times within the operation of established media, especially in times of social turbulence and crisis.</p>;                <p>The “dominant power” in question may be quite variously perceived. Extreme-right populist movements, as in several European countries, may define the political establishment as having betrayed the supposed racial purity of the nation, or in the case of India’s Islamophobic Hindutva movement, as having traduced the nation’s religious purity. Labor movements may attack capital, feminist movements, or patriarchal and sexist structures. Sometimes these movements may be local, or regional; other times, they are transnational.</p>;                <p>The impact of these media is still a matter of considerable debate. Often, the debate begins from a false premise—namely, the frequently small size and/or duration of many social movement media projects. Yet women’s right to vote and the abolition of slavery in the Americas were not won overnight, and neither was the dismantling of South Africa’s racist apartheid system. The Hindutva movement goes back over a century. We should not hold social movement media to a higher standard of impact, any more than we should ascribe instantaneous power to established media.</p>;                <p>Social movements wax and wane, and so do their media projects. But the persistence of some such media activism between the peaks of movement activism is generally essential to the regeneration of social movements.</p>",,,,,Social movement; Sociology; Independent media; Media activism; Media studies; Community media; Citizen media; Alternative media,,,,,https://communication.oxfordre.com/view/10.1093/acrefore/9780190228613.001.0001/acrefore-9780190228613-e-574 https://oxfordre.com/communication/view/10.1093/acrefore/9780190228613.001.0001/acrefore-9780190228613-e-574,http://dx.doi.org/10.1093/acrefore/9780190228613.013.574,,10.1093/acrefore/9780190228613.013.574,2809789679,,0,,4,false,,
026-417-634-205-559,Pragmatics of Social Media - Pragmatics of Social Media,2017-09-11,2017,book,,,De Gruyter,,Christian R. Hoffmann; Wolfram Bublitz,"Where a licence is displayed above, please note the terms and conditions of the licence govern your use of this document. When citing, please reference the published version. Take down policy While the University of Birmingham exercises care and attention in making items available there are rare occasions when an item has been uploaded in error or has been deemed to be commercially or otherwise sensitive.",,,,,Pragmatics; Sociology; Linguistics; Social media,,,,,,http://dx.doi.org/10.1515/9783110431070,,10.1515/9783110431070,3149445559,,0,,68,true,,green
026-482-875-168-390,Social media ‘addiction’: The absence of an attentional bias to social media stimuli,2021-04-13,2021,journal article,Journal of behavioral addictions,20635303; 20625871,Akademiai Kiado Zrt.,Hungary,K. Thomson; Simon C. Hunter; Stephen H. Butler; David J. Robertson,"<!--; 				named anchor; 			-->;  Background and aims Social media use has become a ubiquitous part of society, with 3.8 billion users worldwide.;  While research has shown that there are positive aspects to social media engagement;  (e.g. feelings of social connectedness and wellbeing), much of the focus has been;  on the negative mental health outcomes which are associated with excessive use (e.g.;  higher levels of depression/anxiety). While the evidence to support such negative;  associations is mixed, there is a growing debate within the literature as to whether;  excessive levels of social media use should become a clinically defined addictive;  behaviour.;  <!--; 				named anchor; 			-->;  Methods Here we assess whether one hallmark of addiction, the priority processing of addiction;  related stimuli known as an ‘attentional bias’, is evident in a group of social media;  users (;  N = 100). Using mock iPhone displays, we test whether social media stimuli preferentially;  capture users' attention and whether the level of bias can be predicted by platform;  use (self-report, objective smartphone usage data), and whether it is associated with;  scores on established measures of social media engagement (SMES) and social media;  ‘addiction’ severity scales (BSNAS, SMAQ).;  <!--; 				named anchor; 			-->;  Results Our findings do not provide support for a social media specific attentional bias.;  While there was a large range of individual differences in our measures of use, engagement,;  and ‘addictive’ severity, these were not predictive of, or associated with, individual;  differences in the magnitude of attentional capture by social media stimuli.;  <!--; 				named anchor; 			-->;  Conclusions More research is required before social media use can be definitively placed within;  an addiction framework.",10,2,302,313,Feeling; Mental health; Attentional bias; Psychology; Social connectedness; Social media addiction; Addiction; Social media; Anxiety; Social psychology,addictive behaviour; attention; attentional bias; individual differences; social media use,"Attention; Attentional Bias; Behavior, Addictive/psychology; Humans; Smartphone; Social Media",,,https://akjournals.com/downloadpdf/journals/2006/aop/article-10.1556-2006.2021.00011/article-10.1556-2006.2021.00011.pdf https://pubmed.ncbi.nlm.nih.gov/33852419/ https://researchonline.gcu.ac.uk/en/publications/social-media-addiction-the-absence-of-an-attentional-bias-to-soci https://www.ncbi.nlm.nih.gov/pubmed/33852419 https://research-repository.uwa.edu.au/en/publications/social-media-addiction-the-absence-of-an-attentional-bias-to-soci https://europepmc.org/article/MED/33852419 https://strathprints.strath.ac.uk/76131/ https://pureportal.strath.ac.uk/en/publications/social-media-addiction-the-absence-of-an-attentional-bias-to-soci https://www.scienceopen.com/document?vid=67ffb9b1-bd68-4ca4-9dfc-4494544df144 http://www.ncbi.nlm.nih.gov/pubmed/33852419 https://akjournals.com/view/journals/2006/10/2/article-p302.xml,http://dx.doi.org/10.1556/2006.2021.00011,33852419,10.1556/2006.2021.00011,3126223268,PMC8996807,0,000-715-065-159-602; 001-090-949-253-011; 001-186-668-900-784; 002-276-743-680-60X; 003-954-025-338-777; 005-213-067-239-130; 005-395-818-710-49X; 005-920-834-623-428; 006-101-186-898-411; 007-141-694-325-68X; 007-871-971-816-386; 009-168-555-344-226; 009-284-173-112-284; 012-900-276-872-280; 014-320-652-921-683; 015-048-359-582-72X; 015-288-851-628-85X; 020-267-693-491-680; 020-354-231-520-892; 020-378-437-406-872; 021-142-781-716-015; 022-582-178-172-40X; 022-699-986-547-643; 026-363-277-447-89X; 028-422-889-633-95X; 028-893-510-035-906; 029-782-679-979-317; 030-190-730-585-943; 032-608-799-999-317; 033-288-820-390-386; 034-426-966-150-296; 035-889-402-981-366; 039-021-769-528-153; 039-705-231-748-952; 041-593-966-242-061; 042-052-377-625-878; 042-175-863-575-175; 044-958-972-991-825; 045-763-785-285-083; 049-333-008-431-344; 049-972-842-647-949; 050-084-677-342-577; 050-960-933-988-412; 055-941-642-417-589; 056-078-064-145-99X; 057-277-003-666-474; 060-459-825-672-633; 065-081-686-878-171; 074-538-562-909-179; 080-257-726-014-977; 081-602-815-382-545; 082-617-034-700-73X; 084-672-225-102-059; 084-689-011-564-97X; 086-657-815-776-464; 088-294-019-526-31X; 088-331-311-897-214; 092-495-170-214-445; 102-887-582-193-736; 106-831-653-490-74X; 108-281-324-818-758; 113-185-716-520-898; 113-227-957-056-945; 124-447-763-058-225,31,true,cc-by-nc,gold
026-615-840-817-115,Social Media for Social Justice,2017-01-02,2017,journal article,Journal of Museum Education,10598650; 20516169,Informa UK Limited,United Kingdom,Lanae Spruce; Kaitlyn Leaf,"ABSTRACTAs the Smithsonian National Museum of African American History and Culture, we are tasked with stimulating a national dialogue on race and helping to foster a spirit of reconciliation and healing. This directly impacts our social media practice and how we engage with digital audiences. It helps us reach new audiences, highlight relevant museum collections, create participatory experiences, and confront issues of race and social justice. We believe that all museums can participate in online discussions about race and social justice to create inclusive digital spaces that welcome all visitors. Museums can and should use their unique collections and individual missions to help their audiences make connections to our shared American history by telling stories outside the common narrative. This article illustrates the way one museum uses its collections, programming, and storytelling to uplift marginalized voices in the digital sphere.",42,1,41,53,Racism; Sociology; Narrative; Citizen journalism; Storytelling; Media studies; Public relations; Social media; African-American history; Museum informatics; Teaching method,,,,,https://www.tandfonline.com/doi/full/10.1080/10598650.2016.1265852 https://eric.ed.gov/?id=EJ1130048,http://dx.doi.org/10.1080/10598650.2016.1265852,,10.1080/10598650.2016.1265852,2588339170,,0,016-449-855-425-807; 035-199-629-259-257; 065-194-253-126-098; 174-740-920-808-04X,7,false,,
026-698-678-869-991,Social Innovation and Social Media - Community Engagement through Social Media,2011-07-06,2011,conference proceedings,,,,,R. Jayakanthan,"Community engagement, i.e., attracting eyeballs of citizens to focus on their civic government and its functioning is a vital aspect in nurturing healthy democracy at the local level, in both developed and developing countries. This paper looks into specific instances such as graffiti reporting through social media (in a developed country), collaborative focus on local community infrastructure issues in the form of digitizing the traditional ""Letters to the Editor"" mechanism used by citizens (in a developing country) as well as how the crowdsourced digitization of electoral records - wealth declaration documents of candidates for instance, lead to improved awareness of significant data among voters. Apart from these specific instances, the paper also looks into how patterns from these applications can be applied to other areas of social innovation, especially those involving utilizing social media to shape and administer both public policy as well as the awareness of the same by the citizens.",,,,,Public policy; Declaration; Sociology; Government; Community engagement; Local community; Social science; Public relations; Social media; Democracy; Developing country,,,,,https://dblp.uni-trier.de/db/conf/icwsm/sism2011.html#Jayakanthan11,https://dblp.uni-trier.de/db/conf/icwsm/sism2011.html#Jayakanthan11,,,2124808302,,0,073-034-123-195-279; 088-591-567-092-541,3,false,,
027-192-980-280-094,Social Media Audit - Social Media Audit,,2013,book,SpringerBriefs in Computer Science,21915768; 21915776,Springer New York,,Urs E. Gattiker,,,,,,Advertising campaign; Advertising; Business; Audit; Advertising account executive; Public relations; Online advertising; Social media; Media management; Mass media; Media relations,,,,,https://link.springer.com/10.1007/978-1-4614-3603-4,http://dx.doi.org/10.1007/978-1-4614-3603-4,,10.1007/978-1-4614-3603-4,2337258893,,0,,8,false,,
027-201-069-731-196,Social Media,,2020,other,Political Campaigning in the U.S.,,Rowman & Littlefield,,,,,,148,177,Social media; Sociology; Media studies; Public relations; Internet privacy; The Internet; Political science; Advertising; Computer science; Key (lock); Context (archaeology),,,,,,http://dx.doi.org/10.5040/9798216456766.ch-006,,10.5040/9798216456766.ch-006,,,0,,0,false,,
027-231-804-046-396,Social Media Intelligence - Moving from Social Media Monitoring to Social Media Intelligence,2014-02-24,2014,book chapter,Social Media Intelligence,,Cambridge University Press,,Wendy W. Moe; David A. Schweidel,,,,180,186,Sociology; Media studies; Social media,,,,,,http://dx.doi.org/10.1017/cbo9781139381338.016,,10.1017/cbo9781139381338.016,2500415934,,0,,1,false,,
027-287-048-700-243,Social Media in the Arab World - Social Media and Political Change in the Gulf,,2016,book chapter,Social Media in the Arab World,,I.B.Tauris,,Samah Ahmed,,,,,,Political economy; Political science; Political change; Social media,,,,,http://dx.doi.org/10.5040/9781350988057.ch-010,http://dx.doi.org/10.5040/9781350988057.ch-010,,10.5040/9781350988057.ch-010,2966179357,,0,,0,false,,
027-686-255-624-405,Social media,2015-04-01,2015,book chapter,BSAVA Congress Proceedings 2015,,British Small Animal Veterinary Association,,Susie Samuel,"Preview this chapter: Social media, Page 1 of 1 < Previous page | Next page > /docserver/preview/fulltext/10.22233/9781910443521/9781910443521.49.1-1.gif",,,398,398,Social media; Computer science; World Wide Web; Computer graphics (images); Media studies; Sociology,,,,,,http://dx.doi.org/10.22233/9781910443521.49.1,,10.22233/9781910443521.49.1,,,0,,0,false,,
028-158-236-966-300,Social Media Intelligence: The Beginnings of Social Media Intelligence,2014-02-24,2014,book chapter,Social Media Intelligence,,Cambridge University Press,,Wendy W. Moe; David A. Schweidel,"Let’s say you just had a great dining experience at a new restaurant that opened down the street. Or you just saw the worst movie of your life. Many people with these experiences turn to social media to talk about their experiences and share their opinions (we discuss why people do this in Chapters 2–4). Some may write a lengthy review on their blog. Others may write shorter reviews and post to a review site (like Yelp or Rotten Tomatoes). And still others may choose to engage in a lengthy back-and-forth discussion about the merits and pitfalls of the experience in an online discussion forum. Expressing opinions in this way is not new behavior. In the past, we referred to this as word-of-mouth behavior. Neighbors talking to neighbors about their new cars. Co-workers having conversations around the water cooler about a new computer or the latest events unfolding in their favorite television programs. But there are two fundamental differences between offline word-of-mouth activity and online conversations occurring in social media.",,,3,17,Valence (psychology); Word of mouth; Psychology; Sociological intelligence; Online discussion; Media studies; Representativeness heuristic; Public relations; Marketing research; Social media; Brand management,,,,,https://www.cambridge.org/core/books/social-media-intelligence/beginnings-of-social-media-intelligence/2B6E1E79F8F3B3A8197B7A41E31C0502,http://dx.doi.org/10.1017/cbo9781139381338.003,,10.1017/cbo9781139381338.003,597505933,,0,002-614-063-221-951; 045-319-398-508-266; 062-253-412-242-925; 066-864-311-367-137; 072-821-126-734-051; 084-070-428-506-75X; 099-406-458-689-13X; 149-107-221-893-37X,0,false,,
028-202-362-253-729,Guides: Social Media for Researchers: Tips for Social Media,2019-05-25,2019,libguide,,,,,Library Services team City West,,,,,,Sociology; Media studies; Social media,,,,,https://guides.library.unisa.edu.au/Social-Media/Tips,https://guides.library.unisa.edu.au/Social-Media/Tips,,,3026545845,,0,,0,false,,
028-408-637-417-205,LibGuides: Social Media for Scientists/Scholars: Social Media for Scientists/Scholars,2011-08-26,2011,libguide,,,,,Tom A,"Provides an overview of social media, highlighting those intended specifically for scientists and scholars. Also describes CSHL's current social media presence. Social Media for Scientists/Scholars",,,,,Political science; Public relations; Social media; Social media optimization,,,,,https://cshl.libguides.com/c.php?g=474049&p=3243761,https://cshl.libguides.com/c.php?g=474049&p=3243761,,,935763398,,0,,0,false,,
028-704-335-357-020,Social Media,2022-06-10,2022,book chapter,"Advances in Electronic Government, Digital Divide, and Regional Development",23269103; 23269111,IGI Global,,Musa Şanal; Murat Öztürk; Buse Ertan,"<jats:p>In this review, giving short information about the definition and historical development of social media has been aimed, but the primary focus of this review has been emphasizing salient studies about social media. Social media is not just a tool for organizing, socializing, entertaining, or building community; it has become a part of our lives today. It also has significant effects on psychology, firm profits, community health, and so on. </jats:p>",,,255,275,Salient; Social media; Sociology; Focus (optics); Public relations; Psychology; Media studies; Political science; Physics; Law; Optics,,,,,,http://dx.doi.org/10.4018/978-1-6684-3380-5.ch010,,10.4018/978-1-6684-3380-5.ch010,,,0,001-285-367-053-917; 001-967-275-396-785; 004-703-839-233-296; 010-288-997-521-244; 010-381-105-480-501; 010-998-648-098-392; 011-854-399-312-637; 012-969-530-911-456; 013-816-298-355-588; 027-008-686-650-450; 029-146-382-619-09X; 030-336-959-693-984; 030-620-552-919-898; 034-472-816-606-363; 036-050-861-198-04X; 039-634-621-493-89X; 044-105-375-661-559; 045-190-059-732-947; 045-366-718-618-918; 046-340-332-924-788; 047-701-510-914-791; 049-004-045-436-622; 051-149-988-882-643; 061-902-943-924-897; 063-253-743-693-25X; 065-733-042-683-644; 083-925-625-829-149; 084-689-011-564-97X; 099-256-539-837-412; 107-373-466-365-653; 125-653-755-395-137; 126-352-301-940-564; 128-144-943-186-053; 136-217-212-687-780; 164-233-751-793-174; 182-585-752-811-014; 192-779-051-738-668,0,false,,
028-730-568-040-04X,Social Media and Poverty: Paradoxes of Communicating Poverty Issues on Social Media,2018-10-18,2018,journal article,Bisnis & Birokrasi Journal,23557826; 08543844,Jurnal Ilmu Administrasi dan Organisasi:  Bisnis & Birokrasi,,Rutiana Dwi Wahyunengseh; Sri Hastjarjo; Didik G. Suharto,,25,3,,,Poverty; Social media; Sociology; Political science; Law,,,,,,http://dx.doi.org/10.20476/jbb.v25i3.9969,,10.20476/jbb.v25i3.9969,,,0,,0,true,cc-by-sa,gold
028-859-670-739-823,Social Media and the Infrastructuring of Sociality,2019-08-07,2019,book chapter,Research in the Sociology of Organizations,0733558x,Emerald Publishing Limited,United Kingdom,Cristina Alaimo; Jannis Kallinikos,"Social media stage online patterns of social interaction that differ remarkably; from ordinary forms of acting, talking and relating. To unravel these differences,; we review the literature on micro-sociology and social psychology and derive a; shorthand version of socially-embedded forms of interaction. We use that version; as a yardstick for reconstructing and assessing the patterns of sociality social; media promote. Our analysis shows that social media platforms stage highly; stylized forms of social interaction such as liking, following, tagging, etc. that; essentially serve the purpose of generating a calculable and machine-readable; data footprint out of user platform participation. This online stylization of social; interaction and the data it procures are, however, only the first steps of what we; call the infrastructuring of social media. Social media use the data footprint; that results from the stylization of social interaction to derive larger (and; commercially relevant) social entities such as audiences, networks and groups; that are constantly fed back to individuals and groups of users as personalized; recommendations of one form or another. Social media infrastructure sociality; as they provide the backstage operations and technological facilities out of; which new habits and modes of social relatedness emerge and diffuse across the; social fabric.",62,,289,306,Social relation; Sociology; Social psychology (sociology); Sociality; Social relatedness; Social fabric; Stylized fact; Social media; Social psychology; Yardstick,,,,,https://epubs.surrey.ac.uk/851899/ https://www.emerald.com/insight/content/doi/10.1108/S0733-558X20190000062018/full/html https://iris.luiss.it/handle/11385/192881,http://dx.doi.org/10.1108/s0733-558x20190000062018,,10.1108/s0733-558x20190000062018,2964037213,,0,001-717-674-116-558; 002-959-181-325-747; 008-230-750-774-182; 015-542-562-541-150; 023-500-003-958-413; 028-317-581-588-561; 032-632-565-280-078; 049-622-652-794-411; 063-584-334-178-712; 076-515-791-050-004; 089-676-286-188-976; 100-019-761-242-983; 129-836-952-483-90X; 137-173-832-790-599; 141-347-235-442-803; 148-435-957-086-032; 157-908-988-552-95X; 164-233-751-793-174,22,false,,
028-935-225-953-815,Social media,2012-06-27,2012,book chapter,Electronic Democracy,,Verlag Barbara Budrich,,Jason Abbott,,,,77,102,Social media; Sociology; Computer science; World Wide Web,,,,,,http://dx.doi.org/10.2307/j.ctvddzwcg.7,,10.2307/j.ctvddzwcg.7,,,0,,7,false,,
029-057-662-646-071,Social Media for Government - Social Media for Government,,2017,book,,,Springer Singapore,,Gohar Feroz Khan,,,,,,Government; Political science; Public relations; Social media; Media relations,,,,,https://link.springer.com/10.1007/978-981-10-2942-4,http://dx.doi.org/10.1007/978-981-10-2942-4,,10.1007/978-981-10-2942-4,2588986320,,0,,12,false,,
029-181-293-187-735,Advances in Social Media Analysis - Advances in Social Media Analysis,,2015,book,Studies in Computational Intelligence,1860949x; 18609503,Springer International Publishing,Germany,Mohamed Medhat Gaber; Mihaela Cocea; Nirmalie Wiratunga; Ayse Göker,"This volume presents a collection of carefully selected contributions in the area of social media analysis. Each chapter opens up a number of research directions that have the potential to be taken on further in this rapidly growing area of research. The chapters are diverse enough to serve a number of directions of research with Sentiment Analysis as the dominant topic in the book. The authors have provided a broad range of research achievements from multimodal sentiment identification to emotion detection in a Chinese microblogging website. The book will be useful to research students, academics and practitioners in the area of social media analysis.",,,,,Microblogging; Psychology; Data science; Emotion detection; Multimedia; Social media; Sentiment analysis; Identification (information),,,,,https://link.springer.com/10.1007/978-3-319-18458-6 https://researchportal.port.ac.uk/en/publications/advances-in-social-media-analysis https://puredev.port.ac.uk/en/publications/advances-in-social-media-analysis,http://dx.doi.org/10.1007/978-3-319-18458-6,,10.1007/978-3-319-18458-6,798398829,,0,,5,true,,green
029-273-628-597-911,Social Media,2018-12-31,2018,book chapter,Privacy's Blueprint,,Harvard University Press,,Woodrow Hartzog,,,,197,229,Social media; Sociology; Computer science; World Wide Web,,,,,,http://dx.doi.org/10.4159/9780674985124-008,,10.4159/9780674985124-008,,,0,,0,false,,
029-300-633-601-402,Framing Social Movements on Social Media,2024-05-29,2024,journal article,Journal of Quantitative Description: Digital Media,26738813,Journal of Quantitative Description: Digital Media,,Julia Mendelsohn; Maya Vijan; Dallas Card; Ceren Budak,"<jats:p>Social media enables activists to directly communicate with the public and provides a space for movement leaders, participants, bystanders, and opponents to collectively construct and contest narratives. Focusing on Twitter messages from social movements surrounding three issues in 2018-2019 (guns, immigration, and LGBTQ rights), we create a codebook, annotated dataset, and computational models to detect diagnostic (problem identification and attribution), prognostic (proposed solutions and tactics), and motivational (calls to action) framing strategies. We conduct an in-depth unsupervised linguistic analysis of each framing strategy, and uncover cross-movement similarities in associations between framing and linguistic features such as pronouns and deontic modal verbs. Finally, we compare framing strategies across issues and other social, cultural, and interactional contexts. For example, we show that diagnostic framing is more common in replies than original broadcast posts, and that social movement organizations focus much more on prognostic and motivational framing than journalists and ordinary citizens. </jats:p>",4,,,,Framing (construction); Social movement; Social media; Social psychology; Narrative; Framing effect; CONTEST; Sociology; Psychology; Political science; Linguistics; Politics; Geography; Persuasion; Archaeology; Philosophy; Law,,,,,https://journalqd.org/article/download/5896/4515 https://doi.org/10.51685/jqd.2024.icwsm.9 https://arxiv.org/pdf/2406.13820 http://arxiv.org/abs/2406.13820,http://dx.doi.org/10.51685/jqd.2024.icwsm.9,,10.51685/jqd.2024.icwsm.9,,,0,,10,true,cc-by-nc-nd,gold
029-396-032-929-620,Social Media,,2025,other,Modern Political Campaigns,,Rowman & Littlefield,,,,,,155,172,Social media; Sociology; Computer science; World Wide Web,,,,,,http://dx.doi.org/10.5040/9798881845193.ch-010,,10.5040/9798881845193.ch-010,,,0,,0,false,,
029-413-646-825-270,Social Media and Social skills,2016-09-25,2016,journal article,International Journal of Indian Psychology,23485396,Redshine Publication,,Prabhakararao Sampathirao,"Constant engagement of children with social media deprives them of face-face to face contacts and hence opportunities to practice social skills in real time situations. Technological Communication (internet and social media) preference strongly correlated with poor social skills and high social anxiety, while a greater restriction of technology in youth correlated with high social skills. One of the “benefits” advocated over and again by experts in various fields is that social media actually increases and supports the development of social skills. However, technological Communication (internet and social media) preference strongly correlated with poor social skills and high social anxiety, while a greater restriction of technology in youth correlated with high social skills in college. In this study the following five popular benefits from social media that were highlighted over and again, have been examined critically to show the reverse is true.",3,4,,,The Internet; Psychology; Social anxiety; Face (sociological concept); Preference; Social media; Social psychology; Social skills,,,,,https://ijip.in/articles/social-media-and-social-skills/ https://ijip.in/wp-content/uploads/2019/02/18.01.026.20160304.pdf,http://dx.doi.org/10.25215/0304.026,,10.25215/0304.026,3049637396,,0,,5,true,cc-by,hybrid
029-482-256-733-011,Social media management and media environment,,2012,journal article,Skola biznisa,14516551,Centre for Evaluation in Education and Science (CEON/CEES),,Iva Šiđanin,"The paper deals with the system of services that social media management can offer to a variety of users. As social media systems are emerging, social media management can strengthen teams in social media and help to manage numerous social channels and distribution of social information from one place. Social media management is a system of procedures that are used to manage the flow of information in the environment of social media. This involves connecting with social media like Facebook, Twitter, LinkedIn, Plaxo, Ecademy, YouTube and many others, then the aggregation and management of social data. Social media management services are analysed through various fields, such as managing multiple social media profiles, mail scheduling and filtering, reporting and analytics. Social media management enables managing personal business through social media, which contributes to a significant reduction in expenditures. The paper also discusses the importance of social media management in marketing activities and various forms of social promotion, which allow companies to easily reach their customers.",2012,4,17,23,Internet privacy; Variety (cybernetics); Business; Social promotion; Social information; Distribution (economics); Social media; Analytics,menadžment; socijalni medji; medijsko okruženje; društvene grupe; kanali komunikacije management; social media; media environment; social groups; communication channels,,,,https://scindeks-clanci.ceon.rs/data/pdf/1451-6551/2012/1451-65511204017S.pdf https://scindeks.ceon.rs/article.aspx?artid=1451-65511204017S https://doaj.org/article/8d27e6002eb7413e9db24ed3bf42b4e9,http://dx.doi.org/10.5937/skolbiz1204017s,,10.5937/skolbiz1204017s,2772157211,,0,,0,true,cc-by,gold
029-619-634-318-814,Social Goals in Context : Social Media,2019-09-18,2019,book chapter,Social Goals in the Classroom,,Routledge,,Gaëlle Ouvrein; Karen Verswijvel; Lies De Kimpe,,,,237,254,Sociology; Context (language use); Public relations; Social media,,,,,https://www.taylorfrancis.com/chapters/social-goals-context-ga%C3%ABlle-ouvrein-karen-verswijvel-lies-de-kimpe/e/10.4324/9780429468452-14,http://dx.doi.org/10.4324/9780429468452-14,,10.4324/9780429468452-14,2980303017,,0,116-341-336-339-561,0,false,,
030-144-759-726-730,Social Media and Strategic Communications - Social Media and Public Relations,,,book chapter,Social Media and Strategic Communications,,Palgrave Macmillan,,Hana S. Noor Al-Deen; John Allen Hendricks,,,,,,Social relation; Sociology; Social change; Public relations; Social media; Social philosophy; Media relations; Internal communications,Globalization; Social Media; Public Relations; PR 2.0; Intergovernmental Organizations,,,,,http://dx.doi.org/10.1057/9781137287052.0013,,10.1057/9781137287052.0013,2503018201,,0,,0,false,,
030-373-384-829-870,Media and Social Life - Integrating Technology and Media and the Social Learning Ecosystem,2014-03-26,2014,book chapter,Media and Social Life,,Routledge,,Brittney Huntington; J. Alison Bryant,,,,63,78,Ecosystem; Sociology; Knowledge management; Social learning,,,,,http://dx.doi.org/10.4324/9781315794174-5,http://dx.doi.org/10.4324/9781315794174-5,,10.4324/9781315794174-5,2905294802,,0,,0,false,,
030-430-125-793-891,Social Media,2017-01-04,2017,book chapter,essentials,21976708; 21976716,Springer Fachmedien Wiesbaden,,Philipp Eng,,,,27,41,Humanities; Gynecology; Political science; Physics; Art; Medicine,,,,,,http://dx.doi.org/10.1007/978-3-658-16570-3_4,,10.1007/978-3-658-16570-3_4,,,0,,0,false,,
030-514-929-790-918,Subject Guides. Social Media. Learning about Social Media.,2009-07-23,2009,,,,,,Cathy Fahey,,,,,,User-generated content; Internet privacy; Sociology; Subject (philosophy); Social media; Social media optimization; Media relations; Social computing; New media,,,,,,,,,448926059,,0,,0,false,,
030-673-712-764-987,Social Computing and Social Media. Human Behavior - Social Computing and Social Media. Human Behavior,,2017,book,Lecture Notes in Computer Science,03029743; 16113349,Springer International Publishing,Germany,Gabriele Meiselwitz,,,,,,Sociology; Social competence; Social media; Social computing; Social psychology; Social network,,,,,https://link.springer.com/10.1007/978-3-319-58559-8,http://dx.doi.org/10.1007/978-3-319-58559-8,,10.1007/978-3-319-58559-8,2612803767,,0,,3,false,,
030-715-436-096-048,Social Media - III. Social Media und Nutzungskulturen,,,book chapter,Social Media,,Peter Lang,,Caja Thimm; Mario Anastasiadis,,,,,,Sociology; Media studies; Social media,,,,,,http://dx.doi.org/10.3726/978-3-653-01083-1/5,,10.3726/978-3-653-01083-1/5,2481710245,,0,,0,false,,
030-797-870-395-165,LibGuides: New Media: Media Culture & Social Media,2013-08-30,2013,,,,,,Michael Benson,,,,,,Sociology; Communication studies; Media culture; Media studies; Social media; New media,,,,,,,,,1143763899,,0,,0,false,,
030-806-519-071-552,Media and social media,,2023,book chapter,Encyclopedia of Child and Adolescent Health,,Elsevier,,David S. Bickham,,,,207,210,Multitude; Mass media; Social media; Psychology; Mental health; Phone; Social psychology; Internet privacy; Advertising; Political science; Computer science; Business; Psychiatry; Philosophy; Law; Linguistics,,,,,,http://dx.doi.org/10.1016/b978-0-12-818872-9.00200-4,,10.1016/b978-0-12-818872-9.00200-4,,,0,001-667-830-101-380; 002-624-908-756-421; 004-733-194-978-73X; 007-130-856-830-686; 008-362-181-870-098; 012-921-817-171-376; 013-439-265-939-949; 021-106-274-519-203; 022-124-095-013-798; 023-579-510-818-209; 025-054-802-122-642; 026-875-711-646-269; 028-388-500-906-416; 031-002-299-442-608; 032-848-887-906-136; 033-440-844-263-190; 034-262-782-222-525; 040-625-411-523-879; 043-556-281-197-149; 044-657-059-116-845; 046-236-742-348-568; 050-472-688-805-965; 050-775-997-437-80X; 056-074-629-379-614; 065-228-713-342-553; 067-236-020-680-755; 067-752-894-040-303; 069-445-142-493-96X; 071-865-189-107-299; 077-345-317-627-774; 130-338-949-691-074; 134-209-879-194-076; 146-579-489-583-221; 153-166-146-439-963,0,false,,
030-831-118-182-483,Social media,2016-04-26,2016,journal article,TvV Tijdschrift voor Verzorgenden,09215832; 24681350,Springer Science and Business Media LLC,,Cindy Lammers,,48,5,3,3,Art; Theology; Philosophy,,,,,,http://dx.doi.org/10.1007/s41183-016-0055-5,,10.1007/s41183-016-0055-5,,,0,,0,false,,
031-096-458-145-425,The role of social media for media companies,,2013,journal article,International Journal of Social and Humanistic Computing,17526124; 17526132,Inderscience Publishers,,Georgeta Drula,"This paper shows how media companies implement the social media strategy for their journalistic products. The objective of research is to identify approaches in which the Romanian media companies expand their production and business by considering user-generated content and social media platforms, with the purpose to draw a new online audience, and to create new media products. The media companies subject to the study, supply online general news. The methodology is based on SWOT analysis, quantitative and qualitative methods. While other studies show the user’s activities on social media platforms, this study presents the interest of the media companies for social media platforms and users’ content. The conclusions of this study show that the management methods and practices have evolved differently through the implementation of the social media platforms; in this way the solutions picked up by the media companies are different.",2,1/2,6,30,Advertising; SWOT analysis; Business; Qualitative research; Production (economics); Management methods; Multimedia; Social media; Media management; Media relations; New media,,,,,http://www.inderscience.com/link.php?id=53264 https://www.inderscienceonline.com/doi/full/10.1504/IJSHC.2013.053264 https://dblp.uni-trier.de/db/journals/ijshc/ijshc2.html#Drula13,http://dx.doi.org/10.1504/ijshc.2013.053264,,10.1504/ijshc.2013.053264,2168033849,,0,001-245-858-716-977; 011-854-399-312-637; 035-290-649-562-226; 048-882-404-383-984; 049-029-493-974-943; 060-647-054-175-919; 080-142-224-521-995; 081-700-249-791-051; 104-248-416-172-472; 141-784-708-491-855; 153-294-494-049-095; 172-479-605-145-099; 177-688-852-494-213; 178-591-540-691-053,0,false,,
031-334-489-401-170,THE INFLUENCE OF SOCIAL MEDIA USE TIK TOK IN SOCIAL MEDIA EFFECT,2022-06-30,2022,preprint,,,Center for Open Science,,Adit saputra,"<p>The analysis that inuences the rapid development of social media technology that is currently trending is the tik tok social media which has been most prominently viral in recent years which has had an impact on the inuence of the use of tik tok.              This study aims to analyze the dominant factors of the impact of the use of social media on the community in using tik tok which is useful for sensitizing irresponsible people. The method used in this study uses descriptive qualitative analysis. The analytical tool used in this research method is based on the results of interviews with the audience.              The results showed that this research was motivated by observational data that showed a review of the impact if misused using social media tik tok, then this study focused on the factors that inuence the current trend changes which are about the inappropriateness of the media which is inappropriate to be imitated.</p>",,,,,Social media; Descriptive statistics; Content analysis; Observational study; Sociology; Psychology; Political science; Social science; Mathematics; Statistics; Law,,,,,,http://dx.doi.org/10.31219/osf.io/4d7aw,,10.31219/osf.io/4d7aw,,,0,,0,true,cc-by,gold
031-547-009-087-75X,Social Media As a Field of Social Struggle,2014-12-01,2014,journal article,Journal of Media Critiques,20569785; 20569793,"University of Lincoln, School of Film and Media and Changer Agency",,Gülüm Şener,"During the past ten years, attention has been drawn to the democratising functions of the internet thanks to the rise of social media. This emphasis is apparently one of the renewed interpretations of the obsolete technological determinism approach, which is conside-red as an output of modernism, and was pushed by the social elites. The discussions on the ""revolutionary"" potential of communication techno-logies are not a new issue. However, they have once again come to the fore perhaps slightly exaggerated thanks to the current global social movements, such as ""Arab Spring"" and ""Occupy Wall Street"". Further, it is possible to find the early examples of digital activism in the second half of the 90's, when internet began to become popular. For instance, the EZLN (Zapatista Army of National Liberation) uprising against the Mexican Government commenced on January 1st, 1994, the day when the North American Free Trade Agreement (NAFTA) came into effect. Castells (2008:102) defines the EZLN uprising as the world's ""first informational guerrilla movement"", because the internet was used as an alternative communication tool to broadcast this rebellion. Ever since, the new media has become the primary or an important means of campaigns to inform, organize and protest. Digital activism has entered into a new era with the widespread use of electronic social networks, and new digital activism practices have emerged. Although limited to the Web 1.0 trends including discussion forums, e-mail chains, websites and chat softwares, it has gained a new insight with Web 2.0. The differences between the first and the second internet generations appear to be a leading factor, which determine the use of internet by general users and notably the opposing voices. Compared to Web 1.0, the striking features of Web 2.0 are as follows; (more) instant, (much) faster, usergenerated, self-sharing, collabo-rative, amateur, mobile, interactive and open to dialogue, horizontal, viral, imponderable, hard to control, responsive, daily, assembling individual and different voices, visible, hybrid, alternative, and participatory. It is also",1,2,185,198,The Internet; Social movement; Political science; Citizen journalism; Social change; Media studies; Social science; Social media; Social philosophy; Social order; New media,,,,,http://mediacritiques.net/special-issue-2/gulumsener.pdf,http://dx.doi.org/10.17349/jmc114210,,10.17349/jmc114210,2319829039,,0,003-315-129-503-14X; 020-017-643-138-393; 020-109-487-050-186; 034-527-427-205-166; 036-939-028-795-414; 039-800-878-920-018; 055-900-515-261-12X; 100-538-623-787-242; 170-759-162-721-512,2,true,,gold
031-589-858-394-127,Social Media Analyses for Social Measurement,2016-01-13,2016,journal article,Public opinion quarterly,0033362x; 15375331,Oxford University Press (OUP),United Kingdom,Michael F. Schober; Josh Pasek; Lauren Guggenheim; Cliff Lampe; Frederick G. Conrad,"Demonstrations that analyses of social media content can align with measurement from sample surveys have raised the question of whether survey research can be supplemented or even replaced with less costly and burdensome data mining of already-existing or ""found"" social media content. But just how trustworthy such measurement can be-say, to replace official statistics-is unknown. Survey researchers and data scientists approach key questions from starting assumptions and analytic traditions that differ on, for example, the need for representative samples drawn from frames that fully cover the population. New conversations between these scholarly communities are needed to understand the potential points of alignment and non-alignment. Across these approaches, there are major differences in (a) how participants (survey respondents and social media posters) understand the activity they are engaged in; (b) the nature of the data produced by survey responses and social media posts, and the inferences that are legitimate given the data; and (c) practical and ethical considerations surrounding the use of the data. Estimates are likely to align to differing degrees depending on the research topic and the populations under consideration, the particular features of the surveys and social media sites involved, and the analytic techniques for extracting opinions and experiences from social media. Traditional population coverage may not be required for social media content to effectively predict social phenomena to the extent that social media content distills or summarizes broader conversations that are also measured by surveys.",80,1,180,211,Sociology; Trustworthiness; Survey research; Population; Public relations; Sample (statistics); Social media,,,,,https://www.ncbi.nlm.nih.gov/pmc/articles/PMC4884815 https://europepmc.org/article/PMC/PMC4884815 https://academic.oup.com/poq/article-abstract/80/1/180/2593846,http://dx.doi.org/10.1093/poq/nfv048,27257310,10.1093/poq/nfv048,2254247457,PMC4884815,0,000-413-878-399-917; 000-922-597-305-123; 002-272-858-461-02X; 002-289-728-582-131; 002-959-181-325-747; 003-919-392-776-783; 004-075-099-543-584; 004-727-385-286-313; 007-316-623-506-709; 008-897-051-744-799; 010-610-168-304-202; 012-255-555-733-639; 012-775-967-218-720; 013-853-253-052-99X; 013-892-998-418-361; 014-233-244-749-962; 016-207-850-794-302; 016-397-930-452-695; 016-428-446-507-104; 020-475-106-660-328; 020-776-584-765-350; 020-902-218-185-377; 021-398-798-584-302; 025-054-778-872-944; 025-161-008-797-902; 026-419-799-073-776; 026-462-737-174-882; 026-718-551-492-061; 026-974-804-460-520; 027-444-093-329-275; 027-565-392-964-763; 027-944-895-443-345; 029-489-093-068-521; 029-828-928-298-004; 029-829-654-940-657; 030-715-576-997-331; 030-828-610-055-606; 032-170-882-967-451; 032-786-260-229-724; 034-303-748-464-668; 035-064-417-990-189; 035-660-294-488-412; 035-661-485-064-22X; 036-389-751-732-697; 036-493-306-521-859; 039-840-106-640-071; 040-362-140-259-268; 041-357-337-258-867; 042-006-635-898-135; 042-277-094-824-751; 042-797-727-114-880; 044-087-059-833-789; 044-677-173-000-254; 045-295-252-100-002; 046-812-236-104-504; 046-986-705-393-370; 047-595-247-562-357; 047-764-038-456-077; 048-870-038-721-518; 051-558-711-731-487; 053-391-929-933-752; 053-658-152-591-502; 054-196-091-683-333; 056-928-388-036-042; 057-251-347-685-104; 057-349-542-303-971; 058-541-680-432-452; 058-543-714-006-945; 059-324-831-488-361; 059-990-087-539-494; 061-842-636-402-915; 064-090-967-812-978; 064-729-379-185-060; 066-550-505-200-173; 072-140-738-513-758; 074-485-978-162-199; 075-100-337-538-391; 075-372-851-597-617; 076-106-948-280-194; 076-300-611-518-16X; 076-937-571-051-048; 078-862-652-802-738; 082-804-315-740-918; 087-219-878-547-083; 089-348-588-703-053; 089-827-152-540-175; 091-991-992-727-561; 092-795-150-274-680; 093-160-054-871-351; 093-449-398-676-928; 094-003-472-558-023; 095-384-490-694-318; 095-680-047-136-30X; 097-201-514-394-917; 098-770-371-417-507; 101-501-101-712-654; 103-769-029-355-735; 104-154-911-787-012; 104-291-632-840-74X; 104-834-204-397-620; 106-045-938-681-840; 106-545-147-531-505; 107-014-079-534-651; 115-768-600-312-138; 117-026-846-420-702; 117-704-474-714-194; 118-642-807-049-571; 124-524-781-861-915; 131-829-172-101-751; 132-819-941-911-685; 134-583-543-710-065; 135-727-189-529-322; 136-058-796-324-717; 138-993-962-036-703; 140-378-764-623-461; 141-312-855-523-137; 153-037-390-146-459; 153-680-646-577-598; 157-114-055-045-628; 157-327-887-669-221; 160-206-265-147-16X; 166-182-442-877-935; 167-048-636-702-825; 171-723-044-877-200; 178-417-429-707-228; 182-140-755-132-883; 183-263-937-363-398; 188-822-756-635-980; 189-404-871-071-249; 193-125-253-661-439,156,true,,green
031-805-221-897-337,Social Media Processing - Social Media Processing,,2016,book,Communications in Computer and Information Science,18650929; 18650937,Springer Singapore,Germany,Yuming Li; Guoxiong Xiang; Hongfei Lin; Mingwen Wang,,,,,,Sociology; Media studies; Social media,,,,,https://link.springer.com/10.1007/978-981-10-2993-6,http://dx.doi.org/10.1007/978-981-10-2993-6,,10.1007/978-981-10-2993-6,3147345254,,0,,0,false,,
031-995-853-347-026,Social Media and Social Change,2016-02-14,2016,journal article,Digest of Middle East Studies,10604367; 19493606,Wiley,,Noureddine Miladi,"The growing impact of new media around the world has been the subject of study by scores of scientists in multidisciplinary fields. Satellite TV and the Internet have been viewed as instruments of social and political change — connecting communities, educating the youth, and creating social networks previously unaccounted for, like virtual groups. However, in the Arab World and the Middle East, such technological developments have been hailed as tools for the empowerment of marginalized communities such as women and the youth, also brought new opportunities that have resulted in the breaking of the communication monopoly by those in power and the creation of a new communication environment. Such environment has — as part of its manifestations — the current social transformations that the region is witnessing. Drawing on examples from social media networks used in Tunisia and Egypt, this article analyzes the extent to which new technologies have changed the rules of the game regarding public opinion construction and the communication flow traditionally monopolized by the hegemonic power structures in Arab society. This study not only reveals the decisiveness of platforms like Facebook, Twitter, and YouTube in the Arab Spring countries’ revolutions, but also the extent to which their availability served in a complex manner the democratic transition that Tunisia have been undergoing and the political turmoil that Egypt is witnessing. Furthermore this study argues that such online spheres of communication mark the emergence of the virtual yet vibrant space of political campaigning and social empowerment, especially for the youth and marginalized communities.",25,1,36,51,Public opinion; Democratization; Political science; Empowerment; Social change; Power (social and political); Media studies; Public relations; Social media; Politics; New media,,,,,https://qspace.qu.edu.qa/handle/10576/18549 https://onlinelibrary.wiley.com/doi/10.1111/dome.12082 http://onlinelibrary.wiley.com/doi/10.1111/dome.12082/abstract https://onlinelibrary.wiley.com/doi/10.1111/dome.12082/abstract,http://dx.doi.org/10.1111/dome.12082,,10.1111/dome.12082,2276615844,,0,000-077-277-933-512; 004-609-626-837-028; 007-496-193-804-845; 013-406-933-124-008; 016-911-299-010-631; 029-802-690-462-306; 053-130-599-593-322; 058-243-014-149-158; 059-885-392-201-620; 073-043-632-192-273; 096-621-882-192-07X; 097-077-252-697-524; 109-951-973-523-534; 123-481-523-624-411; 158-058-398-741-310; 192-874-422-525-801,41,false,,
032-109-348-259-217,Social Media,2023-07-28,2023,journal article,Zorg + Welzijn,13814664; 24681369,Springer Science and Business Media LLC,,Herman Keppy,,29,4,47,47,Social media; Sociology; Psychology; Computer science; World Wide Web,,,,,,http://dx.doi.org/10.1007/s41185-023-2015-y,,10.1007/s41185-023-2015-y,,,0,,0,false,,
032-178-432-568-37X,Demokratisierung durch Social Media? - Demokratisierung durch Social Media,2015-06-10,2015,book,Demokratisierung durch Social Media?,,Springer Fachmedien Wiesbaden,,Kurt Imhof,"Mythen sind wichtige Forschungsgegenstande in der Geschichtsschreibung vorab in der Nationalismusforschung, sie sind elementar bei der religionssoziologischen und -ethnologischen Rekonstruktion von gemeinschaftskonstitutiven Sinnstrukturen wie von Institutionen und sie beschaftigen die Soziologie und Psychologie von Liebesbeziehungen, weil diese dazu neigen, den Zufall ihrer Genese als Fugung zu verklaren. Problematisch in der Wissenschaft ist es allerdings, wenn Mythen keine Objekte der Forschung sind sondern diese anleiten. Mit einem solchen Mythos haben wir es zunachst mit dem gesellschaftspolitisch wirkmachtigen, technolibertaren Mythos des Internets als Medium der Selbstkonstitution in Gestalt von spielerischen Identitatsentwurfen in virtuellen Raumen zu tun.",13,,15,26,,,,,,https://link.springer.com/chapter/10.1007/978-3-658-10140-4_2 https://rd.springer.com/chapter/10.1007/978-3-658-10140-4_2 https://core.ac.uk/display/33625552 https://www.springer.com/cda/content/document/cda_downloaddocument/9783658101398-c1.pdf?SGWID=0-0-45-1510476-p177575307 https://link.springer.com/content/pdf/10.1007%2F978-3-658-10140-4_2.pdf https://www.zora.uzh.ch/id/eprint/112046/ https://www.zora.uzh.ch/112046,http://dx.doi.org/10.1007/978-3-658-10140-4_2,,10.1007/978-3-658-10140-4_2,574515950,,0,000-137-837-128-91X; 002-101-636-718-970; 004-535-212-923-509; 021-312-981-955-941; 021-484-441-909-419; 027-508-778-573-588; 031-893-135-972-313; 033-183-365-146-03X; 044-798-164-334-405; 048-387-307-406-779; 048-519-422-741-558; 056-538-564-128-330; 056-612-738-868-762; 067-903-189-154-706; 076-949-709-018-776; 082-368-020-720-073; 092-073-630-671-891; 097-993-886-906-74X; 098-743-934-099-01X; 113-221-050-201-860; 115-808-436-100-857; 127-520-880-106-166; 142-324-642-688-020; 149-724-894-654-457; 152-273-464-557-639; 168-341-353-110-677; 174-343-219-553-799; 177-881-382-202-494; 186-313-171-447-791; 194-549-228-883-932,16,false,,
032-363-360-703-61X,Social Media,2020-10-20,2020,book chapter,Encyclopedia of Behavioral Medicine,,Springer International Publishing,,,,,,2092,2092,Social media; Sociology; Political science; Computer science; World Wide Web,,,,,,http://dx.doi.org/10.1007/978-3-030-39903-0_301818,,10.1007/978-3-030-39903-0_301818,,,0,,0,false,,
032-427-634-633-736,Media and Social Media in Social Evaluations Research,2026-02-24,2026,book chapter,The Oxford Handbook of Organisational Social Evaluations,,Oxford University Press,,Marco Clemente; Laura Illia,"<jats:title>Abstract</jats:title>;                   <jats:p>This chapter identifies current and future directions for traditional and social media studies in social evaluations research through a systematic literature review of the constructs of legitimacy, reputation, status, stigma, celebrity, and trust. Regarding traditional media, researchers have mostly viewed them as institutional infomediaries evaluating organisations. However, considering the media as infotainment economic actors or biased partisan infomediaries could provide fresh insights into their role in the social evaluations processes. Furthermore, studying the media as entities being evaluated, not just as evaluators, can open up multiple avenues for future research. Finally, this chapter urges the development of clearer terminology, refined media measures, and an expanded range of media outlets. Regarding social media, scholars have mostly studied them merely as channels where other actors express evaluations, yet studying them more as active evaluators or evaluated entities is crucial. Also, the chapter suggests exploring the intricate relationship between traditional and social media to reveal how traditional media may validate or invalidate evaluations in social media, and how social media impact an increasingly polarised media landscape which influences social evaluation processes. Finally, it proposes new types of operationalisation for each social evaluation construct using social media variables.</jats:p>",,,527,542,Social media; Construct (python library); Sociology; Public relations; Variety (cybernetics); Social psychology; Psychology; Political science; Social influence; Media relations; Social computing,,,,,,http://dx.doi.org/10.1093/oxfordhb/9780198933137.013.0033,,10.1093/oxfordhb/9780198933137.013.0033,,,0,075-196-283-040-940,0,false,,
032-496-003-565-019,Social Media,,2021,other,Modern Political Campaigns,,Rowman & Littlefield Publishers,,,,,,137,148,,,,,,,http://dx.doi.org/10.5040/9798216423225.ch-010,,10.5040/9798216423225.ch-010,,,0,,0,false,,
032-580-019-793-333,Social Networks and Social Media,2012-05-04,2012,book chapter,The Human–Computer Interaction Handbook,,CRC Press,,Molly A. McClellan; Julie A. Jacko; François Sainfort; Layne M. Johnson,,,,1359,1372,Sociology; Public relations; Social media; Social network; Social engagement,,,,,https://www.taylorfrancis.com/books/e/9780429103971/chapters/10.1201/b11963-ch-61 https://content.taylorfrancis.com/books/download?dac=C2009-0-14800-1&isbn=9780429103971&doi=10.1201/b11963-ch-61&format=pdf,http://dx.doi.org/10.1201/b11963-ch-61,,10.1201/b11963-ch-61,2494656798,,0,007-336-034-770-120; 013-030-399-091-134; 014-105-395-675-968; 037-322-152-671-263; 049-617-656-349-810; 086-583-558-608-208,1,false,,
032-810-668-630-009,What is 'social' about social media,,2011,,,,,,David Charles Holmes,,3,2,105,115,Political science; Media studies; Social media,,,,,https://research.monash.edu/en/publications/what-is-social-about-social-media,https://research.monash.edu/en/publications/what-is-social-about-social-media,,,2775888183,,0,,2,false,,
032-828-429-942-617,Social Media,2013-07-12,2013,other,Risk Communication,,Wiley,,,"This chapter focuses on the general principles associated with the methods before delving into the three main uses of social media for risk communication: sharing content, engaging with stakeholders, and monitoring changes in perceptions, as well as laying out some guidelines for specific types of social media. Monitoring changes in perception can be as simple as noting trends in comments on content over time or as elaborate as using computer&hyphen;based tools to analyze content and run reports. Finally, the chapter discusses techniques for evaluating the effectiveness of social media efforts. Each type of social media can be used to communicate risk information, but different types lend themselves well to specific uses in care, consensus, and crisis communications.",,,281,297,Social media; Perception; Computer science; Content (measure theory); Information sharing; Internet privacy; Simple (philosophy); Content analysis; Data science; Public relations; World Wide Web; Sociology; Psychology; Political science; Social science; Epistemology; Mathematics; Mathematical analysis; Neuroscience; Philosophy,,,,,,http://dx.doi.org/10.1002/9781118645734.ch19,,10.1002/9781118645734.ch19,,,0,015-826-745-723-509; 020-179-274-803-598; 020-871-188-914-129; 061-101-725-397-881; 062-815-094-049-995; 149-837-472-936-025,0,false,,
033-118-607-882-769,"Social Media, Social Exclusion, and Narcissism",,2015,,,,,,Ryan S. Creech,,,,,,Social exclusion; Psychology; Narcissism; Social media; Social psychology,,,,,https://etd.ohiolink.edu/!etd.send_file?accession=xavier1437385385&disposition=inline http://rave.ohiolink.edu/etdc/view?acc_num=xavier1437385385,https://etd.ohiolink.edu/!etd.send_file?accession=xavier1437385385&disposition=inline,,,2604239694,,0,,0,false,,
033-183-043-306-598,Social Media #FTW!: The Influence of Social Media on American Politics,2014-05-29,2014,dissertation,,,,,Kenneth Scott Ames,,,,,,Political science; Media studies; Public administration; Social media; Politics of the United States,,,,,https://jscholarship.library.jhu.edu/handle/1774.2/37321,https://jscholarship.library.jhu.edu/handle/1774.2/37321,,,2181951342,,0,001-206-967-589-290; 005-304-505-186-985; 015-126-093-227-106; 015-462-010-609-92X; 016-767-286-553-22X; 023-136-447-940-195; 023-157-977-869-018; 024-688-016-728-426; 032-195-927-960-116; 035-115-538-969-463; 035-783-384-830-891; 038-040-332-392-326; 043-962-735-077-744; 047-324-902-707-90X; 047-940-668-530-18X; 053-090-608-936-881; 056-245-891-205-488; 057-658-994-872-867; 060-841-300-359-131; 062-253-184-949-397; 066-770-302-573-388; 071-727-205-003-241; 074-248-553-779-549; 077-052-178-462-404; 080-191-875-465-916; 080-661-384-872-086; 082-940-553-437-021; 087-002-462-999-265; 088-142-452-258-384; 089-634-976-763-581; 117-374-480-683-153; 126-221-820-391-51X; 137-862-095-061-540; 140-882-984-483-643; 158-227-020-086-355; 159-527-136-248-660; 165-719-935-040-309; 167-656-076-212-893; 171-199-217-401-932; 172-173-652-977-603; 180-551-919-127-516; 184-022-501-740-040,1,false,,
033-184-757-092-020,Mobile and Social Media Journalism - Your social media brand,2021-06-11,2021,book chapter,Mobile and Social Media Journalism,,Routledge,,Anthony Adornato,,,,82,115,Advertising; Sociology; Social media,,,,,http://dx.doi.org/10.4324/9781003186779-3,http://dx.doi.org/10.4324/9781003186779-3,,10.4324/9781003186779-3,3171478747,,0,,0,false,,
033-249-063-491-291,Social Media,2016-05-20,2016,book chapter,Communication Science Theory and Research,,Routledge,,,,,,288,305,Social media; Sociology; Geography; Computer science; World Wide Web,,,,,,http://dx.doi.org/10.4324/9780203113943-25,,10.4324/9780203113943-25,,,0,,0,false,,
033-311-498-598-180,Getting the Most out of Social Media: What Is Social Media?,2015-10-09,2015,journal article,EDIS,25760009,University of Florida George A Smathers Libraries,,Jessica C. Fernandez; Joy N. Rumble,"<jats:p>Agriculturalists can use social media as a powerful tool for marketing their products and establishing a brand identity. This 3-page EDIS publication, which focuses on defining social media for agriculturalist and identifying the multiple platforms agriculturalist can use, is the first in the Getting the Most out of Social Media series. The goal of this series is to help agriculturalists understand how social media can work for them. The series also discusses the various social media platforms and how to use social media strategically and wisely. Written by Jessica C. Fernandez and Joy N. Rumble, and published by the UF Department of Agricultural Education and Communication, August 2015. (Photo credit: tanuha2001/iStock/Thinkstock.com)&#x0D;; AEC558/WC220: Getting the Most out of Social Media: What Is Social Media? (ufl.edu)</jats:p>",2015,7,3,3,Social media; Social media optimization; Rumble; Sociology; Media studies; Advertising; Public relations; Political science; World Wide Web; Business; Computer science; Computer vision,,,,,https://journals.flvc.org/edis/article/download/132297/135986 https://doi.org/10.32473/edis-wc220-2015,http://dx.doi.org/10.32473/edis-wc220-2015,,10.32473/edis-wc220-2015,,,0,,0,true,cc-by-nc-nd,gold
033-564-192-428-491,Social Media: A Critical Introduction - What Is Social Media,,2014,book chapter,Social Media: A Critical Introduction,,SAGE Publications Ltd,,Christian Fuchs,,,,31,51,Sociology; Media studies; Social media; Media relations,,,,,,http://dx.doi.org/10.4135/9781446270066.n2,,10.4135/9781446270066.n2,2482523110,,0,,322,false,,
033-658-594-686-378,Social Media and Upstream Social Marketing,2023-05-09,2023,book chapter,Beyond the Dark Arts,,WORLD SCIENTIFIC,,Michaela Jackson; Michael Mehmet,"Social media has brought rapid and widespread changes to the way individuals and organisations communicate and interact. This includes the use of social media as a tool for advocacy, activism and support of social movements. While also offering social marketers opportunities to shape upstream environments, discussions of social media’s application to upstream social marketing are nascent. This chapter focuses on how social media can be leveraged by social marketers to encourage change to policy and broader environmental contexts. In particular, the chapter focuses on the practice of social listening — acknowledging both communication and marketing perspectives on this practice. A case where social media has played a key role in fostering and delivering policy change is presented to illustrate these concepts. The chapter closes with a discussion of ethical challenges and considerations associated with using social media for upstream social marketing.",,,249,266,Upstream (networking); Social media; Social marketing; Social media marketing; Business; Marketing; Advertising; Sociology; Digital marketing; Computer science; Telecommunications; World Wide Web,,,,,,http://dx.doi.org/10.1142/9789811276064_0013,,10.1142/9789811276064_0013,,,0,,0,false,,
033-672-387-558-323,Social Media and Social Work,2020-07-15,2020,book,,,Policy Press,,,,,,,,Social media; Sociology; Work (physics); Computer science; World Wide Web; Engineering; Mechanical engineering,,,,,,http://dx.doi.org/10.2307/j.ctv13qfvk3,,10.2307/j.ctv13qfvk3,,,0,,0,false,,
033-726-696-094-973,Social Media,,2020,reference entry,The SAGE International Encyclopedia of Mass Media and Society,,"SAGE Publications, Inc.",,,,,,,,Social media; Computer science; World Wide Web,,,,,,http://dx.doi.org/10.4135/9781483375519.n620,,10.4135/9781483375519.n620,,,0,,0,false,,
033-782-551-235-209,Social Media,2023-10-11,2023,book chapter,Directed Digital Dissidence in Autocracies,,Oxford University PressNew York,,Jason Gainous; Rongbin Han; Andrew W. MacDonald; Kevin M. Wagner,"<jats:title>Abstract</jats:title>;                <jats:p>In this chapter, we present evidence that dissidence is most likely to be located on social media sites such as Weibo, QQ, Kaixin001, Douban, and WeChat. It is here where citizens are likely to encounter information critical of local government. The central government actively censors information critical of itself, but our data and results suggest that they less actively limit critical information directed at the local level. Further, our results show that social media use is on the rise, which could increase the effect of allowing dissidence at the local level while limiting opposition directed at the central government. This finding is supportive of the directed digital dissidence theory. If social media use is connected to exposure to local-level critical flows and the central government sees this as useful strategy to help them maintain their authority, social media serves as a tool to maintain autocratic rule. This contrasts sharply with scholarship that sees social media as a democratizing force. Finally, the results of this chapter provide more evidence that it is the politically engaged who are the most exposed to critical information flows.</jats:p>",,,56,71,Social media; Limiting; Autocracy; Opposition (politics); Scholarship; Local government; Political science; Government (linguistics); Political economy; Sociology; Public administration; Democracy; Politics; Law; Engineering; Mechanical engineering; Linguistics; Philosophy,,,,,,http://dx.doi.org/10.1093/oso/9780197680384.003.0004,,10.1093/oso/9780197680384.003.0004,,,0,018-375-534-543-507; 026-617-053-649-086; 027-250-763-328-218; 033-948-803-252-951; 035-047-128-214-314; 042-177-561-908-367; 057-096-747-290-294; 062-420-387-434-380; 072-350-094-866-51X; 107-564-855-051-393; 112-497-080-550-560; 123-684-702-723-511,0,false,,
034-096-958-429-570,Social Media,2020-10-01,2020,book chapter,Contemporary Issues in Strategic Marketing,,Istanbul University Press,,Bahar Yaşin,,,,119,160,Social media; Sociology; Media studies; Public relations; Internet privacy; The Internet; Political science; Advertising; Computer science; Key (lock); Context (archaeology),,,,,,http://dx.doi.org/10.26650/b/ss05.2020.002.08,,10.26650/b/ss05.2020.002.08,,,0,,0,false,,
034-110-308-558-811,Strategic Social Media: From Marketing to Social Change - Social Media Business Models,2016-10-28,2016,book,Strategic Social Media,,Wiley,,L. Meghan Mahoney; Tang Tang,,,,161,179,Business; Business relationship management; Public relations; Industrial organization; Business model; Sociological theory of diffusion; Social media; Media management; Electronic business; Value proposition; Marketing strategy,,,,,http://onlinelibrary.wiley.com/doi/10.1002/9781119370680.ch10/summary,http://dx.doi.org/10.1002/9781119370680.ch10,,10.1002/9781119370680.ch10,2540729295,,0,015-147-728-909-374; 033-082-613-235-101; 033-326-708-210-298; 044-228-774-495-623; 062-910-677-015-303; 086-849-614-277-489; 093-614-042-501-541; 104-468-859-668-148; 106-980-864-040-676; 113-737-503-228-263; 123-953-960-078-618; 127-791-019-405-059; 134-315-235-693-151; 145-263-032-923-014; 147-359-326-740-087,1,false,,
034-159-514-096-862,"Media, social",2024-10-15,2024,book chapter,Virtuelle Lebenswelten,29436915; 29436923,transcript Verlag,,,,,,133,133,,,,,,,http://dx.doi.org/10.14361/9783839472071-036,,10.14361/9783839472071-036,,,0,,0,false,,
034-172-055-918-746,Social Media,2016-02-05,2016,book,,,Routledge,,Graham Meikle,"Social media platforms have captured the attention and imagination of many millions of people, enabling their users to develop and display their creativity, to empathize with others, and to find connection, communication and communion. But they are also surveillance systems through which those users become complicit in their own commercial exploitation. In this accessible book, Graham Meikle explores the tensions between these two aspects of social media. From Facebook and Twitter to Reddit and YouTube, Meikle examines social media as industries and as central sites for understanding the cultural politics of everyday life. Building on the new forms of communication and citizenship brought about by these platforms, he analyzes the meanings of sharing and privacy, internet memes, remix cultures and citizen journalism. Throughout, Social Media engages with questions of visibility, performance, platforms and users, and demonstrates how networked digital media are adopted and adapted in an environment built around the convergence of personal and public communication.",,,,,Social media; Sociology; Computer science; World Wide Web,,,,,,http://dx.doi.org/10.4324/9781315884172,,10.4324/9781315884172,,,0,,76,false,,
034-285-962-007-824,Research/Subject Guides: Social Media: Social media for students,2018-08-15,2018,,,,,,Michael Doheny,,,,,,Sociology; Subject (philosophy); Media studies; Social media,,,,,,,,,2950244764,,0,,0,false,,
034-612-540-058-379,Social media,,2015,book chapter,Auditioning for Film and Television,,Bloomsbury Methuen Drama,,,,,,,,Social media; Sociology; Computer science; World Wide Web,,,,,,http://dx.doi.org/10.5040/9781472533951.ch-019,,10.5040/9781472533951.ch-019,,,0,,0,false,,
034-684-270-449-46X,Social influence and social media,2021-02-23,2021,book chapter,Principles of Integrated Marketing Communications,,Cambridge University Press,,Lawrence Ang,Marketing in the digital age poses major challenges for traditional and established practices of communication. To help readers meet these challenges Principles of Integrated Marketing Communications: An Evidence-based Approach provides a comprehensive foundation to the principles and practices of integrated marketing communications (IMC). It examines a variety of traditional and digital channels used by professionals to create wide-reaching and effective campaigns that are adapted for the aims of their organisations. This edition has been thoroughly revised and each chapter includes: case studies of significant and award-winning campaigns from both Australian and international brands that illustrate the application of explored concepts; discussion and case study questions that enable readers to critically evaluate concepts and campaigns; a managerial application section that illustrates how concepts can be applied effectively in a real situation; a 'further thinking' section that expands knowledge of advanced concepts and challenges readers to think more broadly about IMC.,,,281,323,Variety (cybernetics); Social media; Foundation (evidence); Section (typography); Public relations; Knowledge management; Engineering ethics; Engineering; Management science; Computer science; Business; Political science; Advertising; World Wide Web; Law; Artificial intelligence,,,,,,http://dx.doi.org/10.1017/9781108628662.008,,10.1017/9781108628662.008,,,0,,0,false,,
034-741-730-975-718,Social Media and Sports Media,2021-07-30,2021,,,,,,David Cassilo,"After reading this chapter, you should be able to do the following:Understand the impact of social media on traditional sports mediaDiscuss the concepts of social media within a sports journalism contextRecognize techniques to engage in personal branding as a sports journalistIdentify strategies to gather information using social media as a sports journalistDescribe how social media can enhance an online broadcast of sportUnderstand the role of social media in contemporary sports mediaApply social media strategies to a variety of contexts within sports media",,,287,311,User-generated content; Social network analysis; Sociology; Framing (social sciences); Social media analytics; Media studies; Public space; Social media; Social network; Social identity theory,,,,,https://ideas.repec.org/h/wsi/wschap/9789811237669_0011.html,https://ideas.repec.org/h/wsi/wschap/9789811237669_0011.html,,,3192899352,,0,,0,false,,
034-980-462-093-847,Social media,2025-05-08,2025,book chapter,Marketing for Microbudget Films,,Routledge,,Nick Mackintosh-Smith,,,,93,99,Social media; Sociology; Computer science; World Wide Web,,,,,,http://dx.doi.org/10.4324/9781003624899-13,,10.4324/9781003624899-13,,,0,,0,false,,
035-010-740-147-673,Impact of Social Media on Communication and Business - Research on Social Media Use,,,book chapter,Impact of Social Media on Communication and Business,,IGI Global,,Bu Zhong,,,,329,1160,Sociology; Media studies; Social media; Media relations,,,,,,http://dx.doi.org/10.4018/978-1-4666-9518-4.les1,,10.4018/978-1-4666-9518-4.les1,2492359164,,0,,1,false,,
035-324-284-856-899,Social Media Is,2015-04-01,2015,journal article,Social Media + Society,20563051,SAGE Publications,,Natalie Fenton,<jats:p> A crap poem. </jats:p>,1,1,2056305115578139,,Internet privacy; Sociology; Social media,,,,,http://journals.sagepub.com/doi/10.1177/2056305115578139 https://journals.sagepub.com/doi/10.1177/2056305115578139 http://journals.sagepub.com/doi/full/10.1177/2056305115578139 http://sms.sagepub.com/content/1/1/2056305115578139.full.pdf http://sms.sagepub.com/lookup/doi/10.1177/2056305115578139 https://core.ac.uk/display/91077824,http://dx.doi.org/10.1177/2056305115578139,,10.1177/2056305115578139,1788685088,,0,,9,true,"CC BY, CC BY-NC",gold
035-330-696-585-555,The SAGE Handbook of Social Media - Web History and Social Media,,2018,book chapter,The SAGE Handbook of Social Media,,SAGE Publications Ltd,,Niels Brügger,,,,196,212,Internet privacy; World Wide Web; Sociology; Web history; Media; Social web; Social media; Social media optimization,,,,,,http://dx.doi.org/10.4135/9781473984066.n12,,10.4135/9781473984066.n12,2769681726,,0,,6,false,,
035-355-241-090-151,Social Media,2015-02-06,2015,book chapter,Online Marketing and Big Data Exploration,,Palgrave Macmillan,,,,,,,,Social media; Sociology; Business; Computer science; World Wide Web,,,,,,http://dx.doi.org/10.1057/9781137488961.0012,,10.1057/9781137488961.0012,,,0,,2,false,,
035-448-461-352-750,Social Media and Social Order,2022-01-28,2022,book,,,,,Stefan Fisher-Høyrem; David Herbert,"Social Media and Social Order combines a structural analysis of the global impact of social media as contributing to the production of a datafied social order with a series of actor-focused analyses, each examining how roles structured by social media are performed at various sites: enmeshed in European cities, entangled in contested Middle Eastern borders, and embedded in provincial Indian small-town networks. The final section then arcs back to a focus on the general properties of social media networks revealed through two American cases, emphasizing the human costs for the recipients of abuse (legislators of color) and the political costs of participatory propaganda for a deliberative understanding of democracy. A central theme is how the principle of differential treatment embedded in the datafied social order is becoming increasingly widespread across social fields. The book demonstrates how social media are implicated in reshaping social order in ways which align with this principle, including creating new precarious hierarchies of esteem, reinforcing existing social, class and religious hierarchies, opening political discussion to more participants but at the cost of reinforcing local hierarchies and dominant discourses, underlining gendered constructions of national identity, amplifying the abuse received by women and people of color in leadership positions and enmeshing users in the circulation of propaganda which resonates with their preconceptions, thus deepening societal polarization.",,,,,Social media; Social order; Order (exchange); Sociology; Computer science; Political science; Business; World Wide Web; Finance; Politics; Law,,,,,https://works.hcommons.org/doi/10.17613/rh7z-zr04,http://dx.doi.org/10.17613/rh7z-zr04,,10.17613/rh7z-zr04,,,0,,0,true,cc-by,gold
035-583-805-238-866,Social Media,2012-07-03,2012,journal article,ZWR - Das Deutsche Zahnärzteblatt,0044166x; 14399148,Georg Thieme Verlag KG,Denmark,Cornelia Gins,"Haben Sie schon einen Facebook-Account? Wenn ja, dann gehören Sie vielleicht zu den 28 Mio. Menschen, um 1980 geboren, die als „Digital Natives“ bezeichnet werden. Sie sind mit den digitalen Technologien, wie Computer und Internet, aufgewachsen. Falls Sie bei der Vorstellung, sich in Facebook darzustellen, Magenschmerzen bekommen (so wie ich), gehören Sie als „Digital Immigrants“ zu den 14 Mio. Menschen, die den technischen Fortschritt angenommen haben und ihn gezielt für ihre Bedürfnisse anwenden.",121,6,261,261,Humanities; Art,,,,,,http://dx.doi.org/10.1055/s-0032-1322441,,10.1055/s-0032-1322441,,,0,,0,false,,
035-650-581-698-747,Social media mindset: organisational structure for social media,2025-12-31,2025,journal article,The Business & Management Collection,20597177,Henry Stewart Talks,,Julie Atherton,,2025,12,e1006560,e1006560,Social media; Public relations; Sociology; Business; Media studies; Media relations; Digital media; Political science; The Internet; Key (lock); Context (archaeology),,,,,,http://dx.doi.org/10.69645/chvv3978,,10.69645/chvv3978,,,0,,0,false,,
035-703-012-096-742,A comparison of the social media consumer and the non-social media consumer,,2013,journal article,International Journal of Internet Marketing and Advertising,14775212; 17418100,Inderscience Publishers,United Kingdom,Timothy H. Reisenwitz,"This study focused on the characteristics of the social media consumer and the non-social media consumer, and then compared the two groups. The exploratory study used two versions of a questionnaire, in which one version was directed to those who registered for at least one of the social media and a second version, which was directed to those who did not register for any of the social media. Several hypotheses were proposed to compare these two groups. The hypotheses examined innovativeness, risk aversion, brand loyalty, and internet satisfaction. There were significant differences for innovativeness, risk aversion, and internet satisfaction. The findings provide support for this latest internet communications vehicle as a viable tool for marketers, particularly those who introduce new products and services to the marketplace.",8,1,19,,The Internet; Advertising; Business; Marketing; Brand loyalty; Social media; Risk aversion; Exploratory research; Digital marketing,,,,,https://www.inderscienceonline.com/doi/abs/10.1504/IJIMA.2013.056587 https://www.inderscience.com/link.php?id=56587,http://dx.doi.org/10.1504/ijima.2013.056587,,10.1504/ijima.2013.056587,2016092219,,0,003-349-575-583-384; 009-071-892-391-33X; 013-843-007-145-26X; 019-868-876-221-446; 024-502-550-581-382; 031-776-365-641-680; 032-836-393-727-80X; 048-131-555-840-401; 051-710-296-465-276; 057-716-594-068-282; 072-008-665-819-781; 076-853-221-756-840; 101-909-208-394-085; 113-164-124-803-250; 116-109-991-487-660; 125-506-719-203-986; 144-413-186-327-404; 144-685-225-172-994; 163-637-734-144-951; 186-939-521-769-198; 190-322-355-103-191,2,false,,
036-177-681-554-121,Applications of Social Media and Social Network Analysis - Applications of Social Media and Social Network Analysis,,2015,book,Lecture Notes in Social Networks,21905428; 21905436,Springer International Publishing,,Przemysław Kazienko; Nitesh Chawla,"This collection of contributed chapters demonstrates a wide range of applications within two overlapping research domains: social media analysis and social network analysis. Various methodologies were utilized in the twelve individual chapters including static, dynamic and real-time approaches to graph, textual and multimedia data analysis. The topics apply to reputation computation, emotion detection, topic evolution, rumor propagation, evaluation of textual opinions, friend ranking, analysis of public transportation networks, diffusion in dynamic networks, analysis of contributors to communities of open source software developers, biometric template generation as well as analysis of user behavior within heterogeneous environments of cultural educational centers. Addressing these challenging applications is what makes this edited volume of interest to researchers and students focused on social media and social network analysis.",,,,,Graph (abstract data type); World Wide Web; Biometrics; Edited volume; Rumor; Computer science; Reputation; Social media; Public transport; Organizational network analysis,,,,,https://link.springer.com/10.1007/978-3-319-19003-7 https://core.ac.uk/display/157994616,http://dx.doi.org/10.1007/978-3-319-19003-7,,10.1007/978-3-319-19003-7,2506022163,,0,,12,false,,
036-310-522-687-381,Social Media Warfare - 12 Adult Victims in Social Media Warfare,2017-05-25,2017,book chapter,Social Media Warfare,,CRC Press,,Michael Erbschloe,,,,209,227,Sociology; Social media; Criminology,,,,,,http://dx.doi.org/10.1201/9781315232072-13,,10.1201/9781315232072-13,2617184604,,0,,0,false,,
036-437-248-099-883,Social media and social work regulation,2020-07-15,2020,book chapter,Social Media and Social Work,,Policy Press,,Claudia Megele; Lyn Romeo; Peter Buzzi,,,,177,206,Social media; Work (physics); Sociology; Computer science; World Wide Web; Engineering; Mechanical engineering,,,,,,http://dx.doi.org/10.2307/j.ctv13qfvk3.13,,10.2307/j.ctv13qfvk3.13,,,0,,0,false,,
036-617-512-063-168,Policing and Social Media: Social Control in an Era of New Media:,2018-02-21,2018,journal article,Contemporary Sociology: A Journal of Reviews,00943061; 19398638,SAGE Publications,United States,Sarah Lageson,,47,2,217,219,Sociology; Media studies; Social control; Social media; New media,,,,,https://journals.sagepub.com/doi/full/10.1177/0094306118755396ii,http://dx.doi.org/10.1177/0094306118755396ii,,10.1177/0094306118755396ii,2789960793,,0,,1,false,,
036-811-546-439-994,Social Media,,2022,reference entry,The SAGE Encyclopedia of Journalism,,"SAGE Publications, Inc.",,,,,,,,Social media; Political science; Sociology; Computer science; World Wide Web,,,,,,http://dx.doi.org/10.4135/9781544391199.n377,,10.4135/9781544391199.n377,,,0,,0,false,,
036-818-267-992-852,Social Media,,2024,book chapter,Encyclopedia of Tourism,,Springer Nature Switzerland,,Ana María Munar; Wenjie Cai,,,,966,967,Social media; Sociology; Computer science; World Wide Web,,,,,,http://dx.doi.org/10.1007/978-3-030-74923-1_180,,10.1007/978-3-030-74923-1_180,,,0,036-410-819-430-278; 043-872-510-365-172; 085-999-907-898-059; 090-225-104-045-185; 168-925-010-320-903,0,false,,
037-033-161-473-559,Social Media and Participatory Democracy - Social Media and Participatory Democracy,2014-01-01,2014,book,,,Peter Lang US,,E Shannon Martin,,,,,,Participatory action research; Political science; Participatory democracy; Public relations; Social media,,,,,https://www.peterlang.com/document/1051387,http://dx.doi.org/10.3726/978-1-4539-1317-8,,10.3726/978-1-4539-1317-8,2505341760,,0,,0,false,,
037-406-570-786-31X,"Social media, social activism and the law",2019-02-11,2019,journal article,Journal of Paediatrics and Child Health,10344810; 14401754,Wiley,United Kingdom,David Isaacs,,55,2,243,244,Media studies; Social activism; Social media; Medicine,,,,,http://europepmc.org/abstract/MED/30746880 https://onlinelibrary.wiley.com/doi/10.1111/jpc.14355,http://dx.doi.org/10.1111/jpc.14355,,10.1111/jpc.14355,2912253079,,0,065-575-704-593-648; 127-284-588-648-636,0,false,,
037-478-671-104-149,Social Media Processing - Social Media Processing,,2015,book,Communications in Computer and Information Science,18650929; 18650937,Springer Singapore,Germany,Xichun Zhang; Maosong Sun; Zhenyu Wang; Xuanjing Huang,,,,,,Sociology; Media studies; Social media,,,,,https://link.springer.com/10.1007/978-981-10-0080-5,http://dx.doi.org/10.1007/978-981-10-0080-5,,10.1007/978-981-10-0080-5,3139945713,,0,,2,false,,
037-725-920-455-798,Social Media and Social (In)Justice in Higher Education:Twitter and Social Media as critical media pedagogy “tools”,2020-03-19,2020,,,,,,Natasa Lackovic,"Information that students read on social media globally comes from a fantastic range of resources and platforms (Burnett and Merchant, 2011). Students use social media significantly in relation to discussing and finding information related to academic or any personal matter (Junco, 2014). As such, these media, albeit all media are social, have become a fundamental part of students’ experience; a part of being a student at university. “Being at university” (participation) is what McLean (2019) sees as one phase where social injustice of higher education occurs. Other two phases include students’ access to university and moving to post-university life (McLean, 2019). With regards to the mentioned “being at university”, such being does not happen only via curricular academic engagement and a student’s physical presence, but also virtually via a student’s online presence and engagement that connects to their real life experiences. I propose that the injustice the students might experience, concerning their social media presence, is linked to their lack of access to critical media pedagogy and literacy practice. Regardless of the subject, this would enhance students’ understanding of social media’s varied nature, roles and functions. I also argue that this type of pedagogy, practice and training is necessary for any subject, discipline and programme, and goes beyond transactional media literacy role of acquiring some literacy “skills” (Mihailidis, 2018). Rather, it should also support Higher Education’s civic role in building more socially just societies (McArthur, 2010). This view aligns with “civic media literacy” to “produce and reproduce the sense of being in the world with others towards common good” (Mihailidis, 2018, p.1) I develop the rationale for the aforementioned arguments in the remainder of this chapter, mainly building on the work in critical social media by Christian Fuchs (2017), related perspectives by Paul Mihailidis (2018) and Jan McArthur (2010). The overall approach adopted is one of critical theory of social media.",,,,,Higher education; Common good; Sociology; Online presence management; Pedagogy; Student engagement; Injustice; Social media; Literacy; Media literacy,,,,,https://eprints.lancs.ac.uk/id/eprint/134000/,https://eprints.lancs.ac.uk/id/eprint/134000/,,,2973137565,,0,,0,false,,
037-840-975-509-11X,Social Media,2018-04-09,2018,book chapter,Privacy's Blueprint,,Harvard University Press,,,,,,197,229,Social media; Sociology; Psychology; Computer science; World Wide Web,,,,,,http://dx.doi.org/10.2307/j.ctv24w65dh.10,,10.2307/j.ctv24w65dh.10,,,0,,0,false,,
038-004-149-078-250,Social Media and Emerging Economies - Social Media and Emerging Economies,,2014,book,SpringerBriefs in Business,21915482; 21915490,Springer International Publishing,,Manlio Del Giudice; Maria Rosaria Della Peruta; Elias G. Carayannis,,,,,,Emerging markets; Business; Social media; Economic system,,,,,https://ideas.repec.org/b/spr/spbrbu/978-3-319-02490-5.html https://link.springer.com/10.1007/978-3-319-02490-5,http://dx.doi.org/10.1007/978-3-319-02490-5,,10.1007/978-3-319-02490-5,2498849466,,0,,7,false,,
038-158-885-178-18X,Social Capital in Social Media Networks,2018-06-05,2018,journal article,Filosofija. Sociologija,24244546; 02357186,Lithuanian Academy of Sciences,Lithuania,Jurgita Jurkevičienė; Eglė Butkevičienė,"New social media such as Facebook and Google+ are web-based communication platforms that enable socially meaningful interactions between contacts in the virtual space (Ellison et al. 2014). Studies show that new social media are particularly conducive to social capital development, as they offer its users the possibility of creating heterogeneous, extremely large electronic social networks (Hampton et al. 2011). This article presents the results of a quantitative research study on the social capital and trust of the Lithuanian population in the electronic social networks. The study used an adapted D. Williams’ Internet Social Capital Scale (2006).",29,2,,,Internet privacy; The Internet; Sociology; Population; Virtual space; Social media; Scale (social sciences); Social capital,,,,,https://www.lmaleidykla.lt/ojs/index.php/filosofija-sociologija/article/download/3705/2503,http://dx.doi.org/10.6001/fil-soc.v29i2.3705,,10.6001/fil-soc.v29i2.3705,2806844265,,0,,0,true,,gold
038-613-676-265-211,Social Media for Government Services - Social Media for Government Services: An Introduction,,2015,book,Social Media for Government Services,,Springer International Publishing,,Surya Nepal; Cecile Paris; Dimitrios Georgeakopoulos,"Government agencies and departments all over the world have started using various forms of social media for different purposes. Though the use of social media in public sectors is increasing, the adoption path is not easy and straightforward. Furthermore, in many situations, the use is still in an infancy stage when it is measured against pre-set objectives. The aim of this chapter is multiple folds. The chapter first provides a brief introduction of social media and types of social media. It then describes the adoption process in government. This is followed by some example applications where social media has been successfully used. A few key challenges that are proven to be difficult in adopting social media are given. Finally, the chapter provides a framework to define guidelines and policies to overcome these challenges.",,,3,24,Public sector; Government; Political science; Key (cryptography); Public relations; Process (engineering); Social web; Social media,,,,,https://link.springer.com/10.1007/978-3-319-27237-5_1 https://rd.springer.com/chapter/10.1007/978-3-319-27237-5_1 https://link.springer.com/chapter/10.1007/978-3-319-27237-5_1 https://link.springer.com/chapter/10.1007/978-3-319-27237-5_1/fulltext.html,http://dx.doi.org/10.1007/978-3-319-27237-5_1,,10.1007/978-3-319-27237-5_1,2264767456,,0,003-187-717-869-304; 003-590-213-149-274; 004-288-931-757-177; 006-526-611-377-566; 009-862-549-724-708; 012-926-858-507-932; 016-656-710-555-864; 019-583-953-430-964; 021-003-175-946-267; 026-086-351-311-235; 026-458-930-157-732; 027-678-614-931-942; 036-239-707-425-573; 038-926-306-609-168; 041-158-991-692-121; 043-949-742-134-835; 044-888-938-989-00X; 049-027-113-917-324; 050-560-514-687-655; 052-724-103-966-749; 055-524-866-430-670; 060-647-054-175-919; 069-558-892-680-204; 070-670-798-218-609; 072-372-122-494-678; 076-948-001-290-307; 083-925-625-829-149; 084-770-935-387-692; 085-105-780-142-784; 085-370-015-235-868; 088-856-879-242-634; 096-837-787-652-755; 101-996-182-153-862; 102-539-669-801-748; 111-855-654-871-111; 119-664-156-603-48X; 120-698-199-191-076; 124-766-010-049-314; 132-164-873-997-741; 137-862-095-061-540; 138-837-736-312-904; 153-836-838-884-136; 154-401-865-113-891; 156-802-878-973-532; 164-233-751-793-174; 175-827-597-067-031; 184-841-516-628-325; 190-251-150-211-652,5,false,,
038-750-664-808-371,Socialising Anti-Social Social Media,,2018,book chapter,,,,,Christian Fuchs,,,,,,Political science; Media studies; Anti social; Social media,,,,,https://westminsterresearch.westminster.ac.uk/item/q9605/socialising-anti-social-social-media,https://westminsterresearch.westminster.ac.uk/item/q9605/socialising-anti-social-social-media,,,2906561035,,0,023-283-362-621-152; 029-187-689-342-700; 137-504-558-969-679,0,false,,
038-831-548-120-881,Social Justice and Media. Media Corner.,,1994,journal article,Social studies and the young learner,10560300,,,Joseph A. Braun,,7,1,27,29,Primary education; Social history; Racism; Sociology; Social studies; Civil liberties; Hypermedia; Social justice; Social science; Social issues,,,,,https://eric.ed.gov/?id=EJ495572,https://eric.ed.gov/?id=EJ495572,,,305592218,,0,,0,false,,
039-172-379-195-144,"Media, social",2024-10-15,2024,book chapter,transcript Verlag eBooks,,,,,,,,133,133,Sociology,,,,,,,,,,,0,,0,false,,
039-230-719-364-411,"MOJO, SOCIAL NETWORKS AND SOCIAL MEDIA",2015-07-16,2015,book chapter,MOJO: The Mobile Journalism Handbook,,Routledge,,,,,,248,263,Social media; Sociology; Computer science; World Wide Web,,,,,,http://dx.doi.org/10.4324/9781315740294-16,,10.4324/9781315740294-16,,,0,,0,false,,
039-320-834-153-07X,Social media,2014-04-01,2014,editorial,Tijdschrift voor diergeneeskunde,00407453,Koninklijke Nederlandse Maatschappij voor Diergeneeskunde,Netherlands,Johan Klein Haneveld,,139,4,1,1,Social media; Computer science; World Wide Web,,Humans; Netherlands; Periodicals as Topic/trends; Social Media/trends; Veterinary Medicine,,,,https://www.ncbi.nlm.nih.gov/pubmed/24765907,24765907,,,,0,,0,false,,
039-480-066-596-662,Social Media and Social Order,2022-01-28,2022,book,,,De Gruyter Open,,,,,,,,,,,,,,http://dx.doi.org/10.2478/9788366675612,,10.2478/9788366675612,,,0,,3,false,,
039-754-748-867-55X,Getting the Most out of Social Media: What Is Social Media?,2021-07-12,2021,journal article,EDIS,25760009,University of Florida George A Smathers Libraries,,Caroline R. Warwick; Lauri M. Baker; Jessica C. Fernandez; Joy N. Rumble,"<jats:p>This EDIS publication is written for Florida agriculturalists, Extension agents, agricultural organizations, and other individuals interested in successfully using social media to connect with their stakeholders, potential customers or other individuals. This 3-page publication focuses on describing social media and examples of different social media and each’s use. Minor revision by Caroline R. Warwick, Lauri M. Baker, Jessica C. Fernandez, and Joy N. Rumble.</jats:p>",2021,4,,,Sociology; Media studies; Social media,,,,,https://journals.flvc.org/edis/article/download/128665/130862,http://dx.doi.org/10.32473/edis-wc220-2021,,10.32473/edis-wc220-2021,3179840204,,0,,0,true,cc-by-nc-nd,gold
039-818-301-332-911,Social Media,,2011,book chapter,Android Tablets Made Simple,,Apress,,Marziah Karch,"Tablets are great devices for keeping track of Twitter, Facebook, and other social media. Not only can you use these services to type messages, but you can also use them to sense location, take photos, and even edit movies. In this chapter, you will learn how to share content from your Android with your colleagues, friends, family, and fans.",,,173,187,Social media; Android (operating system); World Wide Web; Computer science; Advertising; Microblogging; Internet privacy; Multimedia; Business; Operating system,,,,,,http://dx.doi.org/10.1007/978-1-4302-3672-6_15,,10.1007/978-1-4302-3672-6_15,,,0,,0,false,,
040-268-960-841-092,"Feature - Social Media: Social Media, Health Promotions and a Point of Difference",2010-10-01,2010,journal article,AJP: The Australian Journal of Pharmacy,,,,Daniele Lima,"The power of social media can reinforce areas of expertise, help better leverage existing health promotions and develop a pharmacy's point of difference to competition.",91,1085,76,,Pharmacy; Advertising; Business; Publishing; Project commissioning; Power (social and political); Leverage (negotiation); Point of difference; Competition (economics); Social media,,,,,http://search.informit.com.au/documentSummary;dn=474713190359182;res=IELHEA,http://search.informit.com.au/documentSummary;dn=474713190359182;res=IELHEA,,,2229617794,,0,,0,false,,
040-271-108-818-361,LibGuides: Introduction to Social Media: The social media research cycle,2013-03-11,2013,,,,,,Caroline Ball,These pages are intended to support academic staff interested in the use of social media to develop a professional online research presence and consider the issues inherent in working in such an open manner online.,,,,,Sociology; Online research methods; Public relations; Social media,,,,,,,,,2972529160,,0,,0,false,,
040-281-960-860-134,"Social Media, Social Design and Social Construction: Dialectic Approach for the Use of Social Media in the Public Sector",,2011,journal article,"The International Journal of Technology, Knowledge, and Society",18323669,Common Ground Research Networks,,B. Joon Kim; Farida Adam,,7,3,65,78,Social relation; Social position; Political science; Social change; Social science; Public relations; Social philosophy; Social transformation; Social network; Social order; Social engagement,,,,,http://opus.ipfw.edu/dpea_facpubs/121/ https://cgscholar.com/bookstore/works/social-media-social-design-and-social-construction,http://dx.doi.org/10.18848/1832-3669/cgp/v07i03/56210,,10.18848/1832-3669/cgp/v07i03/56210,53988967,,0,,4,false,,
040-414-108-451-681,Social Media,2013-01-14,2013,other,The Wiley-Blackwell Encyclopedia of Social and Political Movements,,Wiley,,Beth Gharrity Gardner,"<jats:title>Abstract</jats:title><jats:p>The implications of social media for social change are fueling incredible debate at the time of this writing. This is being driven by the unprecedented diffusion of social media technologies and services, such as text messaging, e‐mail, blogs, YouTube, Facebook, and the like, over the first decade of this century. For movement scholars, more important than the new digital technologies themselves are their consequences for social movements and protest. To be sure, there is no shortage of fodder for theoretical and empirical questioning. Not only has social media been ascribed a pivotal role in the coordination of rapid, massive, and—in some cases—revolutionary mobilizations in geopolitical contexts as diverse as Iran, Moldova, and Tunisia, but they lend new meaning to the iconic phrase<jats:italic>the whole world is watching</jats:italic>as actors broadcast events in real time to international audiences. Through the variety of available, easy to use designs, social media enable novel forms of one‐to‐many and many‐to‐many communication that reveal surprising contours of an evolving “virtual public sphere” (Langman 2005). By altering the communication landscape these technologies are changing the terrains of contentious politics. They broadly call into question long‐standing assumptions about social movements.</jats:p>",,,,,Social media; Variety (cybernetics); Social movement; Public sphere; Politics; Media studies; Political science; Sociology; Public relations; Computer science; Law; Artificial intelligence,,,,,,http://dx.doi.org/10.1002/9780470674871.wbespm487,,10.1002/9780470674871.wbespm487,,,0,033-943-889-313-723; 036-939-028-795-414; 058-649-011-288-945; 070-920-567-420-390; 074-301-114-189-168,0,false,,
040-742-139-774-494,Social Media,2023-05-22,2023,book chapter,The British Media Industries,,Routledge,,Vincent Campbell; Paul Smith,"The rise of social media represents arguably the biggest single change to the British media landscape over the last decade or so. This chapter examines some of the distinctive features of the social media industry. Part one discusses the way the audience is utilised as both a source of content and personal data, which is then used for targeted advertising. Part two provides an overview of the use of social media in Britain, including the most popular platforms. Part three analyses the particular underlying economic characteristics of the social media industries and how they help to explain the domination of the industry by a handful of platforms, three of which are owned by a single company, Meta (Facebook, Instagram, and WhatsApp). The final part of the chapter examines the British government’s ongoing attempt to regulate different forms of content accessed via social media through its planned ‘online harms’ legislation.",,,161,173,Social media; Sociology; Computer science; World Wide Web,,,,,,http://dx.doi.org/10.4324/9781315396781-14,,10.4324/9781315396781-14,,,0,,0,false,,
040-760-460-257-759,Social Penetration by Social Media Usage,2016-09-28,2016,,,,,,Yudi Perbawaningsih,"Indonesia has a cultural value that women must be married. Therefore, women above 25 years and do not yet show signs for getting married will be the society’s gossip.To overcome the issues, parents usually help find a mate for her daughter, known as “match” or “forced marriages” regardless she is willing or not. On the other hand, women who looking for a mate through a dating agency are also considered as not good. In this condition, social media in Indonesia is very welcomed. The development of interpersonal relationship process becomes easier and faster. Through conversation analysis the research shows that the social media changes the way we communicate and build interpersonal relation. It also changes the characters and the quality of interpersonal relationships. In the context of intercultural communication,symbols of communication are strongly bound by any culture, rather than inter-cultural relations based on conventional media.",3,1,1,8,Agency (sociology); Psychology; Intercultural communication; Value (ethics); Quality (business); Context (language use); Conversation analysis; Social media; Social psychology; Interpersonal relationship,,,,,https://link.springer.com/article/10.7603/s40874-016-0007-7 https://link.springer.com/content/pdf/10.7603/s40874-016-0007-7.pdf,https://link.springer.com/article/10.7603/s40874-016-0007-7,,,2573683447,,0,042-582-649-474-478,0,false,,
040-808-608-598-403,"Personality Traits and Social Media Use in 20 Countries: How Personality Relates to Frequency of Social Media Use, Social Media News Use, and Social Media Use for Social Interaction.",,2017,journal article,"Cyberpsychology, behavior and social networking",21522723; 21522715,SAGE Publications,United States,Homero Gil de Zúñiga; Trevor Diehl; Brigitte Huber; James H. Liu,"Abstract This study examines the relationship between peoples' personality traits and social media uses with data from 20 societies (N = 21,314). A measure of the “Big Five” personality traits is tested on key social media dimensions: frequency of use, social interaction, and news consumption. Across diverse societies, findings suggest that while extraversion, agreeableness, and conscientiousness are all positive predictors of different types of social media use, emotional stability and openness are negatively related to them.",20,9,540,552,Social relation; Hierarchical structure of the Big Five; Big Five personality traits and culture; Psychology; Agreeableness; Social group; Personality; Social competence; Big Five personality traits; Social psychology,personality traits; social media for social interaction; social media news use; social media use; “Big Five ”,Adult; Female; Humans; Interpersonal Relations; Male; Personality; Social Media/statistics & numerical data,,,http://www.liebertpub.com/doi/10.1089/cyber.2017.0295 https://scholars.cmich.edu/en/publications/personality-traits-and-social-media-use-in-20-countries-how-perso-3 https://www.ncbi.nlm.nih.gov/pubmed/28922034 https://pubmed.ncbi.nlm.nih.gov/28922034/ https://pennstate.pure.elsevier.com/en/publications/personality-traits-and-social-media-use-in-20-countries-how-perso https://doi.org/10.1089/cyber.2017.0295 https://www.liebertpub.com/doi/full/10.1089/cyber.2017.0295 https://dblp.uni-trier.de/db/journals/cbsn/cbsn20.html#ZunigaDHL17 https://online.liebertpub.com/doi/full/10.1089/cyber.2017.0295,http://dx.doi.org/10.1089/cyber.2017.0295,28922034,10.1089/cyber.2017.0295,2754396919,,0,000-360-514-408-29X; 001-285-367-053-917; 001-501-774-185-136; 005-980-245-421-339; 009-349-932-981-152; 016-299-296-673-95X; 019-498-702-869-650; 020-934-181-193-846; 021-752-418-696-775; 023-657-425-840-971; 024-404-885-338-887; 027-647-217-179-580; 029-209-892-669-148; 031-716-351-502-124; 032-436-263-433-085; 042-172-665-705-019; 044-105-375-661-559; 045-735-538-028-479; 045-933-980-905-515; 051-118-928-822-102; 053-458-581-883-611; 057-182-645-993-352; 058-630-650-029-149; 063-297-687-343-136; 065-947-307-056-050; 072-932-490-314-311; 076-206-891-163-701; 087-670-384-568-614; 093-992-491-027-310; 107-373-466-365-653; 119-664-156-603-48X; 120-844-326-849-460; 122-472-332-293-399; 126-352-301-940-564; 136-217-212-687-780; 143-754-056-848-091; 149-585-990-481-35X; 164-233-751-793-174; 172-611-047-542-094,145,false,,
041-052-188-680-37X,"Social media, social networking, and social movements",2018-01-12,2018,book chapter,Same-Sex Marriage and Social Media,,Routledge,,Rhonda Gibson,,,,13,24,Social movement; Sociology; Media studies; Social media,,,,,https://www.taylorfrancis.com/books/9781315179773/chapters/10.4324/9781315179773-2 https://content.taylorfrancis.com/books/download?dac=C2016-0-40591-4&isbn=9781315179773&doi=10.4324/9781315179773-2&format=pdf,http://dx.doi.org/10.4324/9781315179773-2,,10.4324/9781315179773-2,2904097116,,0,,0,false,,
041-052-752-156-182,Social Media,2018-01-19,2018,book chapter,Visual Ethics,,Routledge,,Paul Martin Lester; Stephanie A. Martin; Martin Smith-Rodden,"Technologies have often been employed to promote political messages directly to the public by circumventing the usual mass communication media elite. In 1517, only about 70 years after Johannes Gutenberg's invention of the commercial printing press, Martin Luther supposedly hammered printed flyers on the wooden doors of religious institutions. Viewed as an entertainment medium since its modern introduction within a Parisian theatre by Auguste and Louis Lumiere in 1895, motion pictures were not thought of as persuasive tools until years later. &quot;Social&quot; relates to an informal gathering of like-minded individuals who are part of a particular group with cultural participation that might include persons by class, education, gender, ethnicity, interest, race, politics, religion, and/or others. Social media staples such as texting to friends, sharing pithy observations, updating a status, uploading a picture, and so on is almost always noncontroversial and ethical.",,,103,114,Social media; Sociology; Computer science; World Wide Web,,,,,,http://dx.doi.org/10.4324/9781315455136-10,,10.4324/9781315455136-10,,,0,,0,false,,
041-136-070-092-183,ICWSM - Social Media Is NOT that Bad! The Lexical Quality of Social Media.,2012-05-20,2012,conference proceedings,,,,,Luz Rello; Ricardo Baeza-Yates,"There is a strong correlation between spelling errors and web text content quality. Using our lexical quality measure,  based in a small corpus of spelling errors, we present an estimation of the lexical quality of the main Social Media sites. This paper presents an updated and complete analysis of the lexical quality of Social Media written in English and Spanish, including how lexical quality changes in time.",,,,,Artificial intelligence; Natural language processing; Spelling; Quality (business); Computer science; Social media; Lexical density,,,,,https://www.aaai.org/ocs/index.php/ICWSM/ICWSM12/paper/download/4711/5057 https://dblp.uni-trier.de/db/conf/icwsm/icwsm2012.html#RelloB12 http://dblp.uni-trier.de/db/conf/icwsm/icwsm2012.html#RelloB12,https://dblp.uni-trier.de/db/conf/icwsm/icwsm2012.html#RelloB12,,,2281932989,,0,002-201-032-015-180; 007-482-011-093-783; 009-242-960-301-994; 011-207-532-109-128; 011-854-399-312-637; 019-226-991-602-231; 050-022-928-435-847; 051-034-775-217-068; 064-892-325-118-153; 067-636-437-423-810; 090-025-121-958-529; 152-798-578-638-359; 154-358-740-405-785; 176-985-343-413-758,9,false,,
041-447-636-469-110,Social Media,2024-10-29,2024,book chapter,Handbook of Media and Communication Economics,,Springer Fachmedien Wiesbaden,,Castulus Kolo,,,,909,935,Social media; Psychology; Sociology; Computer science; World Wide Web,,,,,,http://dx.doi.org/10.1007/978-3-658-39909-2_39,,10.1007/978-3-658-39909-2_39,,,0,000-539-575-749-063; 004-394-578-754-360; 004-489-738-283-425; 004-765-055-958-970; 008-058-936-412-356; 008-278-815-727-401; 009-007-421-701-622; 009-329-721-118-377; 010-371-240-378-308; 011-854-399-312-637; 014-087-695-493-174; 017-190-377-836-922; 017-818-197-356-885; 018-005-412-661-152; 018-975-473-692-216; 019-358-095-567-452; 020-136-324-524-66X; 020-430-572-984-830; 023-281-398-073-582; 024-214-919-248-883; 028-680-508-871-949; 030-284-010-685-695; 035-290-649-562-226; 037-573-937-777-806; 041-208-812-679-611; 042-994-132-118-041; 043-212-316-018-384; 044-390-916-147-604; 044-715-321-107-42X; 045-475-384-258-141; 046-950-634-440-146; 047-532-377-377-442; 047-863-599-528-775; 050-373-293-781-82X; 051-202-893-756-708; 052-248-335-084-118; 052-858-978-036-185; 055-194-573-773-195; 056-741-989-730-734; 058-662-221-184-892; 059-940-278-452-169; 061-492-181-874-504; 061-974-970-553-086; 067-898-041-384-958; 069-015-731-885-590; 069-016-687-885-562; 069-936-962-955-409; 070-678-894-486-036; 072-372-122-494-678; 073-391-955-757-671; 073-582-609-444-252; 074-332-277-439-194; 076-392-369-238-928; 078-250-940-872-821; 086-394-539-147-853; 087-231-665-868-352; 089-370-775-240-841; 091-097-722-680-103; 093-200-687-277-946; 094-688-375-296-724; 096-403-236-262-592; 098-782-453-541-163; 099-349-231-635-454; 100-370-915-299-754; 101-563-272-457-698; 101-858-508-751-657; 104-385-945-867-465; 105-271-842-860-042; 105-277-989-012-328; 106-921-797-339-925; 109-795-740-226-502; 110-074-460-052-945; 112-243-362-596-073; 119-664-156-603-48X; 119-770-359-884-276; 129-457-399-994-762; 133-344-438-348-469; 133-757-674-872-356; 138-791-357-358-928; 150-268-584-753-555; 151-794-370-332-68X; 156-288-278-708-891; 156-332-035-204-424; 157-354-206-027-607; 159-288-012-300-169; 160-999-418-824-241; 163-506-395-697-729; 178-643-297-115-591; 181-247-378-462-054,0,false,,
041-504-896-105-303,Dissemination of hate on social media: analysis of social medias's performance,2018-02-16,2018,journal article,Interações (Campo Grande),1984042x,Universidade Catolica Dom Bosco,,Marluci Stein; Cristine Hermann Nodari; Julice Salvagni,"Neste artigo, aborda-se a disseminacao do odio nas midias sociais sob o ponto de vista de quem gerencia as plataformas na web. Em um estudo de caso com entrevista semiestruturada de sete profissionais, analisou-se como os responsaveis por administrar paginas na internet agem diante de comentarios negativos que incitem o odio. Os resultados apontaram conteudos mais suscetiveis e o desconhecimento dos profissionais quanto a regras especificas na hora de interagir com haters e usuarios.",19,1,43,59,Sociology; Media studies; Social media,social media; hate; internet; cyberculture; interac vity,,,,https://www.scielo.br/pdf/inter/v19n1/1518-7012-inter-19-01-0043.pdf http://www.scielo.br/pdf/inter/v19n1/1518-7012-inter-19-01-0043.pdf,http://dx.doi.org/10.20435/inter.v19i1.1535,,10.20435/inter.v19i1.1535,2789026248; 3135688204; 3134838105,,0,,5,true,cc-by,green
041-512-234-686-014,"Accessible Social Media Basics for
                                                  EducationAccessible Social Media Basics for
                                                  Education",2015-05-11,2015,journal article,PsycCRITIQUES,15540138,Portico,,Pamela Rutledge,,6060,1919,,,,,,,,,http://dx.doi.org/10.1037/a0039192,,10.1037/a0039192,,,0,,0,false,,
041-556-051-100-855,Research Guides: Social Media: Social Media Research For Class,2011-10-17,2011,libguide,,,,,Trip Wyckoff,,,,,,Sociology; Class (computer programming); Media studies; Social media,,,,,https://guides.lib.fsu.edu/c.php?g=352919&p=2382622,https://guides.lib.fsu.edu/c.php?g=352919&p=2382622,,,2952827757,,0,,0,false,,
041-922-947-112-477,LibGuides: Media Literacy: Social Media,2015-01-20,2015,libguide,,,,,Lora Cowell,This guides serves as and online primer and textbook for the Media Literacy classes at MGHS.,,,,,Sociology; Library science; Social media; Media literacy,,,,,https://libguides.mononagrove.org/c.php?g=210781&p=1396599,https://libguides.mononagrove.org/c.php?g=210781&p=1396599,,,3026308923,,0,,0,false,,
042-068-804-868-222,Social Media Guidelines: Boundaries of Journalism in the age of Social Media,,2018,,,,,,Ayse Lale Sivgin Dundar,,,,,,Journalism; Sociology; Media studies; Social media,,,,,,,,,2969314652,,0,,0,false,,
042-182-640-349-168,Media is always social: How social media constitute subject-positions,,2011,,,,,,Alexander Styhre,,,,,,Sociology; Subject (philosophy); Media studies; Social media,,,,,https://research.chalmers.se/en/publication/163989,https://research.chalmers.se/en/publication/163989,,,2902805497,,0,,0,false,,
042-353-642-018-411,Social Media: A Critical Introduction - What Is a Critical Introduction to Social Media,,2014,book chapter,Social Media: A Critical Introduction,,SAGE Publications Ltd,,Christian Fuchs,,,,1,28,Sociology; Media studies; Social media,,,,,,http://dx.doi.org/10.4135/9781446270066.n1,,10.4135/9781446270066.n1,2483344187,,0,,13,false,,
042-353-780-552-698,Social Media in Sport - Social Media and Data Management in Sport,2021-07-30,2021,book chapter,Social Media in Sport,,WORLD SCIENTIFIC,,Yoseph Mamo; Yiran Su; Gashaw Abeza,,,,167,190,Sociology; Data management; Public relations; Social media,,,,,http://dx.doi.org/10.1142/9789811237669_0007,http://dx.doi.org/10.1142/9789811237669_0007,,10.1142/9789811237669_0007,3192951059,,0,,1,false,,
042-510-076-490-055,ROLE OF SOCIAL MEDIA IN SOCIAL AUDIT.,2016-10-31,2016,journal article,International Journal of Advanced Research,23205407,International Journal Of Advanced Research,,Trilochan Chorasia,,4,10,1408,1411,Sociology; Social audit; Public relations; Social media; Social engagement,,,,,https://www.journalijar.com/article/12735/role-of-social-media-in-social-audit./,http://dx.doi.org/10.21474/ijar01/1940,,10.21474/ijar01/1940,2555905379,,0,,2,true,cc-by,hybrid
042-949-304-645-137,Social Computing and Social Media - Social Computing and Social Media,,2014,book,Lecture Notes in Computer Science,03029743; 16113349,Springer International Publishing,Germany,Gabriele Meiselwitz,"The use of general descriptive names, registered names, trademarks, service marks, etc. in this publication does not imply, even in the absence of a specific statement, that such names are exempt from the relevant protective laws and regulations and therefore free for general use. While the advice and information in this book are believed to be true and accurate at the date of publication, neither the authors nor the editors nor the publisher can accept any legal responsibility for any errors or omissions that may be made. The publisher makes no warranty, express or implied, with respect to the material contained herein.",,,,,Sociology; Public relations; Social media; Social computing; Social network; Social engagement,Design; User Experience; and Usability,,,,https://link.springer.com/10.1007/978-3-319-20367-6,http://dx.doi.org/10.1007/978-3-319-07632-4,,10.1007/978-3-319-07632-4,2494617267,,0,,7,true,,bronze
043-022-768-993-626,Media Reports and Social Media Platforms,,2024,book chapter,Statistical Literacy,,SAGE Publications Ltd,,,,,,,,,,,,,,http://dx.doi.org/10.4135/9781036232818.n7,,10.4135/9781036232818.n7,,,0,,0,false,,
043-033-664-960-727,Social media,2021-12-17,2021,book chapter,Encyclopedia of Sport Management,,Edward Elgar Publishing,,Jimmy Sanderson,,,,,,Social media; Sociology; Computer science; World Wide Web,,,,,,http://dx.doi.org/10.4337/9781800883284.social.media,,10.4337/9781800883284.social.media,,,0,,0,false,,
043-043-950-619-633,Search Smart: *Social Media Group: Social Media Email,2015-05-05,2015,libguide,,,,,Tim Ormsby,,,,,,Internet privacy; World Wide Web; Sociology; Social media; Social media optimization; Social computing; Group (mathematics),,,,,https://flinders.libguides.com/socialmedia/email,https://flinders.libguides.com/socialmedia/email,,,2740570105,,0,,0,false,,
043-062-836-490-315,Social Media in Organisationen - Social Media in Organisationen,,2012,book,,,Gabler Verlag,,Stefan Hauptmann,,,,,,,,,,,https://link.springer.com/10.1007/978-3-8349-4051-3,http://dx.doi.org/10.1007/978-3-8349-4051-3,,10.1007/978-3-8349-4051-3,2477959222,,0,,11,false,,
043-335-855-665-29X,Sleepless due to social media? Investigating problematic sleep due to social media and social media sleep hygiene,,2020,journal article,Computers in Human Behavior,07475632,Elsevier BV,United Kingdom,Anushree Tandon; Puneet Kaur; Amandeep Dhir; Matti Mäntymäki,"Abstract Emergent research suggests that “fear of missing out” (FoMO)-driven nocturnal use of social media may result in sleep disturbances and adversely influence quality of sleep. Previous research in this area primarily focused on adolescents. Therefore, knowledge of these occurrences in young adults is limited. This study addresses this knowledge gap by investigating the associations of FoMO, psychological well-being (anxiety, depression), compulsive social media use (CSMU), and sleep hygiene (habits that promote/inhibit sleep) with problematic sleep adults in both academic and employment settings. Cross-sectional surveys were conducted to collect data from two cohorts including (i) full-time students (N = 1398), and (ii) full-time working professionals (N = 472). Data were analyzed with structural equation modeling. The results indicated that psychological well-being influences CSMU, which in concurrence with sleep habits, influences the association between FoMO and problematic sleep. Significant differences existed in the strength of the association between CSMU and FoMO between the two cohorts. Interestingly, FoMO is more strongly associated with CSMU among working professionals. This study provides novel insights into the differential effects of CSMU and FoMO on sleep behaviors in young adult students versus working professionals.",113,,106487,,Sleep in non-human animals; Peer review; Association (psychology); Psychology; Young adult; Sleep hygiene; Social media; Anxiety; Clinical psychology; Structural equation modeling,,,,Academy of Finland,https://bora.uib.no/bora-xmlui/handle/11250/2727377 https://www.sciencedirect.com/science/article/pii/S0747563220302399 https://www.scilit.net/article/6670ffcd0698a4cc82795b1872fb2b35 https://dblp.uni-trier.de/db/journals/chb/chb113.html#TandonKDM20 https://doi.org/10.1016/j.chb.2020.106487 https://www.sciencedirect.com/science/article/abs/pii/S0747563220302399,http://dx.doi.org/10.1016/j.chb.2020.106487,,10.1016/j.chb.2020.106487,3043692962,,0,000-297-880-703-484; 001-397-321-593-260; 001-814-186-952-324; 002-734-325-430-187; 003-074-325-733-714; 005-354-317-812-155; 008-841-538-445-173; 009-292-371-162-047; 010-817-697-000-026; 010-854-534-444-434; 011-468-175-293-347; 012-900-276-872-280; 013-656-501-289-388; 014-260-414-065-672; 014-916-135-954-265; 016-255-494-375-641; 017-746-986-302-433; 018-199-118-471-145; 019-183-684-138-136; 019-647-214-501-175; 021-729-590-012-739; 021-817-174-184-523; 022-214-086-318-505; 022-509-785-910-67X; 022-536-391-488-617; 026-097-389-494-448; 027-012-919-226-389; 028-863-763-486-142; 029-537-550-085-030; 033-171-354-077-456; 033-480-370-924-36X; 034-321-587-026-382; 038-394-199-867-764; 039-937-809-773-250; 040-324-259-745-696; 040-369-606-045-408; 045-189-727-447-968; 045-208-774-925-724; 049-059-780-760-830; 050-960-933-988-412; 052-609-172-230-993; 054-508-563-815-083; 057-277-003-666-474; 058-470-255-537-960; 063-798-486-974-623; 064-040-406-369-130; 065-217-226-346-916; 066-488-028-211-739; 066-499-595-653-537; 068-921-235-975-296; 072-021-191-518-018; 076-221-287-838-421; 077-326-183-455-204; 077-930-616-453-628; 080-619-614-304-967; 081-602-815-382-545; 083-094-227-915-979; 084-374-682-965-655; 084-689-011-564-97X; 086-382-399-305-793; 088-043-237-888-283; 094-544-793-864-509; 096-391-948-778-743; 100-767-768-961-140; 101-700-604-659-842; 109-967-776-578-997; 109-984-646-282-13X; 114-316-378-159-393; 120-479-580-906-923; 121-628-645-869-434; 125-076-963-244-993; 125-996-665-133-63X; 136-125-520-065-889; 142-002-629-146-671; 146-252-731-928-765; 146-443-544-608-91X; 149-299-406-224-382; 154-350-695-556-245; 157-840-014-442-404; 169-076-921-944-63X; 176-885-701-139-114; 184-673-298-814-890; 186-672-434-693-607,154,true,cc-by,hybrid
043-702-425-336-375,LibGuides. Social Media for Scientists/Scholars. What Are Social Media?.,2012-02-15,2012,libguide,,,,,Judy Wieber,"Provides an overview of social media, highlighting those intended specifically for scientists and scholars. Also describes CSHL's current social media presence.",,,,,Internet privacy; World Wide Web; Bookmarking; Political science; Video sharing; Social media; File sharing; Social media optimization; Social computing,,,,,https://cshl.libguides.com/content.php?pid=247653&sid=2045372 http://cshl.libguides.com/content.php?pid=247653&sid=2045372,http://cshl.libguides.com/content.php?pid=247653&sid=2045372,,,457223364,,0,,0,false,,
043-828-002-152-420,"Social Media, Social Genres",2013-10-23,2013,book,,,Routledge,,Stine Lomborg,"Internet-based applications such as blogs, social network sites, online chat forums, text messages, microblogs, and location-based communication services used from computers and smart phones represent central resources for organizing daily life and making sense of ourselves and the social worlds we inhabit. This interdisciplinary book explores the meanings of social media as a communicative condition for users in their daily lives; first, through a theoretical framework approaching social media as communicative genres and second, through empirical case studies of personal blogs, Twitter, and Facebook as key instances of the category of ""social media,"" which is still taking shape. Lomborg combines micro-analyses of the communicative functionalities of social media and their place in ordinary people's wider patterns of media usage and everyday practices.",,,,,Social media; Sociology; Computer science; World Wide Web,,,,,,http://dx.doi.org/10.4324/9780203520802,,10.4324/9780203520802,,,0,,19,false,,
043-964-879-884-077,SOCIAL MEDIA,2023-08-25,2023,other,Robotic Process Automation,,Wiley,,Sudhir Kumar Rathi; Pritam Prasad Lata; Nitin Soni,"Today, internet technology shows quick progress and social networks increase their number of users each day. Rapid and deep penetration of the internet in India has impacted every aspect of life across all periods. One of the main indexes of the technology period is social networking, which attracts people of all periods, while the virtual world goes beyond real life via the operations it offers. Social Networking spots (SNSs) are virtual communities where users can produce individual public biographies, interact with real-life musketeers, and meet other people with similar interests. Young people especially show a violent interest in social media, which is an expansive example of internet technology. Social media dependence is growing both in India and around the world. This study aims to determine the position of social media dependence in young people and how many of them are addicted and make suggestions on the forestallment of the dependence. The current landscape of social media dependence and social media is examined in depth to determine causes of the dependence.",,,285,296,Expansive; The Internet; Social media; Virtual world; Social life; Internet privacy; Sociology; Position (finance); Business; Advertising; Computer science; World Wide Web; Social science; Physics; Human–computer interaction; Compressive strength; Finance; Thermodynamics,,,,,https://onlinelibrary.wiley.com/doi/pdfdirect/10.1002/9781394166954.ch19 http://dx.doi.org/10.1002/9781394166954.ch19,http://dx.doi.org/10.1002/9781394166954.ch19,,10.1002/9781394166954.ch19,,,0,003-388-782-947-437; 020-001-453-923-159; 025-221-097-507-648; 028-914-076-668-099; 038-492-980-094-965; 075-815-579-045-484; 078-933-231-195-699; 085-811-246-997-924; 087-116-812-641-681; 111-431-526-008-402; 133-279-216-574-542; 146-772-238-398-51X; 148-079-026-007-465; 152-782-333-611-557; 175-970-889-966-452,0,true,,gold
044-560-598-884-375,Social Media for Scientific Institutions - Social Media for Scientific Institutions,,2015,book,,,Springer Fachmedien Wiesbaden,,Daniel Hurrle; Julia Postatny,,,,,,Political science; Public relations; Social media,,,,,https://link.springer.com/10.1007/978-3-658-08822-4,http://dx.doi.org/10.1007/978-3-658-08822-4,,10.1007/978-3-658-08822-4,2493212504,,0,,3,false,,
044-696-052-334-729,Social Media,2023-12-06,2023,book chapter,The Journalist's Toolbox,,Routledge,,Mike Reilley,,,,81,113,Social media; Business; Sociology; Computer science; World Wide Web,,,,,,http://dx.doi.org/10.4324/9781003431787-5,,10.4324/9781003431787-5,,,0,,0,false,,
044-878-970-693-613,Social Media in Social Organization,2017-07-31,2017,journal article,"European Scientific Journal, ESJ",18577431; 18577881,"European Scientific Institute, ESI",,Aylin Yildirim Aykurt; Elif Şeşen,"As global integration process creates changes and new problem areas around individuals, people try to apply new ways for resilience. One of the methods used in this frame is social organization. Also, one of the most important tools of social organization in today’s world is social media which emerge as a result of new communication technologies. The aim of this study is to reveal the role of social media in organizing society. In this context, social organization and social media were primarily defined. Some examples of the use of social media in social action and social organization have been emphasized. Data for the study was collected by using an online questionnaire. Research population of the study was Facebook users in Turkey. The sample of the study uses the convenience incidental sampling. The opinions about the role of social media in the social organization of Facebook users were examined. According to the results of the study, 72% of the participants agree that social media is a powerful tool in organizing social actions. 40% of the respondents think that social media contributes in strengthening democracy. It might be said that participants believe in the power of social media, but they never thought that this power will remain permanent.",13,20,1,1,Social relation; Social position; Sociology; Social change; Public relations; Social media; Social computing; Social organization; Social network; Social engagement,Social organization; social change; social media,,,,https://paperity.org/p/80469265/social-media-in-social-organization http://eujournal.org/index.php/esj/article/view/9644/9131 https://eujournal.org/index.php/esj/article/view/9644 https://core.ac.uk/download/236413528.pdf,http://dx.doi.org/10.19044/esj.2017.v13n20p1,,10.19044/esj.2017.v13n20p1,2742171052,,0,002-342-580-674-872; 005-044-310-211-361; 009-469-092-448-684; 011-007-642-015-097; 011-854-399-312-637; 015-924-992-214-188; 057-341-137-349-11X; 057-658-994-872-867; 071-163-049-734-702; 075-129-083-536-095; 075-569-478-934-185; 076-949-709-018-776; 080-900-508-502-921; 084-358-559-360-378; 092-582-850-591-987; 102-706-093-333-755; 108-814-446-662-260; 111-719-590-247-603; 112-309-196-184-370; 115-948-803-220-100; 130-324-407-054-698; 135-975-285-881-134; 137-603-621-683-942; 162-776-914-976-054; 164-233-751-793-174; 164-718-698-485-96X; 178-024-221-305-759,6,true,,bronze
045-064-195-614-550,Social media,2024-12-05,2024,book chapter,Australia's Evolving Democracy: A New Democratic Audit,,LSE Press,,Max Halupka,"LSE Press is a publisher of high quality, open access research in the social sciences. Through rigorous peer-review and the use of innovative digital approaches we promote the widest possible engagement with social science research. Based in the Library of the London School of Economics, LSE Press works with authors to develop and launch publications that reflect the LSE founding purpose and mission.",,,191,205,Social media; Sociology; Computer science; World Wide Web,,,,,https://press.lse.ac.uk/site/chapters/10.31389/lsepress.ada.i/download/7977/ https://doi.org/10.31389/lsepress.ada.i,http://dx.doi.org/10.31389/lsepress.ada.i,,10.31389/lsepress.ada.i,,,0,,0,true,cc-by-nc,hybrid
045-258-313-942-164,Spatializing Social Media - Spatial and social media data,2021-06-28,2021,book chapter,Spatializing Social Media,,Routledge,,Marco Bastos,,,,91,100,Sociology; Media studies; Social media,,,,,http://dx.doi.org/10.4324/9780429354328-12,http://dx.doi.org/10.4324/9780429354328-12,,10.4324/9780429354328-12,3174558993,,0,,0,false,,
045-318-860-434-70X,Advanced Social Media Marketing - Advanced Social Media Marketing,,2013,book,,,Apress,,Tom Funk,,,,,,Advertising; Business; Marketing science; Marketing; Social media marketing; Media management; Integrated marketing communications; Digital marketing,,,,,https://link.springer.com/10.1007/978-1-4302-4408-0 https://ideas.repec.org/b/spr/sprbok/978-1-4302-4408-0.html,http://dx.doi.org/10.1007/978-1-4302-4408-0,,10.1007/978-1-4302-4408-0,2499649457,,0,,14,false,,
045-390-624-201-054,"The media, the social media and the elections",,2014,,,,,,Usha M. Rodrigues,"This chapter provides a snapshot of politicians and mainstreammedia’s engagement on social media platforms, particularly Twitter. The chapter, based on preliminary analysis, explores the extent to which some of the political parties relied on social media as a vehicle for their conversation with their followers, and the mainstream media’s opportunistic utilisation of this free-for-all information source to know what is happening on the ground. The chapter also points to a nexus between the politicians, mainstream media and social media during the 2014 General Election campaign in India.",,,114,124,Political science; Conversation; Mainstream; Snapshot (photography); Public relations; Media; Social media; General election; Media relations; Politics,,,,,http://dro.deakin.edu.au/eserv/DU:30073338/rodrigues-themediathesocial-2014.pdf https://dro.deakin.edu.au/view/DU:30073338,https://dro.deakin.edu.au/view/DU:30073338,,,780251639,,0,,0,false,,
045-520-499-037-138,Social media,2023-06-13,2023,book chapter,The Book of My Son Reuben,,Routledge,,David Cohen,,,,95,98,Social media; Sociology; Computer science; World Wide Web,,,,,,http://dx.doi.org/10.4324/9781003272670-12,,10.4324/9781003272670-12,,,0,,0,false,,
046-004-288-492-232,Social Media Warfare - Social Media Warfare,2017-05-25,2017,book,,,CRC Press,,Michael Erbschloe,,,,,,Political science; Media studies; Social media,,,,,https://www.taylorfrancis.com/books/9781351866972,http://dx.doi.org/10.1201/9781315232072,,10.1201/9781315232072,2619323587,,0,,6,false,,
046-007-796-800-08X,Social media,2016-07-06,2016,dataset,AccessScience,,McGraw-Hill Professional,,AccessScience Editors,"AccessScience is an authoritative and dynamic online resource that contains incisively written, high-quality educational material covering all major scientific disciplines. An acclaimed gateway to scientific knowledge, AccessScience is continually expanding the ways it can demonstrate and explain core, trustworthy scientific information that inspires and guides users to deeper knowledge.",,,,,Trustworthiness; Gateway (web page); Resource (disambiguation); Social media; Sociology of scientific knowledge; Computer science; Social knowledge; Quality (philosophy); World Wide Web; Data science; Sociology; Knowledge management; Engineering ethics; Epistemology; Internet privacy; Engineering; Social science; Philosophy; Computer network,,,,,,http://dx.doi.org/10.1036/1097-8542.br0630161,,10.1036/1097-8542.br0630161,,,0,,0,false,,
046-027-363-739-779,Socializing Social Bots on Social Media,,2023,journal article,SSRN Electronic Journal,15565068,Elsevier BV,,Weiguang Wang,,,,,,Social media; Internet privacy; Criminology; Sociology; World Wide Web; Computer science,,,,,,http://dx.doi.org/10.2139/ssrn.4343550,,10.2139/ssrn.4343550,,,0,,1,true,,green
046-045-217-151-36X,Social Media Fraud: Students Participating in Social Media Fraud,2024-05-17,2024,journal article,International Journal of Research Publication and Reviews,25827421,Genesis Global Publication,,Subhash Subhash; Ishita verma; Sahjad Khan; Rahul Diwakar; Malvi Garg; Muhammad Muabshshir,"Social media platforms have transformed how we communicate and interact, but they've also become breeding grounds for deceptive activities.This review explores the diverse aspects of social media fraud, including its prevalence, methods, and consequences primarily among the students and even to the masses as well.It outlines various forms of fraud such as fake profiles, phishing, identity theft, spreading misinformation, etc.It also investigates the motivations behind perpetrators, which can range from financial gain to political agendas and manipulation.Additionally, it examines how technology both facilitates and combats social media fraud, including the rise of AI-driven detection systems and blockchain solutions.Furthermore, it discusses the societal impacts of social media fraud, such as diminished trust, manipulation of public opinion, and cybersecurity risks.Finally, it suggests proactive measures to tackle social media fraud, stressing the importance of user awareness, platform regulations, and collaborative efforts among stakeholders.",5,5,8014,8016,Social media; Constructive fraud; Internet privacy; Financial fraud; Business; Psychology; Public relations; Political science; Computer science; Law; Accounting,,,,,https://doi.org/10.55248/gengpi.5.0524.1328,http://dx.doi.org/10.55248/gengpi.5.0524.1328,,10.55248/gengpi.5.0524.1328,,,0,,1,true,,bronze
046-455-947-110-780,Social Media and Social Movements,,2023,other,Social Coordination and Public Policy,,The Rowman & Littlefield Publishing Group,,Ellen Hamlett,,,,127,146,Social media; Social movement; Sociology; Media studies; Political science; World Wide Web; Computer science; Politics; Law,,,,,,http://dx.doi.org/10.5040/9781978728974.ch-6,,10.5040/9781978728974.ch-6,,,0,,0,false,,
046-631-458-607-884,ICIS - Social Media in a Social Phenomenon: Social Media in the Entrainment of Contention to Innovation,2012-12-14,2012,conference proceedings,,,,,Inchan Kim,,,,,,Web 2.0; Entrainment (biomusicology); Sociology; Content analysis; Qualitative research; Social phenomenon; Media studies; Public relations; Social media; Social computing; Social engagement,,,,,https://aisel.aisnet.org/cgi/viewcontent.cgi?article=1283&context=icis2012 https://dblp.uni-trier.de/db/conf/icis/icis2012.html#Kim12 https://aisel.aisnet.org/icis2012/proceedings/ResearchInProgress/98,https://dblp.uni-trier.de/db/conf/icis/icis2012.html#Kim12,,,121705832,,0,,1,false,,
046-672-353-696-412,Social Writing/Social Media,2020-01-01,2020,journal article,Reflections: A Journal of Community-Engaged Writing and Rhetoric,15412075,Penn State University Libraries,,Megan Von Bergen,"<jats:p>Review of Social Writing/Social Media: Publics, Presentations, and Pedagogies by editors Douglas M. Walls &amp; Stephanie Vie.</jats:p>",,,293,298,Social media; Sociology; Psychology; Computer science; World Wide Web,,,,,https://journals.psu.edu/reflections/article/download/63506/62358 https://doi.org/10.59236/rjv19i2pp293-298,http://dx.doi.org/10.59236/rjv19i2pp293-298,,10.59236/rjv19i2pp293-298,,,0,,0,true,cc-by,hybrid
046-702-615-317-983,Social Media Mining: Information Diffusion in Social Media,2014-04-28,2014,book chapter,Social Media Mining,,Cambridge University Press,,Reza Zafarani; Mohammad Ali Abbasi; Huan Liu,,,,179,214,Internet privacy; Early adopter; Diffusion (business); Psychology; Information cascade; Social media mining; Diffusion of innovations; Si model; Contact network; Operations research; Social media,,,,,https://www.cambridge.org/core/books/social-media-mining/information-diffusion-in-social-media/D0A006576358D8F9E89E033D247A8FFE,http://dx.doi.org/10.1017/cbo9781139088510.008,,10.1017/cbo9781139088510.008,2506208815,,0,,13,false,,
046-789-298-766-332,Social Media in Sport - Social Media and Crisis Communication in Sport,2021-07-30,2021,book chapter,Social Media in Sport,,WORLD SCIENTIFIC,,Ann Pegoraro; Evan L. Frederick,,,,345,381,Political science; Crisis communication; Public relations; Social media,,,,,http://dx.doi.org/10.1142/9789811237669_0013,http://dx.doi.org/10.1142/9789811237669_0013,,10.1142/9789811237669_0013,3192384540,,0,,2,false,,
046-801-389-818-352,SSD Public Website: social-media: Social Media,2015-06-16,2015,,,,,,David Halpin,,,,,,Internet privacy; Sociology; Social media,,,,,https://sau57.org/social-media,https://sau57.org/social-media,,,2410303372,,0,,0,false,,
046-924-375-603-668,Social media,2020-04-28,2020,book chapter,Digital and Social Media Marketing,,Routledge,,Alex Fenton; Mostafa Mohamad; Ashley Jones,"The Conversation Prism emphasises the strategic use of social media beyond marketing functions to include sales, customer service and operations. A number of organisations offer good examples of four functions such as marketing, sales, operations and customer service, which are being enabled through social media interaction. There are major geographic differences when social media platforms manage and develop the social media activities. Visual material, in particular good-quality images, is crucial for blogging and social media. Studies have consistently demonstrated that blog posts or social media posts that feature good-quality and relevant images resonate with the audience. Viral content on social platforms thrives by using recurring hooks and concepts that can be applicable to a broad range of topics. Trust also interacts with social capital in residing between individuals and brands and the individuals who represent brands. Social media is an increasingly important way to engage customers for any organisation that wants a successful digital presence.",,,204,229,Social media; Sociology; Political science; Computer science; World Wide Web,,,,,,http://dx.doi.org/10.4324/9780429280689-12,,10.4324/9780429280689-12,,,0,108-224-676-996-354,0,false,,
047-110-912-051-285,Social Media: What is Social Media and how will Social Media change our future working environment,2012-08-20,2012,,,,,,Andrea Back,,,,,,Information management; Sociology; Working environment; Public relations; Social information processing; Social media; Media relations; Social computing; Social learning; Social engagement,,,,,https://www.alexandria.unisg.ch/216812/,https://www.alexandria.unisg.ch/216812/,,,2603670268,,0,,0,false,,
047-267-164-736-056,LibGuides: Social Media for Business: Social Media in the Workplace,2010-02-23,2010,,,,,,Jcc Library,,,,,,Sociology; Media studies; Social media; Media relations; Social engagement,,,,,,,,,2557635215,,0,,0,false,,
047-435-072-120-908,SOCIAL MEDIA,2020-10-10,2020,journal article,Midwives,14792915,McMillan - Scott Pic.,United Kingdom,Rae Trotter; Lynne Galvin,"According to recruitment agencies, one in 10 job seekers between the ages of 16 and 34 have been rejected for a job because of something they posted Employer concerns Giving away confidential information about an individual (such as a colleague or patient), posting pictures without permission, failing to give acknowledgement where permission has been given and discussing the organisation's internal workings are all breaches that could result in disciplinary proceedings Definitions include: * Making defamatory comments about individuals or other organisations or groups Posting images that are inappropriate discriminatory or offensive, or posting links to such content * Making offensive or derogatory comments relating to sex, gender reassignment, race (including nationality), disability, sexual orientation, religion or belief, or age",23,,22,23,Psychology; Offensive; Seekers; Nationality; Acknowledgement; Sexual orientation; Social media; Confidentiality; Social psychology; Discipline,,,,,,,,,3092231196,,0,,0,false,,
047-546-525-570-752,Social Media,2015-10-17,2015,book chapter,SpringerBriefs in Educational Communications and Technology,2196498x; 21964998,Springer International Publishing,,Nada Dabbagh; Angela D. Benson; André Denham; Roberto Joseph; Maha Al-Freih; Ghania Zgheib; Helen Fake; Zhetao Guo,,,,21,26,Sociology,,,,,,http://dx.doi.org/10.1007/978-3-319-22963-8_4,,10.1007/978-3-319-22963-8_4,,,0,001-129-988-221-341; 006-028-795-039-649; 011-854-399-312-637; 024-626-963-711-901; 027-651-116-935-705; 029-813-274-741-852; 030-430-391-339-990; 035-541-242-323-817; 042-299-286-278-30X; 045-907-684-142-972; 049-094-225-709-108; 051-783-833-704-971; 066-096-944-670-866; 067-024-926-700-914; 079-972-492-061-654; 089-601-373-548-443; 090-068-698-222-815; 090-139-960-671-882; 108-793-912-419-170; 121-507-425-513-865; 158-087-405-631-287; 159-810-158-690-066,1,false,,
047-895-037-588-000,Social media and social innovation,2018-04-09,2018,journal article,Cognitive Science – New Media – Education,2543506x,Uniwersytet Mikolaja Kopernika/Nicolaus Copernicus University,,Sabahudin Hadžialić,"All parts of human communication existence has been improved through the use of new media technologies and especially through the use of social media which is reflected directly and indirectly on social innovations sui generis. Social innovation should be the game of ideas of equal interaction of different subject using the special life within the life that exists in the virtual world of new technologies. To able to use social media in proper way within social innovation process we have to take into the account that social media are: cheapest form of interaction; accessibility – everybody can be involved within social innovation through social media networks – previously it was reserved only for the organizations well equipped with equipment and personnel. Social media can be used for producing opportunities for creative construction of a new model of citizen participation through education within social innovation process while, in the same time, journalists becomes a mediators of democratic participations of citizens. Social networks have emerged as a critical factor in information dissemination, search, marketing and influence discovery. The capacity of any society to create of steady flow of social innovations depends on a huge amount of presumptions even to be able to link and interact, in proper way, of social media and social innovation, but it is very difficult to control social media, regardless how skilled individuals are involved as a starting point of social innovation dissemination. So, where is the solution? Within the society as the whole, having in mind that manipulation should be replaced with transparency and responsibility of each step of social innovation process through social media. Why? The one word is the answer – it creates TRUST. Creation of transparency and responsibility is both, direct and indirect creation of the most important issues for the proper existence of society – TRUST in the existence system. The most important for connecting people, ideas and resources, within the field of the use of digital technology, are the intermediaries. Namely, those are the social networks which will connect people, ideas and resources for the social innovations, through social media and interacting with them. Of course, within Social media and Social innovations the most important intermediaries are the people, depending on their wishes and capabilities to do the change and to be a change – for the benefit of the society as the whole.",2,1,33,56,Business; Emerging technologies; Control (management); Transparency (behavior); Field (Bourdieu); Human communication; Public relations; Social media; Media literacy; New media,,,,,https://apcz.umk.pl/czasopisma/index.php/CSNME/article/download/CSNME.2017.003/14872 https://apcz.umk.pl/czasopisma/index.php/CSNME/article/view/CSNME.2017.003,http://dx.doi.org/10.12775/csnme.2017.003,,10.12775/csnme.2017.003,2805967843,,0,,0,true,,gold
048-352-059-284-767,From social media to conference social.,2019-12-18,2019,journal article,Nature,14764687; 00280836,Springer Science and Business Media LLC,United Kingdom,Josie Glausiusz,Molecular biologist Oded Rechavi explains his idea for bringing the Twitter science community together at ‘the Woodstock of Biology’. Molecular biologist Oded Rechavi explains his idea for bringing the Twitter science community together at ‘the Woodstock of Biology’.,576,7787,S76,S76,Media studies; Social media,Careers; Conferences and meetings,,,,http://ui.adsabs.harvard.edu/abs/2019Natur.576S..76G/abstract https://paperity.org/p/233040131/from-social-media-to-conference-social https://www.nature.com/articles/d41586-019-03853-1 http://www.nature.com/articles/d41586-019-03853-1 https://www.nature.com/articles/d41586-019-03853-1.pdf https://www.ncbi.nlm.nih.gov/pubmed/31853088,http://dx.doi.org/10.1038/d41586-019-03853-1,31853088,10.1038/d41586-019-03853-1,2994709950,,0,,0,true,,bronze
048-450-382-524-045,Firestorms on Social Media: Corporate Communities on Social Media,,2015,,,,,,Gry Høngsmark Knudsen; Jeanette Lemmergaard,,,,,,Sociology; Public relations; Social media,,,,,http://findresearcher.sdu.dk/portal/da/publications/firestorms-on-social-media-corporate-communities-on-social-media(42c688ef-e9fb-4d91-9ad6-4e0aca3561c6).html https://www.ucviden.dk/da/publications/firestorms-on-social-media-corporate-communities-on-social-media,https://www.ucviden.dk/da/publications/firestorms-on-social-media-corporate-communities-on-social-media,,,2202053593,,0,,0,false,,
048-557-513-408-184,Social Media,,2018,book,,,Springer Fachmedien Wiesbaden,,Jan-Hinrik Schmidt,,,,,,Political science; Humanities; Sociology; Art,,,,,,http://dx.doi.org/10.1007/978-3-658-19455-0,,10.1007/978-3-658-19455-0,,,0,,55,false,,
048-775-044-961-299,An Exploration of Social Media Users' Desires to Become Social Media Influencers,2023-03-30,2023,journal article,Media Watch,09760911; 22498818,SAGE Publications,India,Sheldon Fetter; Paige Coyne; Samantha Monk; Sarah J. Woodruff,"<jats:p> With increased social media (SM) use, users are becoming frequently more exposed to SM influencers. This study aimed to explore SM influencer aspirations among young adults, specifically investigating the desire and rationale to become a SM influencer. Moreover, aspirations of becoming a SM influencer were explored by perceptions of SM influencers and SM use. The sample included 769 young Canadians (aged 16–30) who were mainly women ( n = 599, 79%). Overall, 29 (4%) participants considered themselves to be SM influencers, whereas 579 (75%) participants reported that they wanted to ( maybe or yes) become a SM influencer. The top three reasons for wanting to be an influencer were money, the opportunity to try new products or services, and it’s fun work. In addition, having certain perceptions of SM influencers (e.g., knowing an influencer, or having been influenced) significantly predicted the desire to be a SM influencer ( p &lt; 0.001). Moreover, certain SM usage patterns (e.g., time spent on SM) significantly predicted the desire to be a SM influencer ( p &lt; 0.001). These findings could help researchers understand the impact of SM influencers on their followers and the potential reasons why SM users aspire to become SM influencers themselves. </jats:p>",14,2,200,216,Influencer marketing; Perception; Social media; Psychology; Advertising; Social psychology; Business; Marketing; Computer science; Marketing management; Relationship marketing; Neuroscience; World Wide Web,,,,,https://journals.sagepub.com/doi/pdf/10.1177/09760911231159690 https://doi.org/10.1177/09760911231159690,http://dx.doi.org/10.1177/09760911231159690,,10.1177/09760911231159690,,,0,007-415-709-858-979; 009-798-772-829-541; 010-277-981-307-485; 012-017-621-996-688; 012-900-276-872-280; 015-924-566-613-565; 025-334-736-074-772; 031-905-626-443-294; 034-692-148-231-635; 042-983-512-600-178; 054-282-100-811-917; 057-934-941-952-271; 067-950-297-369-589; 071-463-469-373-59X; 072-527-950-801-390; 077-543-758-356-866; 080-037-206-967-171; 085-373-658-470-187; 098-274-278-823-751; 101-422-779-245-089; 105-866-010-720-314; 108-281-324-818-758; 109-984-646-282-13X; 110-959-272-720-430; 122-540-863-274-789; 123-288-015-183-707; 144-788-567-708-586; 158-322-367-767-817; 182-585-752-811-014; 192-164-557-632-253; 193-580-428-747-993,9,true,cc-by-nc,hybrid
048-797-936-422-01X,Social Media,,2023,other,Friend or Foe,,Rowman & Littlefield Publishers,,Marjorie Hogan,,,,3,24,,,,,,,http://dx.doi.org/10.5040/9798881835545.ch-1,,10.5040/9798881835545.ch-1,,,0,,0,false,,
049-224-079-846-413,Social Media: A Critical Introduction - Social Media and Communication Power,,2014,book chapter,Social Media: A Critical Introduction,,SAGE Publications Ltd,,Christian Fuchs,,,,69,94,Mass communication; Communication studies; Power (social and political); Computer science; Social media; Telecommunications,,,,,,http://dx.doi.org/10.4135/9781446270066.n4,,10.4135/9781446270066.n4,2504500603,,0,,0,false,,
049-254-535-170-54X,Social Computing and Social Media. Applications and Analytics - Social Computing and Social Media. Applications and Analytics,,2017,book,Lecture Notes in Computer Science,03029743; 16113349,Springer International Publishing,Germany,Gabriele Meiselwitz,"Mining publicly available data for meaning and value is an important research direction within social media analysis. To automatically analyze collected textual data, a manual effort is needed for a successful machine learning algorithm to effectively classify text. This pertains to annotating the text adding labels to each data entry. Arabic is one of the languages that are growing rapidly in the research of sentiment analysis, despite limited resources and scares annotated corpora. In this paper, we review the annotation process carried out by those papers. A total of 27 papers were reviewed between the years of 2010 and 2016.",,,,,Data science; Computer science; Social media; Social computing; Analytics,,,,,https://link.springer.com/10.1007/978-3-319-58562-8 https://core.ac.uk/download/80791019.pdf,http://dx.doi.org/10.1007/978-3-319-58562-8,,10.1007/978-3-319-58562-8,2613433208,,0,,0,true,,green
049-623-796-169-986,Fostering Social Movements with Social Media,,2015,journal article,SSRN Electronic Journal,15565068,Elsevier BV,,Steven R. Gordon,,,,,,Social movement; Political science; Social group; Social change; New social movements; Public relations; Social media; Social learning; Resource mobilization; Social order,,,,,https://papers.ssrn.com/sol3/Delivery.cfm/SSRN_ID2708660_code391686.pdf?abstractid=2708079&mirid=4 https://www.ssrn.com/abstract=2708079 https://papers.ssrn.com/sol3/papers.cfm?abstract_id=2708079,http://dx.doi.org/10.2139/ssrn.2708079,,10.2139/ssrn.2708079,2290033817,,0,000-585-228-769-905; 004-177-689-495-700; 004-959-640-910-199; 006-242-396-851-370; 006-642-897-379-361; 008-240-291-541-783; 008-243-900-674-690; 009-141-371-842-183; 010-406-702-139-836; 010-504-187-363-794; 011-124-400-257-74X; 012-390-586-513-710; 024-316-592-116-770; 027-548-380-827-716; 029-147-917-497-282; 030-303-210-693-252; 030-979-998-313-285; 033-538-364-944-144; 033-986-932-964-039; 034-527-427-205-166; 036-340-841-807-317; 039-435-284-833-90X; 040-352-341-372-348; 041-850-142-653-727; 043-771-934-309-649; 048-784-940-815-307; 049-539-397-192-60X; 055-284-564-886-963; 055-492-050-764-658; 057-120-479-161-361; 057-341-137-349-11X; 061-039-981-609-594; 061-282-724-423-713; 063-456-167-896-859; 064-353-321-730-510; 067-190-756-212-857; 068-077-110-211-259; 068-520-589-565-430; 068-827-402-845-069; 070-937-693-897-246; 086-628-293-860-884; 088-235-830-959-00X; 090-223-631-483-241; 094-219-937-830-094; 094-537-715-180-069; 094-725-818-009-385; 097-696-769-408-943; 109-214-589-458-504; 112-315-739-261-055; 112-323-748-794-777; 113-653-476-489-856; 114-788-904-786-131; 120-144-800-951-044; 120-322-653-341-818; 120-944-261-670-790; 123-836-922-105-563; 124-397-843-315-145; 125-360-691-294-839; 125-900-490-215-887; 126-352-247-192-840; 126-983-059-434-444; 127-076-514-010-940; 129-137-668-214-347; 130-608-361-260-852; 131-270-797-529-622; 132-245-227-342-892; 136-278-564-449-566; 136-749-173-141-538; 139-755-669-553-122; 153-801-791-411-250; 155-871-416-294-490; 168-706-880-364-117; 171-637-804-983-946; 180-047-507-701-427; 186-477-569-064-337; 195-415-534-873-786; 197-622-629-612-671; 197-633-324-571-163,1,false,,
049-784-297-230-970,Social Media,2020-05-04,2020,book chapter,Reimagining Communication: Mediation,,Routledge,,Tanner Mirrlees,"In the early 21st century, Facebook, Twitter and YouTube are everywhere. As social media corporations expand worldwide and billions of people log in to their platforms each day, academic research on social media grows. This chapter presents a broad and holistic overview of some key issues in the study of social media in society. It begins by reviewing and assessing some prominent ways of conceptualizing “social media” (with regard to the digital age and Web 2.0’s technological uses and affordances) and then moves on to probing conceptualizations of social media as a system, a tool and an agent. To emphasize the interdependent relations between social media and society, the final section highlights how social media is shaped by and is shaping capitalism (the economic sphere), the state (the political sphere) and the entirety of how people live their lives (the cultural sphere).",,,177,192,Sociology,,,,,,http://dx.doi.org/10.4324/9781351015431-11,,10.4324/9781351015431-11,,,0,185-247-538-948-180,2,false,,
050-434-339-715-26X,Social Media,,2017,,,,SAGE Publications Ltd,,,,,,,,,,,,,,http://dx.doi.org/10.4135/9781473973794,,10.4135/9781473973794,,,0,,0,false,,
050-470-398-381-392,Social Media,2022-08-03,2022,book chapter,Handbook of Media and Communication Economics,,Springer Fachmedien Wiesbaden,,Castulus Kolo,,,,1,27,Social media; Repertoire; Value (mathematics); Politics; Business; Digital media; Computer science; Political science; World Wide Web; Physics; Law; Acoustics; Machine learning,,,,,,http://dx.doi.org/10.1007/978-3-658-34048-3_39-2,,10.1007/978-3-658-34048-3_39-2,,,0,000-539-575-749-063; 004-394-578-754-360; 004-489-738-283-425; 004-765-055-958-970; 008-058-936-412-356; 008-278-815-727-401; 009-007-421-701-622; 009-329-721-118-377; 010-371-240-378-308; 011-854-399-312-637; 014-087-695-493-174; 017-190-377-836-922; 017-818-197-356-885; 018-005-412-661-152; 018-975-473-692-216; 019-358-095-567-452; 020-136-324-524-66X; 020-430-572-984-830; 023-281-398-073-582; 024-214-919-248-883; 028-680-508-871-949; 030-284-010-685-695; 035-290-649-562-226; 037-573-937-777-806; 041-208-812-679-611; 042-994-132-118-041; 043-212-316-018-384; 044-390-916-147-604; 044-715-321-107-42X; 045-475-384-258-141; 046-950-634-440-146; 047-532-377-377-442; 050-373-293-781-82X; 051-202-893-756-708; 052-248-335-084-118; 052-858-978-036-185; 055-194-573-773-195; 056-741-989-730-734; 058-662-221-184-892; 059-940-278-452-169; 061-492-181-874-504; 061-974-970-553-086; 067-898-041-384-958; 069-015-731-885-590; 069-016-687-885-562; 069-936-962-955-409; 070-678-894-486-036; 072-372-122-494-678; 073-391-955-757-671; 073-582-609-444-252; 074-332-277-439-194; 076-392-369-238-928; 078-250-940-872-821; 086-394-539-147-853; 087-231-665-868-352; 089-370-775-240-841; 091-097-722-680-103; 093-200-687-277-946; 094-688-375-296-724; 096-403-236-262-592; 098-782-453-541-163; 099-349-231-635-454; 100-370-915-299-754; 101-563-272-457-698; 101-858-508-751-657; 104-385-945-867-465; 105-271-842-860-042; 105-277-989-012-328; 106-921-797-339-925; 109-795-740-226-502; 110-074-460-052-945; 112-243-362-596-073; 119-664-156-603-48X; 119-770-359-884-276; 129-457-399-994-762; 133-344-438-348-469; 133-757-674-872-356; 138-791-357-358-928; 150-268-584-753-555; 151-794-370-332-68X; 156-288-278-708-891; 156-332-035-204-424; 157-354-206-027-607; 159-288-012-300-169; 160-999-418-824-241; 163-506-395-697-729; 178-643-297-115-591; 181-247-378-462-054,1,false,,
050-554-530-267-49X,Social media,2023-06-30,2023,book chapter,English for Journalists,,Routledge,,Gavin Allen,"This chapter discusses the use of English in social media posts and provides tips and strategies for avoiding some of the most common problems. Examples include: contextual change, tone, style, slang, text and image juxtaposition, and jargon. Further examination covers personal abuse and trolling, with suggested rectification in the event of a mistake. We offer advice on writing for social media in a personal capacity versus an editorial capacity, the appropriate use of abbreviations and emojis, the variations to be aware of between social media platforms, and the potential difficulties of creating both Twitter threads and subtitled videos using automated captions. We also consider how to build in good social media workflow in the hope of avoiding the sorts of errors used as examples.",,,99,115,Social media; Sociology; Computer science; World Wide Web,,,,,,http://dx.doi.org/10.4324/9781003276500-10,,10.4324/9781003276500-10,,,0,,0,false,,
050-580-097-478-390,Research Guides: Social Media: Issues - Social Media,2019-06-17,2019,libguide,,,,,Laurie Robb,,,,,,Sociology; Media studies; Social media,,,,,https://libguides.rccc.edu/social/issues,https://libguides.rccc.edu/social/issues,,,2990671467,,0,,0,false,,
050-638-511-157-365,LibGuides: Getting Started With Social Media: Why Social Media?,2012-02-02,2012,libguide,,,,,Sally Neal,,,,,,Sociology; Media studies; Social media,,,,,http://libguides.butler.edu/c.php?g=34201&p=217763,http://libguides.butler.edu/c.php?g=34201&p=217763,,,2287124154,,0,,0,false,,
050-924-612-159-607,Regulating Social Media - Regulating Social Media,2013-01-01,2013,book,,,Peter Lang US,,Susan J. Drucker; Gary Gumpert,,,,,,Psychology; Media studies; Social media,,,,,https://www.peterlang.com/view/product/29286,http://dx.doi.org/10.3726/978-1-4539-0972-0,,10.3726/978-1-4539-0972-0,2562180719,,0,,5,false,,
051-000-504-452-087,Social Computing and Social Media,,2025,book,Lecture Notes in Computer Science,03029743; 16113349,Springer Nature Switzerland,Germany,International Conference on Social Computing and Social Media 2025 Göteborg; Adela Coman; Simona Vasilache; International Conference on Human-Computer Interaction 2025 Göteborg,,,,,,Computer science; Social media; Social computing; Artificial intelligence; Data science; World Wide Web,,,,,https://link.springer.com/content/pdf/bfm:978-3-031-93536-7/1 https://doi.org/10.1007/978-3-031-93536-7,http://dx.doi.org/10.1007/978-3-031-93536-7,,10.1007/978-3-031-93536-7,,,0,,0,true,,bronze
051-348-476-988-059,Social Media,2022-05-30,2022,reference entry,Social Media,,Routledge,,Lu Wei; Zhaoyang Mei,"Social media is an essential component of the media ecosystem for any country. China is currently in a period of social transformation, and social media has become an indispensable part in every Chinese person’s life. It is not only a powerful tool to expand and consolidate social relations, but it is also a tool to transmit various kinds of information by breaking through typical temporal and spatial boundaries. With new apps seemingly coming out every day, China’s social media can be categorised in terms of major media forms. The development of China’s social media industry has three characteristics. First, the greatest user base in the world is the most important underlying driving force behind China’s social media boom. Second, the Chinese social media industry maintains its own diverse ecosystem of homegrown social platforms. Third, China has made significant achievements in social media regulation and governance. Social media has profound influences on Chinese social structures, political participation, digital economic development, (inter)cultural communications, and so on. The developing trends of Chinese social media are briefly summarised as follows: platformisation and verticalisation are proceeding in parallel; content together with function are being given equal importance; platform governance is increasingly being enhanced; and individual public expression is being fully protected. Social responsibilities are highly valued in China’s platform economy. In a word, the prosperity of China’s social media sector will bring with it a great upsurge in the number of Chinese social media studies being published.",,,,,Social media; Computer science; World Wide Web,,,,,,http://dx.doi.org/10.4324/9780367565152-rechs98-1,,10.4324/9780367565152-rechs98-1,,,0,,0,false,,
051-589-753-276-98X,Social Media,,2019,book,,,Elsevier,,,,,,,,Social media; Sociology; Computer science; World Wide Web,,,,,,http://dx.doi.org/10.1016/c2016-0-03253-9,,10.1016/c2016-0-03253-9,,,0,,0,false,,
051-621-709-554-185,"Documentaries, Social Media, and Social Change",,2014,reference entry,Encyclopedia of Social Media and Politics,,"SAGE Publications, Inc.",,Kerric Harvey,,,,,,Social media; Sociology; Computer science; World Wide Web,,,,,,http://dx.doi.org/10.4135/9781452244723.n162,,10.4135/9781452244723.n162,,,0,,0,false,,
051-849-073-461-426,Transparency in Social Media - Transparency in Social Media,,2015,book,,,Springer International Publishing,,Sorin Adam Matei; Martha G. Russell; Elisa Bertino,,,,,,Internet privacy; Business; Transparency (behavior); Social media,,,,,https://link.springer.com/10.1007/978-3-319-18552-1,http://dx.doi.org/10.1007/978-3-319-18552-1,,10.1007/978-3-319-18552-1,2476014605,,0,,13,false,,
052-055-097-482-063,Social Media,,2011,book chapter,Pro PHP Programming,,Apress,,Peter MacIntyre; Brian Danchilla; Mladen Gogala,"Social media blends technology and communication to create social interaction and collaborations. Twitter and Facebook are two of the most popular social media sites, attracting millions of loyal users, some controversy, and in Facebook's case, resulting in an award-winning movie. KeywordsPersonal Identification NumberStatus MessageTwitter AccountConsumer TokenAccess TokenThese keywords were added by machine and not by the authors. This process is experimental and the keywords may be updated as the learning algorithm improves.",,,57,91,Social media; Social media optimization; Advertising; Media studies; Sociology; Internet privacy; Political science; Computer science; World Wide Web; Business,,,,,,http://dx.doi.org/10.1007/978-1-4302-3561-3_4,,10.1007/978-1-4302-3561-3_4,,,0,,0,false,,
052-277-627-148-470,Social Media,2015-02-20,2015,book chapter,Reputation Management,,Routledge,,,,,,160,186,Social media; Sociology; Computer science; Business; World Wide Web,,,,,,http://dx.doi.org/10.4324/9781315879987-12,,10.4324/9781315879987-12,,,0,,0,false,,
052-394-808-783-513,Social Media Warfare - 7 Social Media Warfare for Support of Social Causes,2017-05-25,2017,book chapter,Social Media Warfare,,CRC Press,,Michael Erbschloe,,,,135,147,Sociology; Social media; Social issues; Criminology,,,,,,http://dx.doi.org/10.1201/9781315232072-8,,10.1201/9781315232072-8,2618538629,,0,,0,false,,
052-415-656-226-573,LibGuides: Controversies & Social Responsibility of the Media: Controversies and Social Responsibility of the Media,2015-01-17,2015,,,,,,Leslie Sult,,,,,,Social responsibility; Political science; Social psychology; Environmental ethics,,,,,,,,,2138388411,,0,,0,false,,
052-875-545-642-774,"Young People, Social Media and the Law - Recreating families in social media",2017-11-22,2017,book chapter,"Young People, Social Media and the Law",,Routledge,,Brian Simpson,,,,29,49,Sociology; Media studies; Social media,,,,,http://dx.doi.org/10.4324/9781315747484-2,http://dx.doi.org/10.4324/9781315747484-2,,10.4324/9781315747484-2,2905495438,,0,,1,false,,
053-347-790-298-871,Are Social Media Activities Actually Social?,,2025,other,Ethics in the Digital Domain,,Bloomsbury Publishing Plc,,,,,,161,184,,,,,,,http://dx.doi.org/10.5040/9798881844417.ch-7,,10.5040/9798881844417.ch-7,,,0,,0,false,,
053-387-741-654-987,Social Media Storms - Insights into social media storms,2021-08-25,2021,book chapter,Social Media Storms,,Routledge,,Pernille Rydén; Muhammad Ismail Hossain; Efthymia Kottika; Vatroslav Škare,,,,42,74,Storm; Media studies; Social media; History,,,,,http://dx.doi.org/10.4324/9780367853297-3-3,http://dx.doi.org/10.4324/9780367853297-3-3,,10.4324/9780367853297-3-3,3175470236,,0,,0,false,,
053-540-968-756-29X,"4 


Social media

Social Media; The Dos and Don'ts",,2021,book chapter,Masters of Cosmetic Surgery—The Video Atlas,,"Thieme Medical Publishers, Inc.",,,"Social media is an invaluable tool for marketing, education, and communication. It allows our potential patients to become familiar with our skillset, visualize our artistry, and get to know us in person without ever entering our offices. There are multiple social media platforms available and each has its own advantages and disadvantages. Here we discuss the various platforms and give examples of the types of content that users post on each.",,,,,Social media; Sociology; Computer science; World Wide Web,,,,,,http://dx.doi.org/10.1055/b-0041-182160,,10.1055/b-0041-182160,,,0,002-700-770-418-439; 024-430-137-721-150; 032-401-428-598-006; 058-467-388-400-223; 062-405-879-436-264,0,false,,
053-743-569-306-216,Study Guides: Digital & Social Media: Searching Social Media,2020-10-19,2020,libguide,,,,,Bec Dale,This guide will help DSM students find and evaluate key resources needed to successfully complete their assessments,,,,,World Wide Web; Key (cryptography); Computer science; Social media,,,,,https://studyguides.lib.uts.edu.au/dsm/searchingsocialmedia,https://studyguides.lib.uts.edu.au/dsm/searchingsocialmedia,,,3125865008,,0,,0,false,,
054-028-912-091-157,Social Media,2018-06-14,2018,book chapter,Media Psychology 101,,Springer Publishing Company,,,,,,,,Moral panic; Comics; Social media; Sociology; Digital media; The Internet; Psychology; Media studies; Social psychology; Political science; Criminology; Computer science; Law; World Wide Web,,,,,,http://dx.doi.org/10.1891/9780826196743.0014,,10.1891/9780826196743.0014,,,0,,0,false,,
054-083-082-912-842,Social media,,2022,book chapter,The Phenomenology of Virtual Technology,,Bloomsbury Academic,,,,,,,,Social media; Sociology; Computer science; World Wide Web,,,,,,http://dx.doi.org/10.5040/9781350245532.ch-005,,10.5040/9781350245532.ch-005,,,0,,0,false,,
054-612-342-014-354,Social action on social media,2015-05-13,2015,,,,,,Carl Miller,,,,,,Sociology; Action (philosophy); Social media; Social psychology,,,,,http://apo.org.au/node/54662 https://apo.org.au/node/54662,https://apo.org.au/node/54662,,,3160437455,,0,,0,false,,
054-627-637-259-457,"Wilder, the Mass Media, and Social Media",2018-09-24,2018,journal article,Children and Libraries,15429806,American Library Association,,Sharon Verbeten,"<jats:p>It’s a big deal when the library world gets in the national news. I mean, it doesn’t happen every day. And usually, when it does, the news is not positive.This summer, the children’s library world burst into the national news—and into swift social media discussion—with the ALSC board’s unanimous decision to change the name of the Laura Ingalls Wilder Award to the Children’s Literature Legacy Award.</jats:p>",16,3,2,2,Sociology; Media studies; Social media; Mass media,,,,,http://ala.sandbox.publicknowledgeproject.org/index.php/cal/article/download/6791/9125,http://dx.doi.org/10.5860/cal.16.3.2,,10.5860/cal.16.3.2,2892674701,,0,,0,true,,bronze
054-647-810-960-65X,LibGuides: Web & Social Media Team: Social Media Icons,2013-02-06,2013,libguide,,,,,Katie Brenner,,,,,,Advertising; Psychology; Media; Social media; Social media optimization,,,,,https://libguides.stonehill.edu/c.php?g=16756&p=92905,https://libguides.stonehill.edu/c.php?g=16756&p=92905,,,461011605,,0,,0,false,,
055-120-577-002-644,Social Media Mining: Recommendation in Social Media,2014-04-28,2014,book chapter,Social Media Mining,,Cambridge University Press,,Reza Zafarani; Mohammad Ali Abbasi; Huan Liu,"Individuals in social media make a variety of decisions on a daily basis. These decisions are about buying a product, purchasing a service, adding a friend, and renting a movie, among others. The individual often faces many options to choose from. These diverse options, the pursuit of optimality, and the limited knowledge that each individual has create a desire for external help. At times, we resort to search engines for recommendations; however, the results in search engines are rarely tailored to our particular tastes and are query-dependent, independent of the individuals who search for them. Applications and algorithms are developed to help individuals decide easily, rapidly, and more accurately. These algorithms are tailored to individuals' tastes such that customized recommendations are available for them. These algorithms are called recommendation algorithms or recommender systems . Recommender systems are commonly used for product recommendation. Their goal is to recommend products that would be interesting to individuals. Formally, a recommendation algorithm takes a set of users U and a set of items I and learns a function f such that f : U × I → R (9.1) In other words, the algorithm learns a function that assigns a real value to each user-item pair ( u, i ), where this value indicates how interested user u is in item i . This value denotes the rating given by user u to item i . The recommendation algorithm is not limited to item recommendation and can be generalized to recommending people and material, such as, ads or content.",,,245,270,Machine learning; Artificial intelligence; Set (psychology); Collaborative filtering; Information retrieval; Purchasing; Service (business); Social media mining; Mathematics; Social media; Recommender system; Social media optimization,,,,,https://www.cambridge.org/core/books/social-media-mining/recommendation-in-social-media/3BDCC737391C77B5288C219048CF2755,http://dx.doi.org/10.1017/cbo9781139088510.010,,10.1017/cbo9781139088510.010,1411532048,,0,,0,false,,
055-221-846-059-562,Growing your Library Career with Social Media - Libraries and Social Media,,2018,book chapter,Growing your Library Career with Social Media,,Elsevier,,Daniella Smith,,,,15,26,Sociology; Media studies; Social media,,,,,https://api.elsevier.com/content/article/PII:B9780081024119000029?httpAccept=text/xml,http://dx.doi.org/10.1016/b978-0-08-102411-9.00002-9,,10.1016/b978-0-08-102411-9.00002-9,2883255997,,0,038-753-935-719-076; 053-349-631-564-537; 055-612-013-260-032; 065-538-712-414-694; 093-480-660-617-938; 118-116-544-152-998; 172-991-779-967-466,3,false,,
055-234-959-913-545,Social Media,2020-03-02,2020,book chapter,Performance Studies,,Routledge,,Richard Schechner; Sarah Lucie,,,,275,304,Social media; Sociology; Computer science; World Wide Web,,,,,,http://dx.doi.org/10.4324/9781315269399-9,,10.4324/9781315269399-9,,,0,,0,false,,
055-410-436-044-539,Deutschland ist Social Media-Entwicklungsland: Studie Social Media,,2010,journal article,Media Spectrum,01735993; 21928339,Springer Science and Business Media LLC,,Imke Sander,,30,11,45,45,,,,,,http://link.springer.com/content/pdf/10.1007/BF03248514.pdf,http://dx.doi.org/10.1007/bf03248514,,10.1007/bf03248514,2799960616,,0,,0,false,,
055-636-893-781-683,HR and the social media ... : technology upgrade - social media,2012-06-01,2012,,,,,,Inge Fisher,,2012,,38,39,Engineering; Upgrade; Public relations; Social media; Knowledge management,,,,,https://journals.co.za/content/om_hrf/06/1/EJC161682,https://journals.co.za/content/om_hrf/06/1/EJC161682,,,2436258904,,0,,0,false,,
055-801-359-930-34X,Social Media,,2013,reference entry,Encyclopedia of Crisis Management,,"SAGE Publications, Inc.",,Sara EstesCohen,,,,,,Social media; Sociology; Computer science; World Wide Web,,,,,,http://dx.doi.org/10.4135/9781452275956.n308,,10.4135/9781452275956.n308,,,0,,0,false,,
055-875-732-177-774,Social Media: A Critical Introduction - Conclusion: Social Media and Its Alternatives – Towards a Truly Social Media,,2014,book chapter,Social Media: A Critical Introduction,,SAGE Publications Ltd,,Christian Fuchs,,,,253,266,Political science; Public relations; Social media,,,,,,http://dx.doi.org/10.4135/9781446270066.n11,,10.4135/9781446270066.n11,2506254557,,0,,0,false,,
055-934-279-603-401,Social Media in Sport - Diversity and Inclusion in Social Media and Sport,2021-07-30,2021,book chapter,Social Media in Sport,,WORLD SCIENTIFIC,,Jacob J. Bustad; Oliver Rick,,,,383,402,Sociology; Inclusion (education); Diversity (politics); Social science; Social media,,,,,http://dx.doi.org/10.1142/9789811237669_0014,http://dx.doi.org/10.1142/9789811237669_0014,,10.1142/9789811237669_0014,3191748306,,0,,2,false,,
056-167-283-159-43X,Social Media,,2017,book chapter,Understanding Spatial Media,,SAGE Publications Ltd,,Jessa Lingel,,,,66,73,Social media; Sociology; Computer science; World Wide Web,,,,,,http://dx.doi.org/10.4135/9781526425850.n6,,10.4135/9781526425850.n6,,,0,,4,false,,
056-171-681-432-157,Democratization of Social Media Usage through Social Media Policies,,2023,book chapter,Obywatel w centrum działań e-administracji w Unii Europejskiej,,Ksiegarnia Akademicka Publishing,,Ondrej Mitaľ,"<jats:p>Social media can be characterized as platform that is available for citizens, private organizations, public administration organizations or politicians. Despite of the benefits of social media usage, public administration organizations must focus their attention on the risks of social media usage, mainly the challenges connected with principles of democratic states governed by the rule of law. An important part of this process is the social media institutionalization, which includes the elaboration of social media policy. Social media policies can help to maximize benefits of social media use, and simultaneously mitigate potential risks. The ambition of the study is to examine selected aspects of social media usage in the sphere of public administration, mainly the importance of social media policies as well as the challenges that must be reflected by these policies. By using inductive and deductive approach, the aim of the study is to examine, in the theoretical way, the challenges of social media use that can be perceived as factors of social media policies reformulation. Major challenges of social media usage in the sphere of public administration are highlighted, such as information disorder, political neutrality, administration outsourcing and advertising, legitimacy, as well as rapid and unpredictable development of social media. The benefit of the article is also associated with fostering an interest in major challenges that affects the use of social media in the sphere of public administration.</jats:p>",,,29,50,Social media; Public relations; Democratization; Political science; Public sphere; Legitimacy; Politics; Business; Democracy; Law,,,,,,http://dx.doi.org/10.12797/9788381388894.02,,10.12797/9788381388894.02,,,0,,0,false,,
056-321-737-123-216,Social Computing and Social Media,,2023,book,Lecture Notes in Computer Science,03029743; 16113349,Springer Nature Switzerland,Germany,Adela Coman; Simona Vasilache,,,,,,Computer science; Social media; Social computing; Data science; World Wide Web,,,,,https://link.springer.com/content/pdf/bfm:978-3-031-35927-9/1?pdf=chapter%20toc https://doi.org/10.1007/978-3-031-35927-9,http://dx.doi.org/10.1007/978-3-031-35927-9,,10.1007/978-3-031-35927-9,,,0,,0,true,,bronze
056-390-506-994-275,Social media filtering and democracy: Effects of social media news use and uncivil political discussions on social media unfriending,,2021,journal article,Computers in Human Behavior,07475632,Elsevier BV,United Kingdom,Manuel Goyanes; Porismita Borah; Homero Gil de Zúñiga,,120,,106759,,Political science; Affect (linguistics); Neglect; Scholarship; Media studies; Panel survey; Social media; Democracy; Politics,,,,,https://dblp.uni-trier.de/db/journals/chb/chb120.html#GoyanesBZ21 https://doi.org/10.1016/j.chb.2021.106759 https://www.sciencedirect.com/science/article/pii/S0747563221000819 https://pennstate.pure.elsevier.com/en/publications/social-media-filtering-and-democracy-effects-of-social-media-news,http://dx.doi.org/10.1016/j.chb.2021.106759,,10.1016/j.chb.2021.106759,3130618649,,0,000-030-526-593-881; 001-842-567-306-009; 004-117-783-659-236; 007-316-623-506-709; 008-646-015-564-006; 008-868-467-428-543; 010-785-871-901-919; 011-222-828-221-798; 012-518-711-023-092; 013-012-925-432-789; 015-431-463-494-035; 015-475-547-173-305; 017-236-907-995-404; 020-488-497-149-326; 021-624-027-656-462; 022-978-552-915-615; 029-310-211-233-741; 030-336-959-693-984; 031-620-088-699-567; 031-672-019-523-79X; 032-282-135-990-46X; 035-121-494-153-761; 038-500-054-491-715; 039-173-392-574-215; 039-563-059-057-672; 040-681-812-524-166; 042-044-177-458-614; 046-392-953-940-283; 047-074-072-294-261; 049-458-877-483-882; 054-938-373-448-403; 059-254-890-186-91X; 059-364-603-320-627; 063-485-118-299-188; 063-884-117-075-762; 064-194-694-772-267; 065-222-060-444-255; 065-289-905-607-359; 068-240-574-371-661; 070-774-448-478-570; 076-106-282-760-756; 077-049-740-936-527; 078-883-613-497-024; 080-219-640-994-233; 080-639-540-129-518; 082-383-348-229-435; 090-693-718-522-254; 091-372-493-528-434; 100-901-885-220-901; 103-212-745-508-730; 103-848-459-426-500; 112-362-672-801-839; 112-563-039-407-650; 115-337-051-385-240; 116-012-778-371-940; 117-278-594-171-500; 117-660-628-612-421; 120-422-607-157-794; 120-865-692-703-894; 125-478-724-087-750; 131-181-263-585-852; 138-061-865-483-819; 139-217-857-058-016; 151-744-969-740-14X; 156-454-469-132-558; 158-747-015-154-869; 165-061-339-512-236; 165-373-615-508-122; 166-450-647-547-401; 176-689-690-324-585,60,false,,
056-391-706-843-812,What is the social in social media,,2012,,,,,,Geert Lovink,"The use of the word “social” in the context of information technology goes back to the very beginnings of cybernetics. It later pops up in the 1980s context of “groupware.” The recent materialist school of Friedrich Kittler and others dismissed the use of the word “social” as irrelevant fluff – what computers do is calculate, they do not interfere in human relations. Holistic hippies, on the other hand, have ignored this cynical machine knowledge and have advanced a positive, humanistic view that emphasizes computers as tools for personal liberation. This individualistic emphasis on interface design, usability, and so on was initially matched with an interest in the community aspect of computer networking. Before the “dot-com” venture capitalist takeover of the field in the second half of the 1990s, progressive computing was primarily seen as a tool for collaboration among people.",2012,,,,Information technology; Sociology; Materialism; Humanism; Usability; Individualism; Context (language use); Field (Bourdieu); Media studies; Social media,,,,,https://www.narcis.nl/publication/RecordID/oai%3Ahbokennisbank.nl%3Aamsterdam_pure%3Aoai%3Apure.hva.nl%3Apublications%2F8c737210-8035-47ba-8cde-27bdd39e0426,https://www.narcis.nl/publication/RecordID/oai%3Ahbokennisbank.nl%3Aamsterdam_pure%3Aoai%3Apure.hva.nl%3Apublications%2F8c737210-8035-47ba-8cde-27bdd39e0426,,,2793816162,,0,,7,false,,
056-451-094-165-249,Social Media and Social Awareness,2019-11-20,2019,book chapter,Manual of Digital Earth,,Springer Singapore,,Xinyue Ye; Bo Zhao; Thien Huu Nguyen; Shaohua Wang,"The human behaviors and interactions on social media have maintained themselves as highly dynamic real-time social systems representing individual social awareness at fine spatial, temporal, and digital resolutions. In this chapter, we introduce the opportunities and challenges that human dynamics-centered social media bring to Digital Earth. We review the information diffusion of social media, the multi-faced implications of social media, and some real-world cases. Social media, on one hand, has facilitated the prediction of human dynamics in a wide spectrum of aspects, including public health, emergency response, decision making, and social equity promotion, and will also bring unintended challenges for Digital Earth, such as rumors and location spoofing on the other. Considering the multifaceted implications, this chapter calls for GIScientists to raise their awareness of the complex impacts of social media, to model the geographies of social media, and to understand ourselves as a unique species living both on the Earth and in Digital Earth.",,,425,440,Internet privacy; Human behavior; Digital Earth; Sociology; Human dynamics; Social system; Social equality; Social media; Social consciousness; Promotion (rank),,,,,https://rd.springer.com/chapter/10.1007/978-981-32-9915-3_12 https://link.springer.com/chapter/10.1007/978-981-32-9915-3_12 https://link.springer.com/content/pdf/10.1007%2F978-981-32-9915-3_12.pdf,http://dx.doi.org/10.1007/978-981-32-9915-3_12,,10.1007/978-981-32-9915-3_12,2983917382,,0,002-504-905-859-728; 004-678-106-453-812; 005-645-019-645-352; 009-073-454-526-037; 009-103-365-898-087; 009-680-290-520-847; 010-817-200-202-619; 011-037-664-428-885; 011-117-899-271-579; 014-329-645-253-235; 014-357-647-717-302; 015-938-650-638-746; 017-742-937-146-253; 017-835-260-054-367; 019-258-804-469-815; 019-304-431-248-570; 019-682-751-689-170; 020-820-018-125-776; 020-912-171-558-007; 023-790-999-872-908; 024-174-147-638-473; 024-217-338-632-32X; 025-644-252-400-002; 032-419-568-910-87X; 034-617-668-992-411; 035-745-971-635-33X; 039-079-851-703-952; 044-126-162-559-06X; 046-512-064-308-281; 047-454-731-699-735; 048-063-313-714-937; 055-603-699-507-743; 058-123-616-865-673; 059-191-070-809-944; 061-039-512-735-504; 061-087-813-979-736; 062-046-085-055-345; 068-676-198-076-761; 069-581-867-340-289; 081-677-931-460-025; 082-366-214-673-579; 083-163-289-338-317; 083-277-505-532-209; 083-776-756-625-297; 083-996-303-707-913; 084-840-578-733-040; 089-753-128-720-417; 092-896-258-953-696; 101-469-472-364-751; 102-523-741-632-04X; 103-951-974-383-07X; 117-467-343-127-292; 151-702-415-941-817; 166-515-192-978-014; 166-882-054-194-734; 179-525-178-702-59X,18,true,cc-by,hybrid
056-688-767-007-76X,Social Media,2022-11-30,2022,book chapter,Anxiety Hacks for an Uncertain World,,Routledge,,Jon Patrick Hatcher; Christopher Willard,,,,123,133,Social media; Sociology; Computer science; World Wide Web,,,,,,http://dx.doi.org/10.4324/9781003345350-15,,10.4324/9781003345350-15,,,0,,0,false,,
056-867-473-707-860,Social Media in China - Social Media in China,,2016,book,,,Springer Fachmedien Wiesbaden,,Yinyuan Liu,,,,,,Political science; China; Media studies; Social media,,,,,https://link.springer.com/10.1007/978-3-658-11231-8,http://dx.doi.org/10.1007/978-3-658-11231-8,,10.1007/978-3-658-11231-8,2506607533,,0,,15,false,,
057-010-478-552-937,Social Media,2019-12-29,2019,book,,,,,Ashish Malik,,,,,,Sociology; Media studies; Social media,,,,,,,,,3203529215,,0,,0,false,,
057-052-444-220-040,Social Media for Social Good,2011-04-12,2011,,,,,,Charlie Harris,,,,,,Sociology; Social media; Social psychology; Social engagement,,,,,https://digitalcommons.wku.edu/fair_trade/2011_usft/usft_workshp/1/,https://digitalcommons.wku.edu/fair_trade/2011_usft/usft_workshp/1/,,,615679577,,0,,0,false,,
057-274-848-567-730,Social media and political participation: the role of social psychological and social media variables,2020-10-15,2020,journal article,Psychology: the Journal of the Hellenic Psychological Society,27326640; 11065737,National Documentation Centre (EKT),,Antonis Gardikiotis; Evropi Navrozidou; Olympia Euaggelou-Navarro,"Συνδέeται η χρήση των μέσων κοινωνικής δικτύωσης (ΜΚΔ) μe την πολιτική συμ-μeτοχή; Πώς η χρήση των ΜΚΔ αλληλeπιδρά μe τις κοινωνικοψυχολογικές μeτα-βλητές στην πρόβλeψη της πολιτικής συμμeτοχής; Σe μία μeλέτη eπισκόπησης(N= 238) eξeτάσαμe τις σχέσeις μeταξύ κοινωνικοψυχολογικών μeταβλητών (πολιτική ταύτιση, πολιτική αυτeπάρκeια), μeταβλητών των ΜΚΔ (χρήση των ΜΚΔ, προσλαμβανόμeνη eπιρροή των ΜΚΔ), και της πολιτικήςσυμμeτοχής. Τα αποτeλέσματα έδeιξαν ότι η προσλαμβανόμeνη eπιρροή των ΜΚΔ και η πολιτική χρήση τωνΜΚΔ προέβλeψαν την πολιτική συμμeτοχή, eνώ τα γeνικά κίνητρα της χρήσης των ΜΚΔ (π.χ., διασκέδαση,απόδραση, χρηστικότητα) δeν την προέβλeψαν. Η πολιτική ταύτιση και η πολιτική αυτeπάρκeια eίχαν άμeσeς και έμμeσeς eπιδράσeις (μέσω των μeταβλητών των ΜΚΔ) στην πολιτική συμμeτοχή. Ένα μοντέλο δομικώνeξισώσeων eπιβeβαίωσαν αυτές τις σχέσeις, υποδeικνύοντας μια συμπληρωματική και διαμeσολαβητική σχέση της χρήσης των μέσων κοινωνικής δικτύωσης στην πρόβλeψη της πολιτικής συμμeτοχής.",23,2,37,52,Sociology; Theology,,,,,https://ejournals.epublishing.ekt.gr/index.php/psychology/article/download/22601/19217 https://ejournals.epublishing.ekt.gr/index.php/psychology/article/view/22601 https://core.ac.uk/download/345014383.pdf,http://dx.doi.org/10.12681/psy_hps.22601,,10.12681/psy_hps.22601,3101410114,,0,,1,true,cc-by-sa,gold
057-459-765-466-927,Social media to go! : the role of social media in a commercial setting,2020-03-18,2020,,,,,,Corné Dijkmans; Jeroen Vinkesteijn,,,,,,Sociology; Media studies; Social media,,,,,https://www.narcis.nl/publication/RecordID/oai%3Apure.buas.nl%3Apublications%2F806d5bfd-49d7-4056-87d7-a8ef9394af42 https://pure.buas.nl/en/publications/social-media-to-go-the-role-of-social-media-in-a-commercial-setti,https://www.narcis.nl/publication/RecordID/oai%3Apure.buas.nl%3Apublications%2F806d5bfd-49d7-4056-87d7-a8ef9394af42,,,3010858321,,0,,0,false,,
057-794-662-593-26X,RETHINKING THE SOCIAL IN SOCIAL MEDIA,2023-12-31,2023,journal article,AoIR Selected Papers of Internet Research,21623317,University of Illinois Libraries,,Susanna Paasonen; Jenny Sundén; Katrin Tiidenberg; Maria Vihlman,"<jats:p>This paper makes an argument for the value of including sexual sites in definitions and analyses of social media. Building on interview data (four developer interviews and 56 user interviews) from three North European sexual platforms (Darkside, Alastonsuomi and Libertine.Center) devoted to nudity, sex, and kink, it examines the implications of defining sex platforms as social media and the analytical avenues that the inclusion of sexual sites opens up for understanding forms of sociability within them.; ; We start by mapping the studied platforms as built infrastructures that shape and constrain sociality, with a particular focus on developer dialogue with the broader social media ecosystem. We then discuss how these built spaces are used and experienced as “socio-sexual silos” with a particular focus on notions of safety. Finally, we consider what this means for sociality on social media and propose “context promiscuity” as a conceptual aid for unpacking this.</jats:p>",,,,,Social media; Sociology; Media studies; World Wide Web; Computer science,,,,,https://spir.aoir.org/ojs/index.php/spir/article/download/13476/11413 http://dx.doi.org/10.5210/spir.v2023i0.13476,http://dx.doi.org/10.5210/spir.v2023i0.13476,,10.5210/spir.v2023i0.13476,,,0,,0,true,,gold
057-838-613-024-900,The Role and Functions of Social Media in Modern Society. Is social Media Worthwile for Local Media,2013-01-03,2013,journal article,Žurnalistikos Tyrimai,24246042; 20291132,Vilnius University Press,,Sandra Murinska Gaile,"[full article and abstract in English]; The purpose of this article is to explore if the social media are worthwile for the local media. Currently, all types of the mass media under the influence of the social media experience changes caused by the technologies in the processes of obtaining and consuming the information. The article reveals the representation of the local media of Latvia in the electronic environment, mainly in social networks. The use of social media is analysed in the context of theory of innovations diffusion, considering social media as a novelty in the local media space. The empirical research has revealed that the local media do not implement all the advantages which are possible to develop within the digital environment. First of all, at the level of interactivity, the media do not offer the material which may provoke a comment or a feedback from the user. Secondly, the personalization allows seeing in detail whether the local media were able to adopt innovation and to inform the audience about it or not. It means that a particular interest is necessary to adopt an innovation. Thirdly, the potential convergence of the Internet and the traditional media mostly is seen at the level of images and text. The social networks for local media in this case use the most necessary opportunities; wider activities are performed in the traditional environment.",6,,43,62,Sociology; Interactivity; Media system dependency theory; Personalization; Media Lab Europe's social robots; Media space; Public relations; Social media; Mass media; Media relations,,,,,https://www.journals.vu.lt/zurnalistikos-tyrimai/article/view/7401 https://www.zurnalai.vu.lt/zurnalistikos-tyrimai/article/download/7401/5309 https://www.zurnalai.vu.lt/zurnalistikos-tyrimai/article/view/7401 https://www.journals.vu.lt/zurnalistikos-tyrimai/article/download/7401/5309 https://core.ac.uk/download/335066907.pdf,http://dx.doi.org/10.15388/zt/jr.2013.6.7401,,10.15388/zt/jr.2013.6.7401,2261688946,,0,003-605-078-534-418; 004-328-716-016-935; 004-905-094-498-446; 030-337-886-025-84X; 037-665-417-853-615; 063-976-993-868-875; 065-269-214-802-384; 089-240-275-814-540; 090-476-050-681-595; 091-920-755-378-013; 130-945-599-113-569; 138-693-672-998-029; 139-912-035-680-986; 163-637-734-144-951; 175-285-709-288-91X; 187-539-872-468-34X; 191-387-968-035-156,3,true,cc-by,gold
057-992-573-737-927,Theatre & Social Media - Social Media in Theatre,,2016,book chapter,Theatre & Social Media,,Macmillan Education UK,,Patrick Lonergan,,,,35,61,Sociology; Media studies; Social media; Theatre studies,,,,,,http://dx.doi.org/10.1007/978-1-137-46371-5_3,,10.1007/978-1-137-46371-5_3,2550783979,,0,,2,false,,
058-081-151-634-337,The Role and Functions of Social Media in Modern Society. Is social Media Worthwile for Local Media?,2013-01-03,2013,journal article,Žurnalistikos tyrimai,20291132; 24246042,Vilnius University Press,,Sandra Murinska Gaile,"The purpose of this article is to explore if the social media are worthwile for the local media. Currently, all types of the mass media under the influence of the social media experience changes caused by the technologies in the processes of obtaining and consuming the information. The article reveals the representation of the local media of Latvia in the electronic environment, mainly in social networks.",6,,43,62,Social media; Sociology; Media studies; Political science; Law,local media; social media; social networks; theory of the diffusion of innovations,,,,http://www.zurnalai.vu.lt/zurnalistikos-tyrimai/article/download/7401/5309 https://doi.org/10.15388/zt/jr.2013.0.7401,http://dx.doi.org/10.15388/zt/jr.2013.0.7401,,10.15388/zt/jr.2013.0.7401,,,0,,1,true,cc-by,gold
058-368-602-154-737,Social Media and Social Networks,,2017,reference entry,The SAGE Encyclopedia of Out-of-School Learning,,"SAGE Publications, Inc.",,,,,,,,Social media; Sociology; Internet privacy; Media studies; Computer science; World Wide Web,,,,,,http://dx.doi.org/10.4135/9781483385198.n277,,10.4135/9781483385198.n277,,,0,,0,false,,
058-387-343-280-969,Social capital in media societies: The impact of media use and media structures on social capital,2016-07-27,2016,journal article,International Communication Gazette,17480485; 17480493,SAGE Publications,United Kingdom,Sarah Geber; Helmut Scherer; Dorothée Hefner,"Social capital refers to the resources inherent in social relationships; it is considered the foundation of economic, political, and social development. To explore the media’s impact on social capi...",78,6,493,513,Political economy; Social position; Social status; Sociology; Social reproduction; Social change; Social mobility; Public relations; Social transformation; Individual capital; Social engagement,,,,,http://journals.sagepub.com/doi/pdf/10.1177/1748048516640211 https://madoc.bib.uni-mannheim.de/60583/ https://journals.sagepub.com/doi/10.1177/1748048516640211,http://dx.doi.org/10.1177/1748048516640211,,10.1177/1748048516640211,2413985810,,0,001-713-650-704-648; 006-225-569-788-097; 008-600-205-572-281; 012-490-078-884-177; 014-977-785-981-555; 018-887-730-360-424; 020-880-456-862-105; 021-975-868-805-797; 024-152-062-966-040; 024-186-665-573-356; 025-985-714-136-089; 027-271-919-898-202; 027-717-532-834-662; 029-234-926-040-343; 029-784-467-304-982; 031-716-351-502-124; 035-267-062-251-642; 037-498-702-875-594; 037-762-005-896-55X; 037-901-174-821-476; 038-930-742-499-112; 046-056-832-199-713; 047-444-325-932-715; 049-617-656-349-810; 050-342-174-041-587; 051-378-206-944-977; 052-409-502-452-622; 054-001-632-404-761; 056-264-796-717-761; 057-843-457-962-925; 058-669-940-082-608; 059-381-048-166-126; 061-167-780-423-263; 062-768-420-033-632; 063-730-046-092-941; 063-741-233-676-727; 065-699-110-939-562; 065-772-358-609-186; 067-935-067-080-936; 072-479-797-421-901; 074-306-090-986-754; 079-373-593-913-049; 080-671-947-386-081; 082-775-373-923-026; 086-030-516-335-416; 086-251-231-781-489; 087-882-024-871-251; 091-277-106-456-851; 092-585-411-488-957; 092-978-384-644-72X; 094-610-824-049-092; 095-247-583-054-423; 105-155-068-520-357; 107-245-396-776-097; 110-722-768-057-374; 111-529-274-132-428; 117-526-940-392-50X; 119-664-156-603-48X; 120-333-104-733-791; 133-181-168-101-867; 134-613-182-292-738; 139-673-390-447-120; 140-898-845-903-720; 141-098-135-035-456; 149-451-928-538-681; 158-872-131-918-881; 171-367-300-745-605; 172-219-093-370-40X; 175-664-767-683-619; 178-024-221-305-759; 192-478-863-385-643; 193-088-740-362-647; 193-854-823-285-499,13,false,,
058-650-273-827-45X,Research Guides: Social Media: Social Media Statistics,2011-10-17,2011,libguide,,,,,Trip Wyckoff,,,,,,Sociology; Media studies; Social media,,,,,https://guides.lib.fsu.edu/c.php?g=352919&p=2382620,https://guides.lib.fsu.edu/c.php?g=352919&p=2382620,,,2949253536,,0,,0,false,,
058-681-780-881-954,Berufsziel Social Media - Berufsziel Social Media,,2013,book,,,Springer Fachmedien Wiesbaden,,Nico Lumma; Stefan Rippler; Branko Woischwill,,,,,,,,,,,https://link.springer.com/10.1007/978-3-658-01246-5 https://link.springer.com/10.1007/978-3-658-06673-4,http://dx.doi.org/10.1007/978-3-658-01246-5,,10.1007/978-3-658-01246-5,2493763434,,0,,2,false,,
058-710-469-094-755,Social Media Impacts on Travel Suppliers: Social Media Marketing,2014-11-02,2014,book chapter,Social Media Marketing in Tourism and Hospitality,,Springer International Publishing,,Roberta Minazzi,"In the light of social media impacts on travelers’ behavior earlier analyzed in Chap. 3, this section highlights the effects on travel suppliers. In particular, traditional ways to create customer relationships need to be integrated with new eCRM practices and communication policies. Travel companies able to engage customers and prospects by means of social media can increase word-of-mouth, enhance their web reputation, and eventually influence purchase behaviors. Some examples are provided and discussed.",,,77,126,Advertising; Business; Marketing; Customer engagement; Revenue management; Communication policies; Reputation; Social media; Media management; Digital marketing; Customer relationship management,,,,,https://link.springer.com/content/pdf/10.1007%2F978-3-319-05182-6_4.pdf https://rd.springer.com/chapter/10.1007/978-3-319-05182-6_4 https://link.springer.com/chapter/10.1007/978-3-319-05182-6_4 https://link.springer.com/chapter/10.1007/978-3-319-05182-6_4/fulltext.html,http://dx.doi.org/10.1007/978-3-319-05182-6_4,,10.1007/978-3-319-05182-6_4,417499856,,0,000-106-397-024-751; 000-193-239-698-767; 000-690-632-186-108; 001-262-274-011-134; 001-657-194-153-614; 002-541-304-332-19X; 002-709-224-238-642; 004-043-285-912-279; 004-210-280-008-390; 004-771-103-585-250; 005-110-310-425-602; 005-129-139-241-028; 005-590-991-432-327; 005-704-293-391-989; 005-893-458-431-498; 006-341-308-792-002; 006-846-953-269-226; 008-545-922-194-325; 009-268-378-999-720; 010-551-026-046-685; 010-758-100-215-853; 011-319-696-092-381; 011-565-600-580-860; 011-859-453-708-855; 013-283-384-734-550; 015-070-689-117-899; 016-582-007-030-207; 016-590-355-615-420; 016-689-080-649-495; 017-106-148-059-192; 017-295-995-701-356; 020-530-138-961-781; 020-659-477-861-571; 020-849-307-810-736; 021-069-231-343-690; 022-386-970-922-245; 024-328-742-038-674; 025-825-970-424-255; 026-212-803-923-895; 026-354-794-094-522; 026-796-967-868-978; 026-800-632-909-220; 027-834-826-498-45X; 029-487-560-799-851; 030-510-814-613-470; 031-049-198-247-334; 031-382-161-979-08X; 032-779-154-051-170; 032-836-393-727-80X; 034-000-028-310-515; 034-512-170-368-311; 035-055-429-304-233; 036-521-119-347-598; 037-373-025-175-400; 038-823-919-844-61X; 039-508-545-159-744; 043-508-077-114-928; 043-565-926-270-329; 043-848-702-610-312; 044-205-078-940-912; 044-311-589-938-610; 046-566-246-085-537; 047-125-345-989-147; 048-080-116-934-783; 048-456-030-468-649; 048-539-369-052-558; 049-221-301-024-282; 050-657-814-697-194; 053-197-145-179-668; 054-595-900-939-545; 055-061-586-318-416; 056-180-425-832-375; 056-389-934-110-968; 056-473-695-264-91X; 056-685-494-566-449; 056-870-888-187-876; 057-640-116-525-145; 058-060-149-818-118; 058-369-039-576-74X; 058-427-167-927-754; 058-807-329-117-602; 059-854-742-901-052; 066-721-142-412-233; 067-446-544-418-788; 067-475-406-963-799; 069-128-046-056-285; 069-211-960-180-12X; 069-437-185-290-636; 071-436-508-746-368; 072-081-717-099-693; 072-855-979-768-881; 073-158-781-920-270; 074-273-728-026-616; 076-381-145-595-578; 076-489-005-235-022; 077-586-939-535-919; 078-460-398-582-773; 079-487-325-470-646; 080-142-224-521-995; 082-238-248-965-08X; 082-361-588-879-798; 082-585-108-238-91X; 084-680-341-506-966; 087-380-849-827-669; 087-993-900-797-963; 090-198-802-273-651; 091-129-566-033-628; 095-071-218-225-54X; 095-607-073-856-940; 095-741-762-987-759; 099-830-523-253-264; 100-095-090-598-595; 101-871-821-942-210; 103-099-727-293-877; 105-491-028-547-195; 107-869-572-964-552; 110-391-848-117-345; 113-052-598-137-046; 113-280-050-217-90X; 116-017-667-784-964; 116-846-020-171-428; 117-567-855-606-180; 123-560-075-558-232; 124-168-437-732-104; 125-308-557-077-499; 127-917-097-603-609; 128-183-893-804-512; 132-985-617-229-020; 133-908-845-405-572; 134-115-618-621-757; 135-063-918-595-911; 136-663-722-769-815; 137-221-951-619-106; 139-467-938-431-435; 139-473-547-290-023; 141-715-912-829-340; 142-919-420-517-667; 143-252-315-500-314; 145-440-960-130-679; 152-040-505-571-801; 161-077-517-907-523; 164-921-377-129-554; 167-053-198-178-803; 169-388-954-764-603; 170-066-180-862-739; 171-816-221-579-099; 174-338-748-814-142; 175-922-409-286-508; 175-948-938-633-339; 183-893-057-144-927; 183-994-073-183-048; 185-145-504-116-338; 193-330-830-245-762; 196-986-470-759-217,4,false,,
058-942-533-772-26X,Social Media,2019-02-28,2019,book chapter,Bibliothek der Mediengestaltung,25201050; 25201069,Springer Berlin Heidelberg,,Peter Bühler; Patrick Schlaich; Dominik Sinner,,,,56,87,Political science; Social media; Humanities; Art; Law,,,,,,http://dx.doi.org/10.1007/978-3-662-55393-0_3,,10.1007/978-3-662-55393-0_3,,,0,,0,false,,
058-955-692-922-467,Analyzing Social Media Activities: The Impact of Social Media on the Sales Process,,2017,,,,,,Robert Akin,,,,,,Advertising; Business; Sales process; Social media,,,,,https://scholarship.rollins.edu/cgi/viewcontent.cgi?article=1026&context=dba_dissertations https://scholarship.rollins.edu/dba_dissertations/25/,https://scholarship.rollins.edu/dba_dissertations/25/,,,3012995367,,0,,0,false,,
058-984-420-364-433,Social Media and Social Movements,2022-08-26,2022,book chapter,"Research Anthology on Social Media's Influence on Government, Politics, and Social Movements",,IGI Global,,Sheldondra J. Brown; Grace M. Babcock; Monica Bixby Radu,"<jats:p>Because of the increasing importance of the link between social media and social movements, recent research attempts to bridge the gap between media studies and sociological research on social movements. Yet, questions remain unanswered. For example, does social media help facilitate activism that leads to social change? What are the strengths and limitations of social media in creating and maintaining a social movement? This chapter explores these questions and others, paying attention to the #Blacklivesmatter hashtag and social movement, which scholars argue is a power force demanding social change in America. This chapter introduces the concepts of social media and social movements and reviews recent literature examining how social media plays an active role in creating and encouraging social movements. This chapter also considers how sociological theory can provide a better understanding of what social media means for modern social change and concludes with suggestions for future research.</jats:p>",,,50,60,Resource mobilization; Social change; Social media; Social movement; Sociology; Bridge (graph theory); Social philosophy; Social relation; Social science; Social psychology; Political science; Psychology; Politics; Medicine; Internal medicine; Law,,,,,,http://dx.doi.org/10.4018/978-1-6684-7472-3.ch003,,10.4018/978-1-6684-7472-3.ch003,,,0,005-368-593-606-953; 005-570-916-269-103; 008-749-257-536-595; 010-415-941-987-650; 012-390-586-513-710; 014-020-882-417-672; 018-153-196-161-237; 026-394-480-576-963; 032-550-829-026-307; 057-341-137-349-11X; 061-282-724-423-713; 067-638-415-723-774; 078-935-180-648-000; 080-900-508-502-921; 114-711-149-633-848; 127-388-207-795-023; 138-406-956-932-65X; 158-915-777-024-681; 172-486-641-544-711,2,false,,
059-474-124-647-54X,Policing and social media : social control in an era of new media,,2016,book,,,,,Christopher J. Schneider; David L. Altheide,"Foreword by David L. Altheide Introduction: Media Logic, Policing, and Social Media Chapter 1: Media Formats and Police Social Control Practices Chapter 2: Crime and Society 2.0: Police and Social Networking Chapter 3: Facebook and the 2011 Vancouver Riot Chapter 4: Police Presentational Strategies on Twitter Chapter 5: Police Caught on Camera: Framing the Death of Sammy Yatim Conclusion: Policing on Social Media",,,,,Sociology; Framing (social sciences); Media studies; Media logic; Social control; Social media; Presentational and representational acting; New media,,,,,https://ci.nii.ac.jp/ncid/BB23108379,https://ci.nii.ac.jp/ncid/BB23108379,,,2945689953,,0,,16,false,,
059-643-258-874-726,Social Media,2014-08-26,2014,book chapter,The Portable Medical Mentor,,Springer International Publishing,,Larry D. Florman,,,,145,152,Sociology,,,,,,http://dx.doi.org/10.1007/978-3-319-09852-4_25,,10.1007/978-3-319-09852-4_25,,,0,,0,false,,
059-708-128-240-340,Social media,2018-10-12,2018,book chapter,Power Without Responsibility,,Routledge,,James Curran; Jean Seaton,,,,395,407,Social media; Sociology; Computer science; World Wide Web,,,,,,http://dx.doi.org/10.4324/9781351212298-22,,10.4324/9781351212298-22,,,0,,0,false,,
059-768-980-381-258,The SAGE Handbook of Social Media - Social Media App Economies,,2018,book chapter,The SAGE Handbook of Social Media,,SAGE Publications Ltd,,Rowan Wilken,,,,279,296,Advertising; Business; Marketing; Social media,,,,,,http://dx.doi.org/10.4135/9781473984066.n16,,10.4135/9781473984066.n16,2769298162,,0,,9,false,,
060-013-695-989-870,LibGuides: Jackson/Social Media/Social Media History: Assignment,2018-10-30,2018,libguide,,,,,Jill Hanson,,,,,,Sociology; Media studies; Social media,,,,,https://woodward.libguides.com/socialmedia,https://woodward.libguides.com/socialmedia,,,2995597437,,0,,0,false,,
060-384-710-413-355,Social Media,2017-02-15,2017,other,Fundraising Principles and Practice,,Wiley,,Steven Shattuck; Adrian Sargeant,,,,360,391,Social media; Snapshot (computer storage); Business; Public relations; Computer science; Political science; World Wide Web; Operating system,,,,,,http://dx.doi.org/10.1002/9781119228974.ch12,,10.1002/9781119228974.ch12,,,0,030-336-959-693-984; 096-583-566-185-092; 134-613-959-110-041,1,false,,
061-357-082-989-013,CSR und Social Media - CSR und Social Media,,2014,book,Management-Reihe Corporate Social Responsibility,21974322; 21974330,Springer Berlin Heidelberg,,Riccardo Wagner; Georg Lahme; Tim Breitbarth,,,,,,Corporate social responsibility; Political science; Public relations; Social media,,,,,https://link.springer.com/10.1007/978-3-642-55024-9,http://dx.doi.org/10.1007/978-3-642-55024-9,,10.1007/978-3-642-55024-9,2486704231,,0,,8,false,,
061-535-678-579-209,Social Media Modeling and Computing - Social Media Modeling and Computing,,2011,book,,,Springer London,,Steven C. H. Hoi; Jiebo Luo; Susanne Boll; Dong Xu; Rong Jin; Irwin King,"This timely text/reference presents the latest advances in various aspects of social media modeling and social media computing research. Gathering together superb research from a range of established international conferences and workshops, the editors coherently organize and present each of the topics in relation to the basic principles and practices of social media modeling and computing. Individual chapters can be also be used as self-contained references on the material covered. Topics and features: presents contributions from an international selection of preeminent experts in the field; discusses topics on social-media content analysis; examines social-media system design and analysis, and visual analytic tools for event analysis; investigates access control for privacy and security issues in social networks; describes emerging applications of social media, for music recommendation, automatic image annotation, and the analysis and improvement of photo-books.",,,,,Selection (linguistics); Content analysis; Automatic image annotation; Data science; Relation (database); Systems design; Field (computer science); Computer science; Social media; Access control,,,,,https://ink.library.smu.edu.sg/sis_research/2917/ http://ui.adsabs.harvard.edu/abs/2011smma.book.....H/abstract https://core.ac.uk/display/35456220 https://link.springer.com/10.1007/978-0-85729-436-4,http://dx.doi.org/10.1007/978-0-85729-436-4,,10.1007/978-0-85729-436-4,1677282840,,0,000-010-886-655-320; 001-481-512-722-450; 002-345-873-500-677; 002-450-879-889-905; 003-830-370-028-302; 003-972-830-728-021; 004-007-140-650-441; 004-147-633-707-930; 005-947-994-630-483; 007-763-043-675-236; 008-455-383-056-644; 008-623-262-105-577; 011-266-972-419-015; 011-900-099-663-712; 012-262-783-193-887; 012-472-855-053-978; 014-267-129-756-476; 016-377-434-711-020; 018-310-478-472-398; 018-539-891-956-076; 018-701-195-748-962; 018-735-313-619-594; 019-579-416-293-966; 019-583-953-430-964; 020-388-817-862-860; 020-717-825-710-730; 021-104-223-617-306; 023-453-737-281-481; 025-781-135-121-89X; 025-814-248-174-400; 027-056-087-708-653; 027-349-797-778-567; 028-799-038-292-763; 029-018-635-018-764; 029-092-189-909-510; 029-212-095-642-679; 031-993-931-350-820; 034-073-120-160-844; 034-837-721-471-856; 035-202-606-030-956; 035-507-984-415-017; 035-659-155-436-649; 036-660-448-442-676; 037-389-183-161-051; 038-098-177-970-406; 042-864-137-300-605; 042-917-926-681-988; 043-906-964-623-634; 045-140-771-970-310; 045-846-626-582-64X; 046-538-820-252-769; 046-594-576-228-949; 046-826-248-740-206; 047-505-417-350-081; 048-931-081-303-086; 049-873-990-288-69X; 050-896-903-778-007; 051-084-634-710-604; 051-118-924-962-773; 051-387-997-059-388; 051-755-812-671-535; 052-463-361-333-386; 052-798-175-028-577; 054-283-036-157-731; 056-056-498-989-48X; 058-605-368-549-277; 059-315-026-596-832; 059-376-926-758-437; 060-883-522-115-63X; 061-146-170-184-67X; 061-175-777-412-248; 063-527-963-474-185; 063-556-454-666-819; 063-927-491-414-012; 064-602-205-105-456; 067-141-855-471-036; 067-760-831-191-577; 068-249-589-719-107; 068-598-817-268-025; 069-305-704-373-691; 070-336-542-445-695; 071-907-688-587-285; 072-252-992-642-527; 072-425-520-866-912; 073-310-248-685-640; 073-605-139-251-518; 074-119-932-132-306; 075-671-787-877-103; 077-455-773-008-210; 080-349-433-972-571; 080-418-584-620-246; 082-274-054-270-018; 083-692-897-588-233; 084-295-613-627-497; 085-337-341-128-641; 091-512-177-185-582; 092-246-160-543-07X; 093-670-299-578-014; 094-869-702-290-809; 096-841-521-401-002; 097-526-582-667-628; 097-654-427-607-349; 097-742-678-527-108; 098-440-015-522-27X; 100-182-577-318-247; 100-239-079-022-579; 105-087-319-957-659; 106-535-240-709-524; 106-793-627-576-49X; 106-990-718-032-300; 107-076-208-626-717; 108-019-204-131-093; 110-342-661-733-307; 111-111-790-830-11X; 111-402-160-424-088; 112-780-948-545-840; 114-236-869-252-947; 116-135-726-088-107; 118-538-285-993-214; 120-041-283-576-95X; 121-833-405-499-57X; 123-483-927-726-00X; 123-812-045-043-965; 126-505-202-562-128; 127-134-528-683-700; 127-782-762-293-722; 128-007-188-264-36X; 130-043-455-054-448; 131-470-596-090-111; 134-815-652-002-025; 135-021-847-052-729; 135-398-135-772-277; 138-729-962-867-512; 147-707-615-355-327; 152-223-562-958-588; 152-394-195-765-165; 153-284-701-937-353; 153-553-452-149-753; 158-742-318-296-407; 159-229-484-761-65X; 164-647-842-944-054; 171-292-935-481-128; 174-129-134-688-718; 179-632-200-288-254; 180-678-714-183-694; 181-467-706-275-886; 181-875-504-455-259; 183-354-392-858-254; 185-583-432-618-274; 186-120-970-840-740; 188-146-582-751-760; 188-330-005-711-654; 192-340-594-032-134; 197-045-902-530-697,11,false,,
061-675-893-047-920,Social Media,2023-09-26,2023,book chapter,Managing Emotions in Journalism,,Springer International Publishing,,Maja Šimunjak,,,,151,177,Anger; Psychology; Sadness; Anxiety; Social psychology; Embarrassment; Social media; Frustration; Harassment; Negativity effect; Political science; Psychiatry; Law,,,,,,http://dx.doi.org/10.1007/978-3-031-38631-2_7,,10.1007/978-3-031-38631-2_7,,,0,005-571-348-133-770; 022-672-978-241-169; 032-282-135-990-46X; 037-133-295-517-834; 050-562-269-919-860; 091-306-050-525-116; 094-647-617-651-047; 097-157-792-471-411; 099-677-322-373-018; 102-134-040-708-241; 108-823-433-413-008,0,false,,
062-022-957-087-760,Using Social Media and Creating Social Media Courses,,2013,other,Social Media,,University Press of America,,Tia C. M. Tyree,,,,1,20,,,,,,,http://dx.doi.org/10.5040/9780761892663.ch-001,,10.5040/9780761892663.ch-001,,,0,,0,false,,
062-109-556-289-048,Social Networking and Social Media Comparisons,,2017,book chapter,Advances in Social Networking and Online Communities,23281405; 23281413,IGI Global,,Michael A. Brown,"<jats:p>Organizations, researchers and academicians now have a new source for social networking methodology through Social Networking and Individual Performance (SNIP). This book will provide a scored survey instrument that, combined with research findings, relevant discovery and discussion will bring social networking into focus. The body of work focuses on the end state of social networking activities rather than the social media platform. This is an important distinction. This book addresses how to set an end state and devise a strategic approach to emphasize expectation, value, and return (EVR) in social networking. This approach is important because there are not enough references that have a similar approach to help those engaged in social networking and social media activities. In fact, there are none that focus on the current approach. SNIP addresses that limitation. </jats:p>",,,1,14,Internet privacy; Psychology; Social media; Social computing,,,,,https://www.igi-global.com/chapter/social-networking-and-social-media-comparisons/174016,http://dx.doi.org/10.4018/978-1-5225-1963-8.ch001,,10.4018/978-1-5225-1963-8.ch001,2564759267,,0,004-482-276-593-901; 007-486-432-688-361; 021-246-559-557-240; 032-707-164-924-702; 041-935-926-543-713; 046-841-674-135-16X; 050-479-565-316-901; 071-860-316-045-156; 073-387-064-256-302; 080-019-551-408-283; 083-184-580-733-219; 103-605-597-637-844; 135-825-819-875-035; 192-694-650-115-240,0,false,,
062-118-665-229-348,Social Media,,2022,other,Auditioning for Film and Television,,Bloomsbury Publishing Plc,,,,,,161,167,Social media; Computer science; World Wide Web,,,,,,http://dx.doi.org/10.5040/9781350155978.ch-018,,10.5040/9781350155978.ch-018,,,0,,0,false,,
062-119-664-091-118,Social Media,2016-11-01,2016,book chapter,Kommunikation der Corporate Social Responsibility in kleineren und mittleren Unternehmen,,Springer Fachmedien Wiesbaden,,Elisabeth Pollhammer; Oliver Meixner,,,,41,52,Social media; World Wide Web; Sociology; Humanities; Computer science; Art,,,,,,http://dx.doi.org/10.1007/978-3-658-16442-3_3,,10.1007/978-3-658-16442-3_3,,,0,,0,false,,
062-131-245-262-359,Social media,2015-02-17,2015,book chapter,The Routledge Companion to the Future of Marketing,,Routledge,,Lindsay Korenich; Dana Lascu; Lalita Manrai; Ajay Manrai,,,,,,Social media; Sociology; Computer science; World Wide Web,,,,,,http://dx.doi.org/10.4324/9780203103036.ch12,,10.4324/9780203103036.ch12,,,0,,0,false,,
062-315-431-449-367,Social Media Sharing | Hey Avenue | Social Media Marketing,2012-01-10,2012,,,,,,Hey Av,,,,,,Advertising; Geography; Social media marketing; Social media,,,,,,,,,1822757274,,0,,0,false,,
062-632-634-693-174,Social Media,2023-07-31,2023,book chapter,essentials,21976708; 21976716,Springer Fachmedien Wiesbaden,,Pia Löffler,,,,37,48,Humanities; Political science; Art,,,,,,http://dx.doi.org/10.1007/978-3-658-42225-7_5,,10.1007/978-3-658-42225-7_5,,,0,,0,false,,
062-728-703-152-088,Social Media in Rural China/Social Media in Industrial China,2017-04-01,2017,journal article,China perspectives,,,,Séverine Arsène,"Tom McDonald, Social Media in Rural China, London, UCL Press, 2016.Wang Xinyuan, Social Media in Industrial China, London, UCL Press, 2016.These two books resulted from a comparative research project on the use of social networks entitled Why We Post, which in 2016 led to a series of 11 monographs by country (India, Turkey, Italy, etc.). Two of them dealt with China: one by Wang Xinyuan looks at the use of social media in industrial China, and the other by Tom McDonald focuses on rural China.This is a rare initiative backed by European funding for carrying out longterm ethnographic investigations (15 months' field research), structured according to comparable research questions. The two books contain participant observations, more or less formal interviews with residents in selected localities, and the collection of materials from social networks, especially made accessible through developing personal relationships with those surveyed. McDonald chose a town in Shandong Province called Anshan (6,000 residents, or 31,000 with neighbouring villages included). Wang picked Goodpath, an industrial town in Zhejiang Province, two-thirds of whose 62,000 residents were migrant workers. Rather than industrial China, the book in fact focuses on the experience of migration from rural areas to the cities.Collective coordination led to a similar structure in the two works: following a methodological introduction and an overview of the main online services used by those surveyed (QQ, Wechat, Renren, microblogs, and Momo at Anshan; QQ, Wechat, and Weibo at Goodpath), the authors describe the types of visuals frequently shared; the way in which social relations are maintained and developed through the networks; how social norms are practised and tested through these diverse forms of socialisation; and finally, how the uses of social media reflect the place of individuals in society in relation to the state or to other institutions such as religion. This reviewer cannot but underline the complementarity of these two books, albeit a decade later, with her own, which largely dealt with these aspects through in-depth interviews conducted in 2006 among Internet users in the urban setting of Beijing.(1)However, these two books are based on a much vaster ethnographic terrain. Especially praise-worthy is the depth of observation made possible through field work lasting 15 months, which helped document digital practices in their local context and gained the confidence of those surveyed. Thus, rather than statements about cash transactions, it is the uses of social networks that were observed and documented during the study. The long duration also helped in observing the evolution of practices over time, even as those surveyed gradually went through different stages of their lives and were led to re-evaluate their rapports with dominant social norms. The authors thus show that the relationship of intimacy or visibility is renegotiated at the time of marriage (McDonald), or that migrants reconfigure their friendship networks alongside the migration process (Wang), playing on the different functionalities and groups the platforms put at their disposal.Observations regarding gender relationships constitute one of the most interesting aspects of these studies. In fact, statistics have long shown a highly differentiated utilisation of social networks by men and women in China. By showing how women are pushed to shoulder a ""guardian of morality"" role that obliges them, for instance, to drastically reduce their use of social media following marriage, McDonald offers a persuasive explanation.Developments regarding the rapport of those surveyed with participation in political life are equally interesting, despite not constituting the heart of the investigation. Wang shows how corruption, which pervades daily life especially in labour recruitment, helps in defusing potential demands at local levels and how Wechat, by facilitating transfers of small sums, contributes to this process. …",,2,75,,Comparative research; Rural area; Field research; Social relation; Sociology; China; Friendship; Context (language use); Social science; Social media,,,,,,,,,2773354216,,0,,0,false,,
062-878-148-085-317,Social Media,2023-08-25,2023,book chapter,Visual Literacy in the K–12 Social Studies Classroom,,Emerald Publishing Limited,,,,,,157,179,,,,,,,http://dx.doi.org/10.1108/979-8-88730-408-320251009,,10.1108/979-8-88730-408-320251009,,,0,004-134-771-313-259; 004-278-541-837-076; 025-992-237-434-563; 048-190-398-738-306; 048-657-150-596-785,0,false,,
062-911-207-191-884,Social Media Mining: An Introduction - Social Media Mining: An Introduction,2014-04-28,2014,book,,,Cambridge University Press,,Reza Zafarani; Mohammad Ali Abbasi; Huan Liu,"The growth of social media over the last decade has revolutionized the way individuals interact and industries conduct business. Individuals produce data at an unprecedented rate by interacting, sharing, and consuming content through social media. Understanding and processing this new type of data to glean actionable patterns presents challenges and opportunities for interdisciplinary research, novel algorithms, and tool development. Social Media Mining integrates social media, social network analysis, and data mining to provide a convenient and coherent platform for students, practitioners, researchers, and project managers to understand the basics and potentials of social media mining. It introduces the unique problems arising from social media data and presents fundamental concepts, emerging issues, and effective algorithms for network analysis and data mining. Suitable for use in advanced undergraduate and beginning graduate courses as well as professional short courses, the text contains exercises of different degrees of difficulty that improve understanding and help apply concepts, principles, and methods in various scenarios of social media mining.",,,,,Social network analysis; Engineering; Data science; Social media mining; Network analysis; Social media; Knowledge management,,,,,http://ci.nii.ac.jp/ncid/BB16149150 https://www.cambridge.org/core/books/social-media-mining/D1050E05E04E082BF2AED1E8D4BB8656 https://experts.syr.edu/en/publications/social-media-mining-an-introduction https://antikvariat11.cz/kniha/zafarani-reza-social-media-mining-an-introduction-2014 https://asu.pure.elsevier.com/en/publications/social-media-mining-an-introduction https://dl.acm.org/citation.cfm?id=2670030 http://ebooks.cambridge.org/ref/id/CBO9781139088510,http://dx.doi.org/10.1017/cbo9781139088510,,10.1017/cbo9781139088510,1774848501,,2,000-203-627-584-442; 000-503-095-848-973; 001-143-989-871-830; 001-159-184-276-045; 001-639-812-233-402; 002-917-095-313-322; 002-970-430-093-770; 003-078-576-803-447; 003-792-665-068-075; 004-106-677-801-637; 004-272-658-900-30X; 004-489-738-283-425; 004-930-618-968-061; 005-235-901-955-196; 005-788-491-757-196; 006-492-092-856-895; 006-613-943-113-124; 006-975-440-455-067; 007-123-902-810-016; 007-195-664-675-674; 007-953-544-359-378; 007-982-848-583-697; 008-414-059-072-131; 008-464-417-083-021; 008-671-132-551-225; 008-727-090-536-763; 008-831-507-203-420; 009-767-155-120-316; 010-153-208-612-656; 010-242-295-476-641; 011-328-643-702-750; 011-534-261-435-017; 011-854-399-312-637; 012-430-523-378-543; 013-443-891-715-039; 013-535-160-555-332; 013-894-593-955-344; 015-701-444-535-687; 015-747-077-507-142; 017-131-554-736-587; 017-166-424-652-094; 017-634-406-913-566; 017-928-579-627-078; 018-375-046-190-685; 018-550-403-684-524; 018-631-803-432-902; 018-656-085-850-501; 018-815-663-549-143; 018-835-513-079-324; 018-983-752-930-002; 019-286-547-560-930; 019-583-953-430-964; 019-706-336-089-489; 020-150-823-216-515; 020-404-483-834-41X; 020-712-154-041-27X; 021-348-230-327-973; 021-382-797-777-739; 021-544-670-282-623; 022-675-361-013-194; 022-693-561-904-29X; 023-127-912-580-646; 023-293-250-813-984; 023-466-969-376-175; 024-076-829-063-954; 024-085-101-696-497; 024-085-270-622-915; 024-848-286-367-819; 025-031-949-186-737; 025-371-805-190-228; 025-434-670-903-926; 025-893-060-895-706; 026-013-708-245-182; 026-718-551-492-061; 026-887-181-999-718; 028-227-833-509-542; 028-850-248-202-616; 028-988-874-926-875; 029-642-747-182-015; 030-296-996-416-907; 030-412-132-629-193; 031-008-808-794-546; 031-384-407-211-257; 031-467-245-378-495; 031-757-619-112-305; 034-145-218-792-807; 034-438-920-501-183; 034-530-980-323-667; 034-540-714-420-56X; 034-970-236-164-193; 035-219-025-550-161; 035-308-711-421-356; 035-571-700-057-534; 035-917-843-464-255; 036-493-398-944-903; 036-988-453-556-634; 037-732-710-835-480; 038-499-816-019-13X; 038-576-001-630-807; 038-637-476-758-106; 039-318-649-989-85X; 040-387-167-070-116; 040-395-625-023-262; 040-746-469-821-458; 042-584-629-449-493; 042-591-572-291-642; 042-664-640-483-983; 043-098-145-788-803; 043-755-866-475-361; 044-078-514-418-903; 044-345-261-905-116; 045-948-025-682-220; 046-042-027-110-547; 046-841-674-135-16X; 046-849-601-552-647; 046-986-705-393-370; 047-470-711-914-450; 047-612-237-926-630; 047-636-966-350-236; 048-366-047-975-744; 048-513-838-162-325; 049-836-160-773-693; 050-966-156-920-217; 051-212-304-333-520; 052-468-724-042-629; 052-724-876-087-471; 053-305-406-664-158; 053-329-372-985-557; 053-334-017-585-790; 053-404-306-739-937; 053-883-152-977-799; 053-900-915-342-866; 054-883-294-325-530; 055-209-711-625-094; 055-284-632-827-86X; 055-524-866-430-670; 056-025-158-568-556; 056-568-446-451-505; 058-125-723-752-235; 058-225-124-258-76X; 058-273-019-371-687; 059-310-843-150-782; 059-894-378-744-48X; 060-116-357-992-323; 060-177-361-971-41X; 060-357-810-159-856; 060-496-794-631-195; 060-661-544-032-372; 060-835-792-407-425; 061-636-984-210-20X; 061-877-375-905-126; 061-986-585-996-591; 062-356-721-616-865; 062-680-715-759-290; 062-691-799-962-790; 063-190-811-897-241; 063-775-079-638-647; 063-884-048-380-009; 064-053-186-811-574; 064-195-089-887-677; 064-476-160-234-160; 064-523-202-529-83X; 064-878-640-987-438; 064-889-068-338-907; 065-253-066-186-316; 066-937-548-325-95X; 067-493-015-343-92X; 067-556-730-308-483; 067-570-225-806-159; 067-967-488-043-718; 068-367-514-114-59X; 068-671-415-787-269; 068-938-391-529-280; 069-036-285-740-81X; 069-115-546-939-508; 069-405-622-489-787; 069-552-634-797-138; 069-673-735-885-795; 070-670-798-218-609; 071-073-149-228-277; 071-848-113-231-395; 072-028-934-049-235; 072-243-912-426-29X; 072-288-271-309-294; 073-014-201-416-869; 073-865-065-887-978; 073-978-588-809-89X; 074-178-923-265-107; 074-806-777-897-839; 074-929-503-321-875; 075-116-783-956-047; 076-180-740-369-507; 076-668-263-563-241; 077-376-821-393-884; 079-043-006-221-303; 079-150-962-055-361; 080-097-727-038-807; 080-418-584-620-246; 080-909-158-948-341; 081-584-533-121-842; 081-659-968-900-291; 081-991-785-263-247; 082-166-049-457-728; 082-230-521-366-031; 082-274-054-270-018; 082-636-564-713-689; 082-850-895-083-375; 083-510-449-816-992; 083-925-625-829-149; 084-501-941-477-226; 084-683-616-929-196; 084-698-325-900-459; 085-179-386-712-496; 085-470-963-196-14X; 089-618-673-558-521; 089-867-080-352-04X; 091-191-946-134-815; 091-416-249-642-325; 092-198-976-262-277; 092-249-529-837-814; 092-319-434-473-799; 092-342-090-222-616; 093-901-439-433-18X; 094-118-334-429-653; 094-159-592-916-885; 094-332-505-126-057; 094-336-360-386-20X; 095-563-603-963-814; 096-630-503-965-816; 097-422-595-977-928; 097-654-427-607-349; 099-169-442-324-498; 101-127-387-013-017; 105-105-881-508-46X; 105-124-151-064-67X; 105-395-385-823-338; 105-553-814-681-94X; 106-849-681-739-149; 107-861-833-873-514; 108-095-657-267-545; 108-796-571-723-935; 110-309-926-544-567; 111-740-369-027-86X; 112-700-614-813-267; 113-043-794-408-590; 113-276-001-471-854; 115-144-868-231-288; 115-231-630-466-971; 115-277-930-324-266; 115-440-157-391-468; 116-787-074-867-810; 117-467-526-804-962; 118-421-426-375-34X; 118-642-807-049-571; 120-318-467-935-522; 120-663-144-372-929; 121-426-163-342-570; 122-803-207-697-38X; 123-218-689-488-554; 123-794-293-238-722; 124-928-196-113-888; 125-470-270-261-956; 126-684-360-700-457; 127-737-121-290-633; 128-129-106-162-85X; 129-804-329-044-036; 129-813-369-521-540; 131-101-608-578-912; 131-237-642-874-822; 131-583-792-693-084; 132-246-550-138-466; 133-598-324-012-73X; 133-964-542-910-156; 137-451-770-193-947; 138-042-458-474-110; 139-721-633-436-05X; 144-464-385-489-801; 147-096-933-427-955; 147-485-080-730-870; 148-568-289-074-296; 149-682-664-476-269; 149-756-198-494-783; 150-501-219-466-61X; 152-121-087-986-979; 152-579-157-271-739; 152-688-607-835-929; 154-998-270-711-571; 155-113-794-319-875; 155-402-052-450-031; 156-288-278-708-891; 160-450-219-203-057; 162-509-740-935-570; 163-637-734-144-951; 164-233-751-793-174; 166-045-326-985-161; 168-493-303-499-04X; 168-663-423-050-326; 168-869-896-410-145; 168-932-888-637-656; 169-059-316-664-344; 170-263-337-416-634; 173-253-458-414-459; 173-262-499-237-465; 173-739-209-507-152; 174-062-265-224-880; 174-111-924-091-873; 174-619-377-275-100; 176-842-001-783-46X; 177-175-750-040-989; 179-099-427-052-227; 179-729-483-673-013; 179-925-777-017-503; 180-437-746-294-332; 182-672-344-073-206; 182-930-138-117-959; 186-090-269-999-572; 186-557-806-415-795; 186-693-415-713-329; 189-724-489-757-752; 191-744-235-467-819,603,false,,
063-043-413-620-597,Social media,2022-03-04,2022,book chapter,Doing Middle Leadership Right,,Routledge,,Lyndsay Bawden; Jade Hickin; Kaley Macis-Riley,,,,117,127,Social media; Sociology; Computer science; World Wide Web,,,,,,http://dx.doi.org/10.4324/9781003160557-12,,10.4324/9781003160557-12,,,0,,1,false,,
063-163-127-613-835,The social media,2019-10-17,2019,book chapter,Routledge Handbook of Contemporary Thailand,,Routledge,,Wolfram Schaffar,,,,353,365,Sociology; Media studies; Social media,,,,,https://www.taylorfrancis.com/books/e/9781315151328/chapters/10.4324/9781315151328-28 https://content.taylorfrancis.com/books/download?dac=C2017-0-54171-0&isbn=9781315151328&doi=10.4324/9781315151328-28&format=pdf,http://dx.doi.org/10.4324/9781315151328-28,,10.4324/9781315151328-28,2982473798,,0,009-849-743-748-82X,1,false,,
063-178-842-036-768,The Language of Social Media - Investigating language policy in social media,,,book chapter,The Language of Social Media,,Palgrave Macmillan,,Aoife Lenihan,,,,,,Sociology; Public relations; Social media; Language policy,,,,,http://www.palgraveconnect.com/doifinder/10.1057/9781137029317,http://dx.doi.org/10.1057/9781137029317.0015,,10.1057/9781137029317.0015,2493931497,,0,,0,false,,
063-206-458-235-012,Guides. Media and Communications. Social Media.,2010-03-01,2010,,,,,,Kim Wilson,,,,,,Sociology; Media studies; Social media,,,,,,,,,469177280,,0,,0,false,,
063-219-160-648-597,Social Media in der Medienarbeit - Social Media in der Medienarbeit,,2010,book,,,VS Verlag für Sozialwissenschaften,,Marcel Bernet,,,,,,,,,,,https://link.springer.com/10.1007/978-3-531-92059-7,http://dx.doi.org/10.1007/978-3-531-92059-7,,10.1007/978-3-531-92059-7,2477049512,,0,,19,false,,
063-464-495-466-428,Social Media,,2015,,,,SAGE Publications Ltd.,,,,,,,,,,,,,,http://dx.doi.org/10.4135/9781473935358,,10.4135/9781473935358,,,0,,0,false,,
063-814-485-221-379,Social Media,,2020,book chapter,Handbuch Medienökonomie,,Springer Fachmedien Wiesbaden,,Castulus Kolo,,,,989,1013,Social media; Sociology; Computer science; World Wide Web,,,,,,http://dx.doi.org/10.1007/978-3-658-09560-4_39,,10.1007/978-3-658-09560-4_39,,,0,004-489-738-283-425; 009-329-721-118-377; 011-854-399-312-637; 014-087-695-493-174; 018-656-085-850-501; 021-708-534-179-910; 035-290-649-562-226; 037-573-937-777-806; 039-301-515-242-83X; 041-510-178-281-506; 042-353-116-065-680; 043-212-316-018-384; 045-475-384-258-141; 047-432-934-587-71X; 047-863-599-528-775; 050-373-293-781-82X; 051-202-893-756-708; 052-858-978-036-185; 055-194-573-773-195; 061-974-970-553-086; 063-740-239-871-924; 067-863-568-988-598; 069-016-687-885-562; 070-678-894-486-036; 076-392-369-238-928; 082-076-168-402-843; 083-925-625-829-149; 086-394-539-147-853; 087-231-665-868-352; 091-097-722-680-103; 093-200-687-277-946; 097-920-501-219-344; 098-782-453-541-163; 099-349-231-635-454; 100-370-915-299-754; 101-858-508-751-657; 105-271-842-860-042; 106-921-797-339-925; 113-737-503-228-263; 116-825-163-880-907; 119-143-110-036-156; 119-664-156-603-48X; 119-770-359-884-276; 121-324-342-703-055; 127-865-804-777-850; 129-457-399-994-762; 133-344-438-348-469; 140-422-044-408-144; 149-926-896-253-636; 156-288-278-708-891; 159-288-012-300-169; 163-119-180-482-042; 164-233-751-793-174,2,false,,
063-926-844-937-675,Branding in Social Media : Branding upcoming designers in social media,,2012,,,,,,Marianna Tötterman,,,,,,Advertising; Corporate branding; Business; Public relations; Social media,,,,,https://www.theseus.fi/handle/10024/47392,https://www.theseus.fi/handle/10024/47392,,,2595667785,,0,,1,false,,
063-939-969-172-170,The Art Therapist’s Guide to Social Media - Introduction to Social Networking and Social Media,2017-10-12,2017,book chapter,The Art Therapist's Guide to Social Media,,Routledge,,Gretchen M. Miller,,,,11,31,Internet privacy; Sociology; Social media,,,,,http://dx.doi.org/10.4324/9781315627847-2,http://dx.doi.org/10.4324/9781315627847-2,,10.4324/9781315627847-2,2904762910,,0,,0,false,,
063-941-385-662-961,Introduction to Social Media and Social Networks,,2011,book chapter,Analyzing Social Media Networks with NodeXL,,Elsevier,,Derek L. Hansen; Ben Shneiderman; Marc A. Smith,,,,3,9,World Wide Web; Network science; Political science; Value network analysis; Public relations; Social media; Social media optimization; Organizational network analysis; Social computing; Social learning; Social network,,,,,https://www.sciencedirect.com/science/article/pii/B9780128177563000017,http://dx.doi.org/10.1016/b978-0-12-382229-1.00001-1,,10.1016/b978-0-12-382229-1.00001-1,2499343742,,0,013-886-959-535-580; 015-655-307-616-929; 032-162-248-477-762; 049-509-529-081-462; 060-571-317-709-348; 089-386-221-937-838,5,false,,
063-976-256-273-505,The Impact of Social Media on Social Development,2025-06-26,2025,journal article,Interdisciplinary Humanities and Communication Studies,29601320; 29596149,Dean & Francis Press,,Xinnan Wang,"<jats:p>The rapid growth of social media platforms has transformed communication and created opportunities and challenges. Social media has credit for spreading important safety information, but it also carries risks such as misinformation, privacy violations, and social division. This article analyses the dual impact of social media, highlighting its role in public engagement and the dangers it poses to user safety and trust. This paper argues that social media can help people build a wider range of awareness, and at the same time, it is conducive to the positive communication of information. In addition, social media also helps to build and expand social networks to help people communicate and interact better. But at the same time, social media clocks also have problems such as false information, cyberbullying, and information security, which affect people’s safety and lives. This paper concludes that strengthening media literacy, implementing strong data protection laws, and raising the awareness of the public are the few crucial strategies needed.</jats:p>",1,3,,,Social media; Social impact; Sociology; Computer science; World Wide Web; Demography; Population,,,,,https://lseee.net/index.php/hc/article/download/395/HC006152.pdf https://doi.org/10.61173/0cvh4045,http://dx.doi.org/10.61173/0cvh4045,,10.61173/0cvh4045,,,0,,0,true,,bronze
064-214-804-159-216,Social Media and Social Work Regulation,2020-07-15,2020,other,Social Media and Social Work,,Bristol University Press,,Claudia Megele; Lyn Romeo; Peter Buzzi,,,,177,206,Sociology; Social work; Public relations; Social media,,,,,https://www.cambridge.org/core/books/social-media-and-social-work/social-media-and-social-work-regulation/CE80909193BEEEEF1CA175F25C5306C2,http://dx.doi.org/10.46692/9781447327400.008,,10.46692/9781447327400.008,3042432752,,0,,0,false,,
064-272-761-005-051,Social Media,2023-09-28,2023,book chapter,Disseminating Your Action Research,,Routledge,,Craig A. Mertler,,,,125,143,Social media; Sociology; Computer science; World Wide Web,,,,,,http://dx.doi.org/10.4324/9781003322498-12,,10.4324/9781003322498-12,,,0,,0,false,,
064-276-475-231-320,Science in the Media - Social Media Science,2021-08-25,2021,book chapter,Science in the Media,,Routledge,,Paul R. Brewer; Barbara L. Ley,,,,149,171,Sociology; Media studies; Social media,,,,,http://dx.doi.org/10.4324/9781003190721-7,http://dx.doi.org/10.4324/9781003190721-7,,10.4324/9781003190721-7,3194040397,,0,,0,false,,
064-481-269-819-732,Social impacts in social media,,2014,journal article,Computers in Human Behavior,07475632,Elsevier BV,United Kingdom,Huaye Li; Yasuaki Sakamoto,,41,41,278,287,Psychology; Work (electrical); Information sharing; Statement (logic); Social impact; Collective opinion; Affect (psychology); Information quality; Social media; Social psychology,,,,National Science Foundation; National Science Foundation,http://www.sciencedirect.com/science/article/pii/S0747563214004373 https://www.sciencedirect.com/science/article/pii/S0747563214004373 https://dblp.uni-trier.de/db/journals/chb/chb41.html#LiS14 https://www.infona.pl/resource/bwmeta1.element.elsevier-f2bdb541-38c3-39bf-ac25-cdf02a48f5fe https://dl.acm.org/doi/10.1016/j.chb.2014.08.009,http://dx.doi.org/10.1016/j.chb.2014.08.009,,10.1016/j.chb.2014.08.009,2004797753,,0,003-704-353-801-095; 005-759-164-025-18X; 006-843-627-109-290; 011-338-952-925-973; 012-146-970-165-912; 014-824-177-505-515; 015-264-538-059-64X; 016-456-958-137-352; 017-612-984-100-471; 019-303-532-604-20X; 020-954-690-005-08X; 022-136-322-624-635; 023-088-677-737-850; 023-900-933-722-565; 024-406-380-130-916; 026-516-950-856-920; 027-991-394-082-053; 033-322-703-798-143; 034-213-650-911-109; 034-434-564-530-456; 034-458-147-346-283; 034-512-170-368-311; 037-987-652-679-460; 038-154-540-098-581; 046-168-705-567-76X; 047-076-764-694-070; 047-127-432-680-972; 050-760-070-237-181; 053-459-201-895-587; 054-500-091-094-452; 056-543-290-772-01X; 060-682-463-569-381; 070-652-722-067-155; 079-185-995-330-534; 091-227-781-521-535; 093-030-109-346-170; 098-560-472-811-225; 101-231-446-512-52X; 114-909-146-181-94X; 118-477-517-714-899; 122-467-867-486-991; 125-175-770-444-319; 125-189-879-973-844; 130-072-745-034-384; 133-846-796-268-880; 137-925-126-798-541; 142-998-615-947-294; 147-096-933-427-955; 156-459-492-864-792; 159-023-357-357-300; 163-637-734-144-951; 175-245-173-708-675; 182-381-288-788-951; 194-716-598-031-927; 195-334-424-878-792; 198-173-157-713-356,95,false,,
065-029-450-892-462,Social Media Warfare - 11 Child Victims in Social Media Warfare,2017-05-25,2017,book chapter,Social Media Warfare,,CRC Press,,Michael Erbschloe,,,,191,207,Sociology; Social media; Criminology,,,,,http://www.crcnetbase.com/doi/book/10.1201/9781315232072,http://dx.doi.org/10.1201/9781315232072-12,,10.1201/9781315232072-12,2620377542,,0,,0,false,,
065-385-301-273-407,Social media for social change in science,2023-01-30,2023,preprint,,,Ryerson University Library and Archives,,Samantha Z. Yammine; Christine Liu; Paige B Jarreau; Imogen Coe,"<jats:p>&lt;p&gt;Letter to the editor, 13 April 2018.&lt;/p&gt;</jats:p>",,,,,Social media; Social change; Sociology; Political science; Computer science; World Wide Web; Law,,,,,,http://dx.doi.org/10.32920/21979760,,10.32920/21979760,,,0,,0,false,,
065-569-833-753-82X,"Social Media Management, Social Media Marketing",,2014,,,,,,null HermesCreatives,,,,,,Advertising; Business; Social media marketing; Social media; Media management; Media relations; Integrated marketing communications,,,,,https://www.hermescreatives.com/marketing-online-digital/social-media-marketing-smm-redes-sociales/attachment/0023/,https://www.hermescreatives.com/marketing-online-digital/social-media-marketing-smm-redes-sociales/attachment/0023/,,,2356365883,,0,,0,false,,
065-894-605-157-988,Social media,2016-06-25,2016,book chapter,Encyclopedia of Tourism,,Springer International Publishing,,Ana María Munar,,,,869,871,Social media; Sociology; Computer science; World Wide Web,,,,,,http://dx.doi.org/10.1007/978-3-319-01384-8_180,,10.1007/978-3-319-01384-8_180,,,0,012-997-348-851-627; 071-015-905-791-204; 080-856-164-629-762; 088-709-276-429-58X; 182-431-551-778-631,4,false,,
065-963-685-388-730,Social Media Law and Ethics - Social Media Freedom of Expression,2021-06-18,2021,book chapter,Social Media Law and Ethics,,Routledge,,Jeremy Harris Lipschultz,,,,1,40,Sociology; Freedom of expression; Social media; Social psychology,,,,,http://dx.doi.org/10.4324/9781003021018-1,http://dx.doi.org/10.4324/9781003021018-1,,10.4324/9781003021018-1,3176935390,,0,,0,false,,
066-367-835-562-040,Social media and social change. The construction of myths in mainstream Western Media,,2015,,,,,,Bertrand Cabedoche,"From Western countries, contemporary journalism singularly lacks a culture of research. Most of the time when a journalist is doing a self-criticism, he immediately talks about the external factors (pressure of time, straight-minded social actors organizing their own opacity) or about the crisis of its economic model (management control, prevalence of a desk journalism) which are supposed to explain its lacks, instead of debating the archaism of its own concepts and theoretical tools to understand the situation on site! For example, when the changing context in the Arab countries reflects the interposition of Salafists or Jamiat al-Ikhwan al-Muslimun in politics, the heartbreak of a destabilized Western press seems to lead to a social determinism, also radical that the previous technological determinism this same journalism had defended at the time of the 'Arab revolutions'. Unless a few journalists work in a different way, collaborating with serious academic researchers, and agree to break with easy analyzes of pedants 'media philosophers' who are frequently guests on Tv talk shows. But this is not so common. Infortunatly!",,,,,Journalism; Political science; Social change; Mainstream; Context (language use); Media studies; Social media; Technological determinism; Politics; Social determinism,,,,,https://hal.archives-ouvertes.fr/hal-02021651/document https://hal.archives-ouvertes.fr/hal-02021651,https://hal.archives-ouvertes.fr/hal-02021651,,,2948930245,,0,,0,false,,
067-287-964-160-183,Social media? It's serious! Understanding the dark side of social media,,2018,journal article,European Management Journal,02632373,Elsevier BV,United Kingdom,Christian V. Baccarella; Timm F. Wagner; Jan Kietzmann; Ian P. McCarthy,,36,4,431,438,Internet privacy; Sociology; Unintended consequences; Identity (social science); Witch; Fake news; Reputation; Social media; Great Rift,,,,,https://iris.luiss.it/handle/11385/188480 https://www.sciencedirect.com/science/article/pii/S0263237318300781,http://dx.doi.org/10.1016/j.emj.2018.07.002,,10.1016/j.emj.2018.07.002,2883141847,,0,000-156-762-475-258; 004-807-427-708-917; 008-165-805-551-472; 011-854-399-312-637; 012-496-461-621-22X; 014-522-485-155-154; 014-701-446-924-938; 016-078-180-074-42X; 017-674-963-677-996; 018-256-668-925-656; 019-387-803-539-27X; 019-619-140-122-499; 021-507-793-978-003; 025-293-399-226-836; 027-012-919-226-389; 027-937-764-420-56X; 028-822-748-859-94X; 028-992-862-939-515; 030-063-124-249-606; 036-906-440-521-22X; 037-375-019-172-245; 041-581-317-763-782; 043-139-813-958-010; 046-996-107-925-444; 048-772-963-897-415; 049-059-780-760-830; 050-560-514-687-655; 050-971-150-420-672; 051-351-770-439-357; 051-486-641-389-654; 052-507-406-274-407; 053-760-242-491-32X; 055-536-153-167-911; 057-492-760-536-521; 058-924-310-493-15X; 059-247-067-637-555; 060-379-791-083-485; 062-981-343-346-338; 063-253-743-693-25X; 063-922-459-493-862; 067-891-423-271-658; 076-078-172-541-397; 076-961-339-149-155; 080-444-768-596-446; 081-602-815-382-545; 083-925-625-829-149; 090-239-267-963-092; 092-097-798-921-686; 095-103-116-853-856; 104-401-234-970-738; 123-927-281-669-388; 144-769-778-455-28X; 145-305-112-779-975; 149-777-755-730-48X; 151-130-917-796-786; 154-256-286-053-451; 155-047-990-743-021; 173-326-024-908-093; 174-833-845-041-119; 180-533-045-857-868,405,false,,
067-368-315-200-207,Social Media,2019-03-21,2019,book chapter,iPhone App Design for Entrepreneurs,,Apress,,Megan Holstein,"You don't need this book to know you should have social media. Effectively using social media is another obvious step in the path to making your own app. The challenging part of social media is not making the accounts, but actually coming up with good content that gets you more downloads, more press, and more success.",,,161,169,Social media; Path (computing); Computer science; Internet privacy; Sociology; Advertising; Media studies; World Wide Web; Business; Programming language,,,,,,http://dx.doi.org/10.1007/978-1-4842-4285-8_19,,10.1007/978-1-4842-4285-8_19,,,0,,0,false,,
067-735-315-067-110,LibGuides. Spring Symposium on Social Media. Social Media Symposium.,2016-05-10,2016,,,,,,Matthew Regan,This guide provides resources to enhance understanding and encourage use of social media. View the 90-minute panel discussion on social media and view Berkeley College resources.,,,,,Sociology; Library science; Spring (hydrology); Panel discussion; Media studies; Social media,,,,,,,,,2357384616,,0,,0,false,,
067-950-847-437-129,Social Media,2016-08-27,2016,book chapter,Handbuch Medienökonomie,,Springer Fachmedien Wiesbaden,,Castulus Kolo,,,,1,25,Sociology; Psychology,,,,,,http://dx.doi.org/10.1007/978-3-658-09632-8_39-1,,10.1007/978-3-658-09632-8_39-1,,,0,004-489-738-283-425; 009-329-721-118-377; 011-854-399-312-637; 014-087-695-493-174; 018-656-085-850-501; 021-708-534-179-910; 035-290-649-562-226; 037-573-937-777-806; 039-301-515-242-83X; 041-510-178-281-506; 042-353-116-065-680; 043-212-316-018-384; 045-475-384-258-141; 047-432-934-587-71X; 050-373-293-781-82X; 051-202-893-756-708; 052-858-978-036-185; 055-194-573-773-195; 061-974-970-553-086; 063-740-239-871-924; 066-587-665-962-539; 067-863-568-988-598; 069-016-687-885-562; 070-678-894-486-036; 076-392-369-238-928; 082-076-168-402-843; 083-925-625-829-149; 086-394-539-147-853; 087-231-665-868-352; 091-097-722-680-103; 093-200-687-277-946; 097-920-501-219-344; 098-782-453-541-163; 099-349-231-635-454; 100-370-915-299-754; 101-858-508-751-657; 105-271-842-860-042; 106-679-182-105-513; 106-921-797-339-925; 109-756-292-089-409; 113-737-503-228-263; 116-825-163-880-907; 119-143-110-036-156; 119-664-156-603-48X; 119-770-359-884-276; 121-324-342-703-055; 127-865-804-777-850; 129-457-399-994-762; 133-344-438-348-469; 149-926-896-253-636; 156-288-278-708-891; 159-288-012-300-169; 164-233-751-793-174,2,false,,
068-724-339-869-831,Social media.,2010-10-01,2010,journal article,AAOHN journal : official journal of the American Association of Occupational Health Nurses,08910162,SAGE Publications,United States,Christine A Lukes,"Various social media sites, including Facebook, have become part of everyday life. They are used by individuals of all ages and are even favored by companies and organizations as a promotional mechanism. Professional organizations, including the American Association of Occupational Health Nurses, Inc., would be remiss to overlook the potential of social media.",58,10,415,417,Social media; Public relations; Everyday life; Mechanism (biology); Sociology; Political science; Psychology; Business; Epistemology; Law; Philosophy,,Communications Media; Humans; Internet; Occupational Health Nursing,,,https://journals.sagepub.com/doi/pdf/10.1177/216507991005801002 https://doi.org/10.1177/216507991005801002,http://dx.doi.org/10.1177/216507991005801002,20954576,10.1177/216507991005801002; 10.3928/08910162-20100928-02,,,0,,4,true,,bronze
069-336-395-918-556,Social Media,2025-06-23,2025,book chapter,The Craft of Criticism,,Routledge,,Alexander Cho,"This chapter begins with a brief overview of the history of social media as well as definitions of that term. It then introduces readers to key themes and debates in critical social media scholarship. It offers guidance for framing qualitative studies of social media and closes with a case study from the author’s own early research on a social media platform. It introduces readers to concepts such as social networking sites, participatory cultures, networked publics, civic engagement, platforms, and platform capitalism. It offers examples of qualitative research of social media from emerging and established scholars spanning methods such as ethnography, visual and ideological analysis, and discourse analysis.",,,345,356,Social media; Sociology; Computer science; World Wide Web,,,,,,http://dx.doi.org/10.4324/9781003286622-28,,10.4324/9781003286622-28,,,0,,0,false,,
069-385-822-552-474,Social innovation through social media,2014-10-01,2014,book chapter,,,,,Shamshul Bahri Bin Zakaria,,,,,,Sociology; Social change; Social innovation; Public relations; Social media; Social philosophy; Social economy; Social engagement,,,,,,,,,2599799150,,0,,0,false,,
069-536-763-789-206,Social Media,2019-03-30,2019,book chapter,Oracle DBA Mentor,,Apress,,Brian Peasland,"If you are not able to obtain the answers you seek from the Oracle documentation, the data dictionary, or My Oracle Support, where do you go? The answer is usually social media outlets, the subject of this chapter.",,,285,301,Documentation; Oracle; Subject (documents); Social media; Computer science; World Wide Web; Internet privacy; Sociology; Programming language,,,,,,http://dx.doi.org/10.1007/978-1-4842-4321-3_16,,10.1007/978-1-4842-4321-3_16,,,0,,0,false,,
069-699-626-246-818,Social Media and Social Movements,,2015,book,,,Lexington Books,,,"<JATS1:p>This book examines the increased utilization of social media in daily life and its impact on social movements. The contributors analyze “social media revolutions” such as the Arab Spring, the 15-M movement in Spain, the Occupy Nigeria movement, and the Occupy Gezi movement in Turkey. The contributors to this collection—academics, researchers, and activists—implement diverse methodological approaches, both descriptive and quantitative, to cut across various disciplines, including communication and media studies, cultural studies, politics, sociology, and education.</JATS1:p>",,,,,,,,,,,http://dx.doi.org/10.5040/9781978731523,,10.5040/9781978731523,,,0,,1,false,,
069-995-320-822-647,Social Media,2015-02-11,2015,other,The International Encyclopedia of Digital Communication and Society,,Wiley,,Shenja van der Graaf,"<jats:title>Abstract</jats:title><jats:p>Over the past decade, social media has become a widely used umbrella term that refers to the set of tools, applications, and services that enable people to interact with others using network technologies such as personal computers and smartphones. Social media tends to be associated with a convergence of production, distribution, and consumption practices and a blending of user creativity, collaboration, and sharing enabled and sharing assisted network technologies. In this way, social media is said to have deeply penetrated into the mechanics of everyday life, affecting people's interactions, institutional structures and professional routines. This entry offers an inclusive perspective of the “fabric of social media,” which underpins understandings of both social and media. In particular, it highlights the dynamics of empowerment, always‐on lifestyle, and professionalization.</jats:p>",,,1,14,Social media; Creativity; Everyday life; Sociology; Empowerment; Professionalization; Set (abstract data type); Computer science; Public relations; World Wide Web; Psychology; Political science; Social science; Social psychology; Programming language; Law,,,,,,http://dx.doi.org/10.1002/9781118767771.wbiedcs087,,10.1002/9781118767771.wbiedcs087,,,0,001-906-919-284-086; 003-171-920-064-855; 005-534-080-715-32X; 018-806-656-999-563; 023-625-243-706-070; 030-336-959-693-984; 032-211-516-787-141; 039-215-524-794-379; 059-863-242-698-056; 062-749-630-419-214; 098-355-639-916-879; 107-595-436-903-100; 119-770-359-884-276; 125-343-554-060-476; 137-173-832-790-599; 182-585-752-811-014,3,false,,
070-393-716-671-723,Leveraging Employees as Social Media Advocates: The Impacts of Social Media Communication Strategies on Employees' Social Media Engagement,2026-01-15,2026,journal article,International Journal of Business Communication,23294884; 23294892,SAGE Publications,,Yeunjae Lee; Xiao Ma; Tanzid Basunia; Ruining Hu,"<jats:p>This study examines how internal social media communication strategies influence employees’ in-role and extra-role social media engagement. Based on social identity theory and conservation of resources theory, we investigated the effects of two types of internal social media communication strategies—organization-oriented and employee-oriented—on employees’ social media engagement. A survey of 429 U.S. employees showed that organization-oriented strategies enhanced employees’ organizational identification, which further motivates employees’ in-role and extra-role social media behaviors. Employee-oriented strategies also fostered employees’ social media engagement by strengthening their organizational identification and evoking positive emotions when using social media. These findings provide significant theoretical and practical implications for strategic internal communication and social media strategies.</jats:p>",,,,,Social media; Internal communications; Public relations; Social identity theory; Social engagement; Mass communication; Media relations; Sociology; Media management; Identification (biology); Organizational communication; Identity (music); Social psychology; Media system dependency theory; Communication studies; Social communication; Psychology; Organizational identification; Business; Social computing; Social identity approach; Organizational identity; Web 2.0; Employee engagement,,,,,,http://dx.doi.org/10.1177/23294884251409667,,10.1177/23294884251409667,,,0,000-129-258-367-801; 005-850-554-338-568; 010-063-337-301-644; 012-508-244-763-278; 019-579-800-773-403; 023-946-742-251-207; 025-281-436-370-071; 025-324-739-012-084; 025-424-251-434-900; 025-690-046-870-377; 027-205-451-184-320; 028-637-333-323-786; 030-774-295-390-162; 033-541-270-731-233; 035-588-731-524-01X; 046-899-810-868-82X; 052-380-920-730-908; 054-048-516-685-429; 056-524-811-538-322; 059-409-805-548-327; 059-787-347-493-100; 069-177-998-461-625; 072-187-378-501-945; 075-169-101-359-165; 077-418-688-723-591; 081-146-996-515-733; 082-804-205-346-733; 089-756-908-347-602; 089-764-817-325-328; 090-750-247-711-718; 093-709-356-906-578; 095-145-361-893-400; 096-194-719-569-849; 101-728-239-450-171; 102-088-040-555-56X; 104-066-043-973-455; 107-202-699-614-220; 112-864-139-584-725; 114-415-650-878-80X; 115-007-009-976-061; 115-323-676-517-381; 116-953-447-460-185; 118-298-932-431-69X; 120-884-514-023-996; 121-258-234-345-761; 121-591-357-082-008; 122-557-043-912-651; 132-792-750-057-650; 134-079-404-761-433; 135-825-326-824-969; 149-199-803-885-979; 151-023-474-834-195; 167-696-044-028-908; 173-975-023-562-887; 179-452-008-782-588; 193-718-503-997-511; 197-416-589-911-96X,0,false,,
070-720-513-196-34X,Social Media Freaks - The Social Structure of Social Media,2018-05-15,2018,book chapter,Social Media Freaks,,Routledge,,Dustin Kidd,,,,31,68,Sociology; Structure (mathematical logic); Media studies; Social media,,,,,http://dx.doi.org/10.4324/9780429497285-2,http://dx.doi.org/10.4324/9780429497285-2,,10.4324/9780429497285-2,2903593386,,0,,0,false,,
070-995-834-271-593,Social Media,2020-06-04,2020,book chapter,Communication Technology Update and Fundamentals,,Routledge,,Rachel Stuart,"Social media has come to permeate almost every aspect of both our online and real-world experiences. The first listservs like CompuServe enabled the evolution of social media to multi-modal platforms such as Facebook, Instagram, and Snapchat. Video has fast become the post of choice on social media, and augmented reality features have become commonplace. How we interact with one another, celebrities, and brands has been indelibly changed by the complete integration of social media into our lives.",,,291,303,Social media; Sociology; Computer science; World Wide Web,,,,,,http://dx.doi.org/10.4324/9780367817398-27,,10.4324/9780367817398-27,,,0,,2,false,,
071-065-208-513-271,Social media,,2023,book chapter,Effective Use of Social Media in Public Health,,Elsevier,,Ram Lakhan; Bidhu Sharma; Manoj Sharma,,,,65,97,Popularity; Social media; Population; Blessing; Public relations; Psychology; Sociology; Internet privacy; Political science; Social psychology; Computer science; Geography; Demography; Archaeology; Law,,,,,,http://dx.doi.org/10.1016/b978-0-323-95630-7.00002-0,,10.1016/b978-0-323-95630-7.00002-0,,,0,003-794-749-148-40X; 005-577-201-077-572; 007-340-355-790-597; 008-216-007-302-399; 011-784-746-714-569; 012-468-338-014-151; 013-115-601-095-079; 019-488-965-296-867; 029-374-180-279-343; 039-486-174-258-422; 044-627-838-749-054; 050-506-449-552-22X; 050-506-569-813-391; 056-747-057-356-284; 063-488-499-669-077; 063-628-742-804-702; 072-021-191-518-018; 082-793-239-324-590; 084-751-055-826-921; 090-450-368-183-435; 099-238-157-484-034; 103-912-415-503-125; 103-948-810-127-953; 108-281-324-818-758; 110-578-450-998-875; 113-185-716-520-898; 130-871-928-869-262; 148-267-195-335-599; 184-677-373-729-118; 190-390-882-077-479,3,false,,
071-283-687-212-446,"Social networks, social media, and social diseases",2013-05-22,2013,journal article,BMJ (Clinical research ed.),17561833; 09598138; 14685833,BMJ,United Kingdom,Enrico Coiera,Use of social media in healthcare is increasing. Enrico Coiera argues that it has the potential to change not only the way we deliver care but also the way we treat some diseases,346,may22 16,1,4,Internet privacy; The Internet; Sociology; Health care; MEDLINE; Social media; Social issues,,Delivery of Health Care/methods; Humans; Internet; Social Media/statistics & numerical data; Social Networking; Social Problems,,,https://www.bmj.com/content/346/bmj.f3007.pdf+html https://researchers.mq.edu.au/en/publications/social-networks-social-media-and-social-diseases https://europepmc.org/abstract/MED/23697672 https://pubmed.ncbi.nlm.nih.gov/23697672/ https://www.bmj.com/content/346/bmj.f3007.full.pdf https://cpnp.org/resource/reference/154067 https://www.ncbi.nlm.nih.gov/pubmed/23697672 https://core.ac.uk/display/45559584 https://www.bmj.com/content/346/bmj.f3007,http://dx.doi.org/10.1136/bmj.f3007,23697672,10.1136/bmj.f3007,2154547297,,0,000-208-856-972-126; 001-552-627-910-158; 007-644-825-878-140; 010-126-249-858-544; 010-170-687-982-164; 011-654-985-336-66X; 011-854-399-312-637; 012-493-759-282-298; 014-439-944-754-002; 015-150-379-939-328; 015-171-264-949-852; 015-826-745-723-509; 015-987-154-174-779; 016-234-303-814-494; 016-397-930-452-695; 017-660-000-811-008; 020-402-347-379-847; 020-954-690-005-08X; 022-766-491-588-90X; 024-410-972-405-612; 025-040-353-212-003; 025-117-954-546-87X; 029-002-151-135-407; 029-622-989-389-256; 034-986-888-876-635; 036-544-778-173-909; 039-993-584-085-348; 040-542-284-079-184; 041-439-873-521-090; 042-268-772-333-894; 044-335-428-687-802; 045-803-651-509-348; 046-841-674-135-16X; 048-596-358-205-61X; 049-165-020-087-240; 054-917-095-351-480; 058-582-638-269-728; 060-341-531-374-258; 066-991-511-178-092; 067-385-005-308-022; 068-807-355-353-898; 069-405-622-489-787; 077-948-815-129-287; 081-279-772-432-364; 081-389-384-400-085; 083-441-973-931-747; 090-994-824-033-330; 091-129-566-033-628; 101-996-182-153-862; 104-018-541-892-379; 104-224-463-717-803; 108-536-387-770-271; 109-951-973-523-534; 122-937-002-011-253; 126-573-653-267-94X; 132-529-157-335-674; 136-838-685-736-628; 143-132-028-050-895; 163-637-734-144-951; 166-616-966-551-19X,112,false,,
071-410-562-675-745,The social media image: Modes of visual ordering on social media,2015-09-24,2015,,,,,,Nadav Hochman,"My dissertation considers the organization of large sets of user-generated photographs across social media platforms, and delineates the ways in which time and place are mediated through their presentation and analyses. Addressing the unprecedented scale of social media visual expressions, together with their implementation, structure and presentation within specific media platforms, I examine how visual social media data is processed, structured, and presented, and theorize the consequences of these forms for the ways we culturally understand and experience contemporary visual information. ; Taking an integrated approach, this work offers a qualitative and quantitative analysis, and draws on methodologies from media theory, information science, software studies, art history, cultural studies, and computer science. I combine distant critical reading of larger organizational patterns and their cultural meanings (studying visual arrangement in exiting platforms, experimental computational research, and artistic works) with a close analytical reading of groups of photos, using computational and visualization tools. This twin process allows me to develop my theoretical understanding based on particular results, but also illustrates the problem that is the focus of this dissertation: how to understand new visual production scales, their organizations, and their interpretation.",,,,,Information technology; Data science; Presentation; Critical reading; Organizational patterns; Visualization; Computer science; Multimedia; Social media; Reading (process); Information science,,,,,http://d-scholarship.pitt.edu/25448/,http://d-scholarship.pitt.edu/25448/,,,2213632524,,0,,0,false,,
071-504-530-721-724,Social media for social movement: A social media training for Turun Tangan Organization,2022-08-31,2022,journal article,Community Empowerment,26214024; 26144964,Universitas Muhammadiyah Magelang,,Dwi Susanti; Prihatin Dwihantoro; Fadillah Sandy; Lintang Muliawanti,"<jats:p>Social media grow rapidly and encourage people to access the information in a quick way. Turun Tangan is a non-profit organization and used social media as tools to share information and expand its network. As such, a social media training is very needed. The training was conducted in three sections, Digital Literacy Skills seminar, Digital Content Creation training, and Copywriting training. The training was held online and there were 100 Turun Tangan volunteers participated in the program. From the training, they get information about basic digital literacy skills and upgrade their digital skills in creating creative digital content and copywriting.</jats:p>",7,8,1429,1436,Social media; Digital media; Training (meteorology); Digital literacy; Multimedia; Medical education; Psychology; Computer science; Pedagogy; World Wide Web; Physics; Medicine; Meteorology,,,,,https://journal.unimma.ac.id/index.php/ce/article/download/7673/3711 https://doi.org/10.31603/ce.7673,http://dx.doi.org/10.31603/ce.7673,,10.31603/ce.7673,,,0,,2,true,cc-by-nc,gold
071-598-574-972-656,Social Media,2018-02-22,2018,book chapter,Applied Mathematics: A Very Short Introduction,,Oxford University Press,,Alain Goriely,,,,142,142,Social media; Sociology; Computer science; World Wide Web,,,,,,http://dx.doi.org/10.1093/actrade/9780198754046.002.0011,,10.1093/actrade/9780198754046.002.0011,,,0,,0,false,,
071-664-011-662-18X,The SAGE Handbook of Social Media Research Methods - Social Media Users’ Views on the Ethics of Social Media Research,,2016,book chapter,The SAGE Handbook of Social Media Research Methods,,SAGE Publications Ltd,,Kelsey Beninger,,,,57,73,Sociology; Media studies; Social media,,,,,,http://dx.doi.org/10.4135/9781473983847.n5,,10.4135/9781473983847.n5,2771800065,,0,,23,false,,
071-701-207-716-653,Guides: Social Media for Researchers: Tips for Social Media,2019-05-25,2019,libguide,,,,,James Wilson,,,,,,Sociology; Media studies; Social media,,,,,https://guides.library.unisa.edu.au/Social-Media/Tips,https://guides.library.unisa.edu.au/Social-Media/Tips,,,3130990166,,0,,0,false,,
071-949-659-921-761,Social Media im Versicherungswesen - Social-Media-Monitoring,,2017,book chapter,Social Media im Versicherungswesen,,VVW,,Stefan Jauernig; Germot Heisenberg; Maren Selbst; Silke Wiegand,,,,71,93,Sociology; Media studies; Social media,,,,,http://link.springer.com/content/pdf/10.33283/978-3-86298-459-6_5,http://dx.doi.org/10.33283/978-3-86298-459-6_5,,10.33283/978-3-86298-459-6_5,2954917330,,0,,0,false,,
072-126-301-313-648,Social Media: Social Identity,2022-09-29,2022,other,The International Encyclopedia of Health Communication,,Wiley,,Caitlyn M. Jarvis,"<jats:p>This entry provides an overview of Henri Tajfel's social identity theory (SIT) and explores how it has been applied, critiqued, and further developed within health communication research. Through the process of identification, SIT posts that individuals derive part of their identity from group membership. Social identity influences emotions, behaviors, and attitudes, and thus has a significant impact on a range of health‐related outcomes, including health literacy, health behaviors, and social support. Social identities can also serve as a protective factor against stigma by enriching self‐esteem through group‐related pride and satisfaction. This entry summarizes the theoretical basis of social identity theory, before outlining how social identity theory has been utilized by communication researchers and applied to the context of health and social media.</jats:p>",,,1,6,Social identity theory; Pride; Social identity approach; Social psychology; Identity (music); Psychology; Social group; Identity formation; Sociology; Self-concept; Political science; Law; Acoustics; Physics,,,,,,http://dx.doi.org/10.1002/9781119678816.iehc0634,,10.1002/9781119678816.iehc0634,,,0,027-357-930-075-159; 052-042-505-597-896; 055-604-951-644-972; 084-484-063-441-024; 096-961-313-075-253,0,false,,
072-138-514-638-380,The Social Media President - Social Media Modalities,,,book chapter,The Social Media President,,Palgrave Macmillan,,James E. Katz; Michael Barris; Anshul Jain,,,,,,Internet privacy; Psychology; Modalities; Social media,,,,,,http://dx.doi.org/10.1057/9781137378354.0012,,10.1057/9781137378354.0012,2477050040,,0,,0,false,,
072-496-445-946-573,CONFENIS - Social Media and Social CRM,2016-11-18,2016,book,Lecture Notes in Business Information Processing,18651348; 18651356,Springer International Publishing,Germany,Antonin Pavlicek; Petr Doucek,"The main aim of the paper is to analyse social CRM, specifically Facebook communication of mobile operators in the United States, the Czech Republic, and France to examine the state of social customer care on social networking sites and consider possibilities, need for automatization and improvement of EIS. The analysis is based on messages and answers posted on Facebook pages and measuring the response time on over 1.3 million unique questions. It identifies trends, looks for certain repeating patterns or correlations and as a result offers a comprehensive report on the current use of social media as a channel for customer care amongst mobile operators. The theoretical background will also propose an advice on how to maintain a healthy relationship with customers on social networks and add a real value both for customers and company.",,,77,87,Advertising; Business; Communication channel; Enterprise information system; State (polity); Value (ethics); Czech; Social CRM; Social media; Customer relationship management,,,,,https://hal.inria.fr/IFIP-LNBIP-268/hal-01630534 https://link.springer.com/chapter/10.1007/978-3-319-49944-4_6 https://dblp.uni-trier.de/db/conf/ifip8/confenis2016.html#PavlicekD16 https://hal.inria.fr/hal-01630534/document https://rd.springer.com/chapter/10.1007/978-3-319-49944-4_6,http://dx.doi.org/10.1007/978-3-319-49944-4_6,,10.1007/978-3-319-49944-4_6,2549640417,,0,015-527-497-956-580; 019-065-374-317-131; 019-363-859-170-946; 079-638-207-662-642,2,true,cc-by,green
072-671-996-045-793,LibGuides: Jackson/Social Media/Social Media History: Citations,2018-10-30,2018,libguide,,,,,Jill Hanson,,,,,,Sociology; Media studies; Social media,,,,,https://woodward.libguides.com/socialmedia/citations,https://woodward.libguides.com/socialmedia/citations,,,3000270383,,0,,0,false,,
072-822-892-048-354,Social Media Retrieval and Mining - Social Media Retrieval and Mining,,2013,book,Communications in Computer and Information Science,18650929; 18650937,Springer Berlin Heidelberg,Germany,Shuigeng Zhou; Zhiang Wu,,,,,,World Wide Web; Web mining; Computer science; Social media; Human–computer information retrieval,,,,,https://link.springer.com/10.1007/978-3-642-41629-3,http://dx.doi.org/10.1007/978-3-642-41629-3,,10.1007/978-3-642-41629-3,2492442265,,0,,4,false,,
073-213-731-474-208,Social media? Social business !,,2015,,,,,,A. Delfgaauw; Gerrita van der Veen; Arne Maas; H. Gerrits,"Dit boek beschrijft de groei van bedrijven naar sociale volwassenheid en dat betekent per definitie organisatieverandering. We zien de inzet van social media daarom ook als een innovatieproces en beschrijven dit proces aan de hand van drie fasen: pionieren, getting serious en succes met sociale media. Het biedt vele inzichten om de eigen leercurve te versnellen en risico's te minimaliseren.",,,,,Humanities; Psychology; Social business; Social media; Telecommunications,,,,,https://hbo-kennisbank.nl/details/sharekit_hu:oai:surfsharekit.nl:d7bcb05e-315d-4e54-850b-ef96f61eabdb https://www.narcis.nl/publication/RecordID/oai%3Ahbokennisbank.nl%3Asharekit_hu%3Aoai%3Asurfsharekit.nl%3Ad7bcb05e-315d-4e54-850b-ef96f61eabdb,https://hbo-kennisbank.nl/details/sharekit_hu:oai:surfsharekit.nl:d7bcb05e-315d-4e54-850b-ef96f61eabdb,,,2596232565,,0,,0,false,,
073-235-144-715-676,Social media and national security in Zimbabwe: Embracing social media for national security and addressing social media threats,2021-01-02,2021,journal article,African Security Review,10246029; 21540128,Informa UK Limited,United Kingdom,Ishmael Mugari; Rudo Chisuvi,"The advent of the social media in the past decade has revolutionised communication, overshadowing the traditional ways of communication. Despite its convenience, social media is being used as a con...",30,1,86,101,Political science; Public relations; Social media; National security,,,,,https://www.tandfonline.com/doi/full/10.1080/10246029.2020.1857806,http://dx.doi.org/10.1080/10246029.2020.1857806,,10.1080/10246029.2020.1857806,3120127606,,0,001-908-525-420-080; 006-577-738-876-506; 008-940-465-551-699; 018-932-372-556-637; 027-649-729-139-151; 035-016-107-942-089; 039-735-822-024-910; 059-551-897-741-630; 060-036-359-056-440; 062-209-922-398-411; 074-687-200-309-597; 077-973-520-463-821; 078-993-167-410-415; 080-604-353-600-036; 088-696-764-571-454; 101-276-089-352-001; 107-724-847-227-803; 113-420-668-223-748; 118-130-387-195-687; 123-112-455-902-972; 127-556-493-044-705; 134-745-439-321-624; 150-451-934-318-808; 166-641-752-166-792; 182-585-752-811-014,7,false,,
073-236-879-504-954,Social Media and Adult Social Work,2020-07-15,2020,other,Social Media and Social Work,,Bristol University Press,,Peter Buzzi; Sharon Allen,,,,93,112,Sociology; Social work; Media studies; Social media,,,,,https://www.cambridge.org/core/books/social-media-and-social-work/social-media-and-adult-social-work/FD82D1D2DA55F0BF7C666C0D00D2EBCD,http://dx.doi.org/10.46692/9781447327400.004,,10.46692/9781447327400.004,3042960577,,0,,0,false,,
073-591-870-436-189,Grassroots media and social media adaptation,2018-10-03,2018,book chapter,African Language Digital Media and Communication,,Routledge,,Ufuoma Akpojivi,"The emergence of information communication technologies (ICTs) in the twentieth century has revolutionised the media sphere from multiple perspectives. It has changed the dynamics of journalism practice (Pavlik 2001) as anyone could be involved in media production. It has also increased opportunities for the public to access news and engage with news content anywhere in the world, thus making ICT a valuable tool in the spread of media content to people, especially those in rural areas, that were once neglected in relation to information accessibility. Access to media content through the various platforms of ICTs, such as social media, blogs and online news content, encourages public participation due to the inherent features of ICTs, which include interactivity, digitalisation, globalisation and personalisation (Livingstone 1999). Moreover, this participation is more effective if done in the native language of the public, as it will facilitate wholesome interaction between the audience and media channels (Salawu 2013). This is central to both individual and national development, especially in a developing nation like Nigeria, where the majority of the populace reside in rural areas and interact in native languages other than English. Very few studies have examined the adaptation of social media and ICTs by indigenous and grassroots media from the Nigerian perspective. Therefore, this study seeks to examine the adaptation of new media platforms that serve a marginalised ethnic minority group in Nigeria, the Urhobo ethnic group, who are widely considered the fourth largest ethnic group in Nigeria. Despite, their rich heritage (a large population and vast mineral resources), the Urhobo people lack a suitable local or indigenous media platform to express themselves, with the only online newspaper being Urhobo Today. Urhobo Today has a social media presence (Facebook and Twitter) and aims to disseminate balanced news gathering about the community. Using online ethnography of the Facebook page, online news content and interviews with the management of Urhobo Today, this paper examines the extent to which this adaptation of social media and online presence by the newspaper has helped to reach out to the public and encouraged participation with media content. The paper argues that the adaptation of online presence and social media by indigenous newspapers such as Urhobo Today is a novel phenomenon which can guarantee its sustainability in this era of economic challenges in the media sphere. It also argues that adaptation of social media will enhance accessibility of media content and facilitate public participation. However, despite the potential of social media and new media in revolutionising indigenous media, public participation is skewed and limited because the public are accustomed to the use of traditional media.",,,79,100,Grassroots; Social media; Adaptation (eye); Sociology; Political science; Media studies; Psychology; Law; Neuroscience; Politics,,,,,,http://dx.doi.org/10.4324/9781351120425-5,,10.4324/9781351120425-5,,,0,,0,false,,
073-634-283-085-836,"Social Media, Social Factory",,2011,journal article,The New Inquiry,,,,Rob Horning,,,,,,Political science; Media studies; Factory (object-oriented programming); Social media,,,,,https://thenewinquiry.com/essays/social-media-social-factory/,https://thenewinquiry.com/essays/social-media-social-factory/,,,18342505,,0,,1,false,,
074-012-497-058-93X,Social Media,,2023,other,A User's Guide to Data Protection,,Bloomsbury Publishing plc,,,,,,371,396,Social media; Computer science; World Wide Web,,,,,,http://dx.doi.org/10.5040/9781526527318.ch-029,,10.5040/9781526527318.ch-029,,,0,,0,false,,
074-063-488-923-450,Social media and social relationships:,2016-10-07,2016,book chapter,Social Media in Southeast Italy,,UCL Press,,,,,,97,120,Social media; Sociology; World Wide Web; Computer science,,,,,,http://dx.doi.org/10.2307/j.ctt1gxxpdq.8,,10.2307/j.ctt1gxxpdq.8,,,0,,0,true,cc-by-nc-nd,hybrid
074-182-791-494-283,Social media,2020-10-21,2020,book chapter,The Routledge Encyclopedia of Citizen Media,,Routledge,,Neil Sadler,"The referent of the label ‘social media’ is as vast as it is difficult to define. With this in mind, the entry will begin with an attempt to specify what constitutes social media and their relationship to social networking sites. While accepting that contemporary social media are by no means the first media forms to be social, it will examine the ways in which they differ from earlier forms, particularly with regard to shifting social and communicative hierarchies and increasing possibilities for user participation. This will include an exploration of the emergence of social media along with the development of “web 2.0” during the early 2000s, paired with a review of the evolution of scholarship on the topic, including discussions on techno-optimism and pessimism, the notion of the echo chamber, and the increased visibility and importance of ‘empty signifiers’ and highly affective approaches to communication. The latter part of the entry will examine the uses of social media as they pertain to citizen media, focusing on three key issues: the performance of collective identities and the rise of “citizenism” (Gerbaudo 2017); the transmission of news and information; and, more controversially, the organisation and coordination of protest.",,,374,378,Social media; Sociology; Psychology; Computer science; World Wide Web,,,,,,http://dx.doi.org/10.4324/9781315619811-62,,10.4324/9781315619811-62,,,0,,0,false,,
074-312-422-348-320,Social Media,2022-05-30,2022,book chapter,"Media Literacy, Equity, and Justice",,Routledge,,Taci D'Angelo Batista,"Freedom of speech, social media, cancel culture have become under fire in our new form of ethical judgment. Celebrating everyone's differences is something that our country was built upon. The intolerance created by the cancel culture movement is threatening our diversity of speech and dividing our country. It's violating our most powerful right and most importantly is putting our democracy at risk. This chapter will consider all of the factors while trying to decipher the power or lack of voice.",,,220,226,DECIPHER; Diversity (politics); Democracy; Power (physics); Political science; Sociology; Law; Politics; Genetics; Biology; Quantum mechanics; Physics,,,,,,http://dx.doi.org/10.4324/9781003175599-32,,10.4324/9781003175599-32,,,0,,0,false,,
074-412-875-886-541,Social Media,,2015,other,Social Media and Social Movements,,Lexington Books,,Carolina Duek; Gastón Tourn,,,,229,246,Social media; Computer science; World Wide Web,,,,,,http://dx.doi.org/10.5040/9781978731523.ch-014,,10.5040/9781978731523.ch-014,,,0,,1,false,,
074-750-027-979-94X,"Social Media, Social Design",2010-03-26,2010,journal article,Design Management Review,15570614; 19487169,Wiley,,Thomas Lockwood,,21,1,5,5,Sociology; Social design; Media studies; Social media; Media relations; Social engagement,,,,,http://doi.wiley.com/10.1111/j.1948-7169.2010.00044.x http://onlinelibrary.wiley.com/resolve/doi?DOI=10.1111/j.1948-7169.2010.00044.x,http://dx.doi.org/10.1111/j.1948-7169.2010.00044.x,,10.1111/j.1948-7169.2010.00044.x,2020593356,,0,,0,false,,
075-138-158-058-193,Social Media,,2023,other,The Why of the Buy,,Bloomsbury Publishing Inc,,,"LEARNING OBJECTIVES Upon completion of this chapter, you will be able to Classify the origin and different types of social media Interpret how the use of social media influences consumers’ buying behavior Connect how marketers use social media to learn about and communicate with their customers Exp",,,178,193,Social media; Sociology; Computer science; World Wide Web,,,,,,http://dx.doi.org/10.5040/9781501382222.ch-11,,10.5040/9781501382222.ch-11,,,0,,0,false,,
075-335-018-534-912,Social Identification and Social Media in Sports,,,book chapter,Routledge Handbook of Sport and New Media,,Routledge,,Brandi A. Watkins,,,,,,Sociology; Public relations; Social media; Identification (information); Social engagement,,,,,https://www.routledgehandbooks.com/doi/10.4324/9780203114711.ch18,http://dx.doi.org/10.4324/9780203114711.ch18,,10.4324/9780203114711.ch18,2341259570,,0,,1,false,,
075-880-612-447-153,Social Media on the Road - Social Media on the Road,,2010,book,Computer Supported Cooperative Work,14311496,Springer London,,Oskar Juhlin,,,,,,Sociology; Media studies; Social media,,,,,https://link.springer.com/10.1007/978-1-84996-332-9,http://dx.doi.org/10.1007/978-1-84996-332-9,,10.1007/978-1-84996-332-9,2498263534,,0,000-189-494-585-266; 000-693-290-985-498; 001-202-256-413-258; 002-114-841-595-511; 003-063-467-470-071; 004-835-402-564-96X; 004-999-689-342-109; 006-659-874-824-945; 007-282-084-672-931; 008-184-623-495-637; 008-700-125-766-172; 009-082-361-969-888; 010-673-576-453-66X; 012-679-212-029-243; 013-152-326-415-893; 013-595-597-583-744; 014-500-793-676-19X; 014-633-216-876-561; 014-808-996-933-847; 015-037-002-171-748; 015-283-801-108-140; 017-274-125-923-69X; 018-795-846-042-77X; 019-948-696-940-013; 020-111-424-184-737; 020-267-573-710-658; 021-342-349-115-129; 022-523-693-895-565; 022-998-000-066-895; 023-057-042-667-914; 023-865-908-502-949; 025-035-891-764-001; 025-894-293-161-732; 026-127-745-499-339; 026-762-020-384-828; 028-548-817-975-858; 028-744-305-562-265; 029-416-755-039-715; 030-491-596-378-589; 033-867-085-009-046; 034-220-378-878-519; 034-882-652-482-553; 036-539-462-006-358; 036-579-557-487-234; 036-582-657-713-646; 037-400-179-600-634; 037-630-818-837-106; 038-528-136-225-546; 040-105-517-199-318; 041-254-513-725-048; 046-009-105-906-678; 046-841-674-135-16X; 049-323-697-895-822; 049-946-412-125-746; 050-468-086-246-981; 051-681-576-413-542; 052-599-317-504-654; 053-809-013-374-765; 054-571-042-797-483; 055-917-648-227-751; 058-578-742-199-887; 059-247-276-470-958; 059-273-743-575-505; 059-621-001-912-427; 059-632-691-082-531; 060-609-337-542-080; 060-725-034-508-190; 061-704-551-018-089; 062-937-244-678-208; 063-440-513-297-490; 064-034-771-341-602; 065-209-705-758-15X; 065-361-750-195-639; 065-389-151-699-266; 066-235-924-922-648; 067-357-306-291-529; 067-650-433-494-110; 068-574-982-064-011; 069-426-765-750-340; 071-079-687-886-119; 072-050-889-156-71X; 072-123-751-004-216; 073-560-828-976-964; 074-844-804-799-140; 075-771-748-791-647; 076-152-909-097-159; 076-968-509-738-959; 077-156-147-857-717; 077-463-629-691-377; 077-616-603-690-178; 078-395-501-932-682; 080-129-924-062-623; 080-792-099-551-750; 081-990-831-154-486; 082-243-528-295-339; 083-088-962-806-84X; 084-244-913-114-60X; 084-571-577-030-578; 085-235-513-046-291; 088-290-015-576-602; 088-601-272-185-819; 088-753-067-949-747; 089-211-483-982-095; 089-865-567-576-118; 090-366-360-483-028; 092-043-873-528-291; 092-247-213-128-836; 092-752-939-086-230; 093-419-302-068-569; 093-755-611-408-670; 097-695-893-580-295; 098-206-411-757-139; 100-190-665-334-175; 102-010-949-434-305; 102-629-179-762-837; 102-930-880-772-518; 108-421-464-789-575; 109-113-967-386-024; 111-055-032-084-097; 112-367-665-333-996; 114-047-543-265-374; 115-177-107-789-659; 117-125-910-733-353; 117-572-412-974-407; 117-808-368-998-230; 119-410-442-005-667; 120-304-894-138-731; 121-111-278-172-157; 121-681-994-600-655; 122-952-784-253-710; 124-440-274-080-315; 127-447-629-372-298; 132-458-682-013-088; 133-189-095-611-108; 135-771-008-135-745; 136-504-490-252-105; 138-439-396-414-440; 138-742-609-225-152; 139-174-548-145-282; 144-599-047-120-217; 147-502-161-847-298; 148-463-052-942-453; 148-559-160-422-355; 150-569-847-431-654; 150-636-666-500-988; 153-576-993-786-888; 155-682-649-030-784; 156-789-653-946-601; 158-963-295-537-739; 160-057-419-837-15X; 168-868-024-692-769; 169-792-793-873-992; 170-894-815-901-986; 170-998-436-592-833; 171-102-736-574-145; 174-377-201-926-134; 178-790-784-423-356; 182-742-077-835-00X; 184-890-326-055-395; 194-837-881-039-140; 199-358-343-389-569,37,false,,
076-028-289-981-93X,Social Media and Social Evaluations,2019-08-01,2019,journal article,Academy of Management Proceedings,00650668; 21516561,Academy of Management,,Michael Pfarrer; Michael L. Barnett; Michael Etter; Timothy R. Hannigan; Rhonda K. Reger; Anastasiya Zavyalova,"Over the last decade, social media have empowered various stakeholders to voice their opinions online, connect with each other, and organize within loosely connected networks. While disciplines, su...",2019,1,13845,,Sociology; Public relations; Social media,,,,,https://journals.aom.org/doi/10.5465/AMBPP.2019.13845symposium,http://dx.doi.org/10.5465/ambpp.2019.13845symposium,,10.5465/ambpp.2019.13845symposium,2966070160,,0,,2,false,,
076-034-388-156-653,Social Media,2024-12-03,2024,book chapter,The Language of Digital Education,,BRILL,,,,,,74,74,Social media; Sociology; Computer science; World Wide Web,,,,,,http://dx.doi.org/10.1163/9789004719118_074,,10.1163/9789004719118_074,,,0,,0,false,,
076-259-961-903-824,Social Media,2022-02-23,2022,book chapter,Global Perspectives on Journalism in Nepal,,Routledge,,Ram Hari Timilsina; Purna Bahadur Nepali,"Social media have increasingly become a compatible innovation to the agricultural development stakeholders of a developing country like Nepal. However, empirical and exploratory studies on usage patterns and perception of agriculture extension professionals in Nepal concerning social media are yet to be undertaken adequately. This study, designed to collect the primary information from a range of extension professionals in Nepal. The findings indicate that social media helps minimize the communication gap between farmers and extension professionals in Nepal. The primary reason for using social media by extension professionals is to share agricultural technology rather than personal issues. Along with several advantages, sharing unreliable information, limited access to the internet, and illiteracy of farmers are the constraints of social media use. The findings suggest that the personal attributes of extension workers and farmers should be considered while using social media as an extension tool. This finding has implications to develop social media-based extension strategies in developing countries.",,,290,306,Sociology,,,,,,http://dx.doi.org/10.4324/9781003139430-21,,10.4324/9781003139430-21,,,0,,3,false,,
076-666-476-101-922,Social media for social change in science,2023-01-30,2023,preprint,,,Ryerson University Library and Archives,,Samantha Z. Yammine; Christine Liu; Paige B Jarreau; Imogen Coe,"<jats:p>&lt;p&gt;Letter to the editor, 13 April 2018.&lt;/p&gt;</jats:p>",,,,,Social media; Sociology; Political science; Media studies; Law,,,,,,http://dx.doi.org/10.32920/21979760.v1,,10.32920/21979760.v1,,,0,,0,true,,green
077-008-116-111-387,Social Media,2012-01-02,2012,other,The Handbook of Online and Social Media Research,,Wiley,,,,,,159,162,Social media; Citation; Library science; World Wide Web; Media studies; Computer science; Sociology,,,,,,http://dx.doi.org/10.1002/9781119206118.part3,,10.1002/9781119206118.part3,,,0,,0,false,,
077-209-971-742-965,Social media,2023-12-01,2023,book chapter,Elgar Encyclopedia of Political Sociology,,Edward Elgar Publishing,,Francesco Bailo,"This comprehensive and authoritative Encyclopedia, featuring entries written by academic experts in the field, explores the diverse topics within the discipline of political sociology. By looking at both macro- and micro-components, questions relating to nation-states, political institutions and their development, and the sources of social and political change such as social movements and other forms of contentious politics, are raised and critically analysed.",,,546,549,Encyclopedia; Politics; Field (mathematics); Social science; Sociology; Political science; Media studies; Social media; Social movement; Social change; Law; Pure mathematics; Mathematics,,,,,,http://dx.doi.org/10.4337/9781803921235.00146,,10.4337/9781803921235.00146,,,0,,0,false,,
077-264-710-409-285,Social Media,2013-06-26,2013,book,,,,,Nicholas Skytland,,,,,,Sociology; Media studies; Social media,,,,,,,,,3093411351,,0,,0,false,,
077-389-234-648-355,Theatre & Social Media - Social Media and Performance,,2016,book chapter,Theatre & Social Media,,Macmillan Education UK,,Patrick Lonergan,,,,5,34,Sociology; Media studies; Social media,,,,,http://link.springer.com/10.1007/978-1-137-46371-5,http://dx.doi.org/10.1007/978-1-137-46371-5_2,,10.1007/978-1-137-46371-5_2,2556359465,,0,055-498-815-134-39X,0,false,,
077-782-874-575-466,Media Relations in the Social Media Age,2016-05-20,2016,book chapter,The Public Relations Handbook,,Routledge,,Philip Young,,,,275,294,Sociology; Media studies; Social media; Media relations,,,,,https://www.taylorfrancis.com/chapters/edit/10.4324/9780429298578-15/media-relations-social-media-age-philip-young https://www.taylorfrancis.com/books/e/9781315709918/chapters/10.4324/9781315709918-12,http://dx.doi.org/10.4324/9781315709918-12,,10.4324/9781315709918-12,2903501745,,0,,2,false,,
078-052-639-072-238,Guides: Media Literacy: Social Media,2016-12-08,2016,libguide,,,,,Brea Henson,,,,,,Journalism; Sociology; Media studies; Media arts; Social media; Information science; Media literacy,,,,,https://guides.library.unt.edu/medialiteracy/social-media,https://guides.library.unt.edu/medialiteracy/social-media,,,2966722544,,0,,0,false,,
078-558-112-488-454,Social Media,2020-06-14,2020,book chapter,Encyclopedia of Education and Information Technologies,,Springer International Publishing,,Arthur Tatnall,,,,1522,1522,Social media; Sociology; Psychology; Computer science; World Wide Web,,,,,,http://dx.doi.org/10.1007/978-3-030-10576-1_300586,,10.1007/978-3-030-10576-1_300586,,,0,,0,false,,
079-287-800-240-799,Social Jailbreak: A Social Media Aggregator Designed To Circumvent Social Media Monopolies,,,,,,,,Perig Gouanvic,,,,,,Internet privacy; Business; News aggregator; Social media,,,,,https://search.datacite.org/works/10.5281/zenodo.1421985,http://dx.doi.org/10.5281/zenodo.1421985,,10.5281/zenodo.1421985,2890958491,,0,,0,false,,
079-670-690-041-845,Social media,2020-07-16,2020,book chapter,Theory and Practice Public Relations,,Routledge,,Deirdre Quinn-Allan; Emma Bennett,"This chapter explores the vernacular and framework associated with social media, contextualising its application to public relations in addition to examining the opportunities and challenges presented by various social media channels for modern organisations in developing and maintaining relationships with their publics. From a communication and relationship-building perspective, use of the internet for public relations once shared similar approaches to that of traditional media: much public relations was asymmetric, relying on one-way communication and ignoring opportunities for two-way conversations and more symmetrical relationships. Public relations and marketing breach the social contract when primacy is given to the pursuit of self-interested objectives over community users' need for connection and the utility they derive from that connection. Public relations and marketing must give up the control over communication exchange that they enjoy in traditional media and learn to operate in social media platforms in a way that provides benefit not just to them but also to the wider community of users.",,,163,185,Social media; Sociology; Business; Computer science; World Wide Web,,,,,,http://dx.doi.org/10.4324/9781003116950-9,,10.4324/9781003116950-9,,,0,,0,false,,
079-679-745-114-468,Social Media,2026-02-17,2026,book chapter,Developer Relations Activity Patterns,,Apress,,Ted Neward; Scott T. McAllister; David Neal; Chris Woodruff,"Topics: Social, Writing",,,395,404,,,,,,,http://dx.doi.org/10.1007/979-8-8688-1895-0_30,,10.1007/979-8-8688-1895-0_30,,,0,,0,false,,
080-031-716-829-353,Social media,2024-09-17,2024,book chapter,Encyclopedia of Sport Management,,Edward Elgar Publishing,,Jimmy Sanderson,,,,886,890,Social media; Sociology; Computer science; World Wide Web,,,,,,http://dx.doi.org/10.4337/9781035317189.ch520,,10.4337/9781035317189.ch520,,,0,,0,false,,
080-177-366-219-636,Social Media,2012-01-02,2012,other,Branded!,,Wiley,,,"The growth of social media has been astounding during the past 12 months, with Facebook, YouTube, Twitter, and other social sites continuing to gather new users at triple-digit rates. The speed of change and growth in social media and its transformation of the Web have and will continue to revolutionize marketing, shopping, socializing, publishing, gaming, and music. This chapter describes the general trends and major aspects of social media that retailers should evaluate when building their communication strategies. Social media is electronic media for social interaction. It makes use of Web 2.0 highly scalable and accessible publishing techniques to transform and broadcast media monologues into social-media dialogues. Social media supports the democratization of knowledge and information and allows general users to go from being content consumers to content producers. Consumers want to connect with retailers via social media to learn about company information, products, and promotions. This chapter provides a brief overview of the most popular social media sites used by retailers for consumer engagement.",,,11,36,Social media; Social media optimization; Publishing; Advertising; Democratization; Media management; World Wide Web; Business; Computer science; Political science; Marketing; Democracy; Law; Politics,,,,,,http://dx.doi.org/10.1002/9781119200567.ch2,,10.1002/9781119200567.ch2,,,0,,0,false,,
080-246-562-597-526,Social Media and Social Media Marketing: A Literature Review,2015-01-01,2015,review,Figshare,,,,Mohammad Furqan Khan,,,,,,Social media; Social media marketing; Social marketing; Business; Social media optimization; Marketing; Sociology; Advertising; Public relations; Computer science; Political science; World Wide Web,,,,,https://figshare.com/articles/Social_Media_and_Social_Media_Marketing_A_Literature_Review/1603046/1,http://dx.doi.org/10.6084/m9.figshare.1603046.v1,,10.6084/m9.figshare.1603046.v1,,,0,,0,true,cc-by,green
080-444-266-057-709,The Interpretation of Social Media : Challenges of Adopting Social Media in Organizations,,2016,,,,,,Karin Högberg,,,,465,472,Sociology; Informatics; Public relations; Social media; Interpretation (philosophy),,,,,http://www.diva-portal.org/smash/record.jsf?pid=diva2:1064535,http://www.diva-portal.org/smash/record.jsf?pid=diva2:1064535,,,2887740463,,0,,0,false,,
080-569-597-902-224,Impact of Social Media on Communication and Business - Social Media and Entrepreneurship,,,book chapter,Impact of Social Media on Communication and Business,,IGI Global,,Bu Zhong,,,,6073,7443,Business; Public relations; Social media; Entrepreneurship,,,,,,http://dx.doi.org/10.4018/978-1-4666-9518-4.les8,,10.4018/978-1-4666-9518-4.les8,2491405345,,0,,5,false,,
080-682-962-507-084,Handbook of Social Media Management - Handbook of Social Media Management,,2013,book,,,Springer Berlin Heidelberg,,Mike Friedrichsen; Wolfgang Mühl-Benninghaus,,,,,,Information management; Sociology; Marketing management; Public relations; Social media; Media management; Knowledge management,,,,,https://link.springer.com/10.1007/978-3-642-28897-5 https://openlibrary.telkomuniversity.ac.id/pustaka/114083/handbook-of-social-media-management.html,http://dx.doi.org/10.1007/978-3-642-28897-5,,10.1007/978-3-642-28897-5,2476990930,,0,,21,false,,
080-800-563-352-948,Trademarks and Social Media - Trademarks and Social Media,2015-09-25,2015,book,,,Edward Elgar Publishing,,Danny Friedmann,,,,,,Political science; Media studies; Social media,,,,,https://www.elgaronline.com/view/9781783479535.xml,http://dx.doi.org/10.4337/9781783479542,,10.4337/9781783479542,2489821804,,0,,5,false,,
080-959-478-566-380,LibGuides. Social Media for Scientists/Scholars. Social Media @ CSHL.,2012-02-15,2012,,,,,,Judy Wieber,"Provides an overview of social media, highlighting those intended specifically for scientists and scholars. Also describes CSHL's current social media presence. Social Media @ CSHL",,,,,Internet privacy; World Wide Web; Bookmarking; Political science; Video sharing; Social media; File sharing; Social media optimization,,,,,,,,,442003942,,0,,0,false,,
081-182-527-720-513,Social Media,2022-05-30,2022,book,,,Routledge,,,,,,,,Social media; Computer science; World Wide Web,,,,,,http://dx.doi.org/10.4324/9780367565152-rechs98-0,,10.4324/9780367565152-rechs98-0,,,0,,0,false,,
081-224-708-260-176,Social media and social companies,2010-11-01,2010,,,,,,Frans van den Reep,"The Internet is changing the way we organize work. It is shifting the requirements for what we call; the “schedule push” and the hierarchical organization that it implies, and therefore it is removing; the type of control that is conventionally used to match resources to tasks, and customer demand; to supplies and services. Organizational hierarchies have become too expensive to sustain, and; in many cases their style of coordination is simply no longer necessary. The cost complexity of; the industrial complex starts to outweigh the benefits, and the Internet is making it redundant. The; question I put forward in this Article, after a short description of how I envision “the change,” is; what new requirements should be met by software in order to meet the requirements of the; networked economy. Business will develop from Business-to-Consumer (B2C) to Consumer-to-; Business (C2B) to People-to-People (P2P), customers more and more taking control over; business activities, overhead being replaced by customer focus. This is also a new reality for the; software world.",,,,,The Internet; Business requirements; Overhead (business); Business; Marketing; Process management; Control (management); Order (business); Hierarchical organization; Social media; Schedule,,,,,https://www.hbo-kennisbank.nl/details/sharekit_inholland:oai:surfsharekit.nl:a7f71487-81d5-46fa-bb3d-6d55e28713f3 https://www.narcis.nl/publication/RecordID/oai%3Ahbokennisbank.nl%3Asharekit_inholland%3Aoai%3Asurfsharekit.nl%3A6cc4faaf-26bc-4518-acd4-a99240bf1f76,https://www.hbo-kennisbank.nl/details/sharekit_inholland:oai:surfsharekit.nl:a7f71487-81d5-46fa-bb3d-6d55e28713f3,,,2569067024,,0,148-837-075-378-625; 191-293-209-008-117,0,false,,
081-442-603-263-51X,Social Media in der Organisationskommunikation - Social Media in der Organisationskommunikation,,2013,book,,,Springer Fachmedien Wiesbaden,,Silvia Ettl-Huber; Rosemarie Nowak; Brigitte Reiter; Michael Roither,,,,,,,,,,,https://link.springer.com/10.1007/978-3-658-02329-4,http://dx.doi.org/10.1007/978-3-658-02329-4,,10.1007/978-3-658-02329-4,2494303605,,0,,0,false,,
081-462-092-541-95X,SOCIAL MEDIA,2021-02-28,2021,book,,,,,Harry Kashyap,,,,,,Sociology; Media studies; Social media,,,,,https://www.amazon.com/SOCIAL-MEDIA-HARRY-KASHYAP-ebook/dp/B08XQGFRDK,https://www.amazon.com/SOCIAL-MEDIA-HARRY-KASHYAP-ebook/dp/B08XQGFRDK,,,3162153666,,0,,0,false,,
081-606-604-840-460,Social Media and Social Movements,2015-12-21,2015,,,,,,Natalie Pang; Debbie Goh,,,,,,Social movement; Political economy; Sociology; Social change; Social media; Resource mobilization,,,,,https://www.routledgehandbooks.com/doi/10.4324/9781315716299.ch17,https://www.routledgehandbooks.com/doi/10.4324/9781315716299.ch17,,,2626198153,,0,191-083-330-366-295,0,false,,
082-070-241-624-913,An Uncritiqued Frontier of Social Media: The Social Media Subscription Model,2024-02-13,2024,journal article,"tripleC: Communication, Capitalism & Critique. Open Access Journal for a Global Sustainable Information Society",1726670x,Information Society Research,Austria,Paul Geyer,"<jats:p>Even after Elon Musk announced Twitter Blue, subscription services such as Snapchat+, YouTube Premium and Meta Verified, remain an uncritiqued aspect of social media. Within this article, subscription services on social media take centre stage. This article focuses on three key points: First, subscription services have remained uncritiqued because of the blind spot created by the emphasis on data collection. Second, the Social Media Subscription Model (SMSM) now asserts social media as part of a mixed model (Fuchs 2020, 134) instead of only being considered as an advertising model. Third, applying the classical Marxian twist of capitalism as self-negating, the SMSM is also a structural response to a contradiction of ""peak data"", meaning how does social media sustain itself if commodifies all data? Stressing the necessity of viewing the SMSM and social media as part of a Mixed Model.</jats:p>",22,1,44,59,Social media; Frontier; Computer science; Political science; World Wide Web; Law,,,,,https://www.triple-c.at/index.php/tripleC/article/download/1480/1508 https://doi.org/10.31269/triplec.v22i1.1480,http://dx.doi.org/10.31269/triplec.v22i1.1480,,10.31269/triplec.v22i1.1480,,,0,,1,true,cc-by-nc-nd,gold
082-528-016-698-264,Marketing Media Production on Social Media,2022-03-30,2022,journal article,QALAAI ZANIST SCIENTIFIC JOURNAL,25186558; 25186566,Lebanese French University,,Khalid Talaat Muhammed,"This research is an attempt to find out the impact of marketing and media production on users of social networking sites.&nbsp; This research is considered as descriptive research. The researcher showed the effect of marketing media production through sampling from users of social networking sites. In the field of media, this research is characterized by an important specificity, as well as media institutions, they can rely on the results of this research to make an impact on public opinion. The main objective in this research is to know the effect of marketing on media production in social networking sites and how to increase the follower, viewer, listener and reader, as well as to know the impact of social networking sites on marketing. Through the most important conclusions reached by this research, it was found that the users of social networking sites are increasing day by day due to the improvement of Internet networks in the Kurdistan Region. Through the opinions of the samples taken in this research, it was found that first (Facebook) is more used among people, then (YouTube), while Twitter got the third place, meaning that Twitter has the least number of users in the Kurdistan Region. According to the opinions of the respondents in this research, the social network (Facebook) is considered one of the most privileged sites for marketing media production by media institutions, and the reason for this is due to its easiness of using, as for media channels (Facebook and Twitter) are more used, and Facebook is more used for news channels. Compared to the classic media, the majority of respondents use social media more for the purpose of knowing news and information in the first place, while in the second degree they use social media as a means of communication, and social media sites in the Kurdistan Region are less used as a means of purchasing, selling and marketing.",7,1,,,Social media; Social media marketing; Production (economics); Business; The Internet; Advertising; Social network (sociolinguistics); Marketing; Descriptive research; Digital marketing; Public relations; Sociology; Political science; Computer science; World Wide Web; Social science; Economics; Law; Macroeconomics,Marketing; social networks; traditional media; media production; media stations,,,,https://journal.lfu.edu.krd/ojs/index.php/qzj/article/download/874/880 https://doi.org/10.25212/lfu.qzj.7.1.3,http://dx.doi.org/10.25212/lfu.qzj.7.1.3,,10.25212/lfu.qzj.7.1.3,,,0,,0,true,cc-by-nc-sa,hybrid
082-857-779-320-494,Social Media,2015-02-11,2015,book chapter,Oversharing: Presentations of Self in the Internet Age,,Routledge,,,,,,32,39,Social media; Sociology; Computer science; World Wide Web,,,,,,http://dx.doi.org/10.4324/9781315732282-8,,10.4324/9781315732282-8,,,0,,0,false,,
083-167-490-388-701,Social Media,,2015,other,Transgender Communication Studies,,The Rowman & Littlefield Publishing Group,,Joshua Trey Barnett,,,,155,170,Social media; Computer science; Sociology; World Wide Web,,,,,,http://dx.doi.org/10.5040/9781978740051.ch-10,,10.5040/9781978740051.ch-10,,,0,,4,false,,
083-301-005-530-01X,Social Media,,2023,reference entry,The SAGE Encyclopedia of Leadership Studies,,"SAGE Publications, Inc.",,Julie R. Ancis,,,,,,Social media; Computer science; World Wide Web,,,,,,http://dx.doi.org/10.4135/9781071840801.n270,,10.4135/9781071840801.n270,,,0,,0,false,,
083-585-497-596-433,Journalism and Social Media - Journalism and Social Media,,2017,book,,,Springer International Publishing,,Diana Bossio,,,,,,Journalism; Political science; Public relations; Citizen media; Social media; Technical Journalism; Media relations,,,,,https://link.springer.com/10.1007/978-3-319-65472-0,http://dx.doi.org/10.1007/978-3-319-65472-0,,10.1007/978-3-319-65472-0,2766280319,,0,,32,false,,
084-806-030-695-588,HCT CampusGuides. Social Media/Web 2.0. Social Media.,2011-05-11,2011,,,,,,Jane Barnwell,,,,,,Internet privacy; Web 2.0; World Wide Web; Sociology; Social media,,,,,,,,,493532543,,0,,0,false,,
086-174-084-039-869,"Social Media, Media and Coverage",2012-03-30,2012,conference proceedings,,,,,Roger Chafe,"Background: In Canada, there have been a number of recent examples of the patients effectively advocating for access to innovative medical technology through the use of social media. Based on an analysis of two high profile cases (the endovascular treatment of MS and the use of Herceptin for small tumours), some of which I recently published in the journal Nature, I will discuss the impact and challenge of social media on making funding decisions and the challenges it presents to healthcare organizations and funders.; ; Methods: Case studies, media analysis, Google's insight for search analysis, Twitter analysis, Facebook analysis.; ; Results: Although both procedures lack evidence for effectiveness, public and social media pressure was able to direct money for research for both treatments. In both cases, traditional and social media increased the impact of each other’s content. Health care decision makers responded very quickly to calls for access in the face of mounting internet activity. In the case of the use of Herceptin for small tumours, the woman whose twitter campaign began the calls for the expanded coverage was able in less than a month engage the traditional media and get the Government of Ontario to grant her access to the drug for her cancer. For the endovascular treatment of MS, in three days after an initial news article, the MS Society of Canada announced funding to research the procedure, even though there was a great deal of opposition from medical and research experts. Of interest regarding the MS treatment was that we found that the social media activity around the procedure was very geographically defined within certain countries. ; ; Conclusions: Social media makes it considerably more likely that patients learn about innovative and unproven therapies. The mobilizing power of social networking means that unprecedented pressures can be applied on politicians and research funders to expand access to procedures for which there is little scientific support. It allows patients a greater platform to challenge health care policies, research priorities and rulings. Decision makers need to better engage the public, and not necessarily through social media, within the governance of the healthcare system and to be better able to justify decisions. Health services and policy researchers need to develop better tools for analyzing social media (particularly trends in health conversations). []",,,,,The Internet; Sociology; Health care; Health technology; Opposition (politics); Small tumours; Endovascular treatment; Corporate governance; Public relations; Social media,,,,,,,,,2149094030,,0,,0,false,,
086-182-835-829-395,Social Media and Social Networking,2024-03-25,2024,journal article,INTERANTIONAL JOURNAL OF SCIENTIFIC RESEARCH IN ENGINEERING AND MANAGEMENT,25823930,Edtech Publishers (OPC) Private Limited,,Dr.Kavitha K,"<jats:p>A Social networking service (also social networking site, SNS or social media) is an online platform that is used by people to build social networks or social relations with other people who share similar personal or career interests, activities, backgrounds or real-life connections. The variety of stand-alone and built-in social networking services currently available in the online space introduces challenges of definition; however, there are some common features:  (1)   social networking services are Web 2.0 internet-based applications, (2) user-generated content (UGC) is the lifeblood of SNS organisms, (3) users create service-specific profiles for the site or app that are designed and maintained by the SNS organization, and (4) social networking services facilitate the development of online social networks by connecting a user's profile with those of other individuals and/or groups. Most social network services are web-based and provide means for users to interact over the Internet, such as by e-mail and instant messaging and online forums.  Social networking sites are varied and they incorporate a range of new information and communication tools such as availability on desktop and laptops, mobile devices such as tablet computers and smart phones, digital photo/video/sharing and ""web logging"" diary entries online (blogging). Online community services are sometimes considered a social network service, though in a broader sense, social network service usually means an individual-centered service whereas online community services are group-centered. Social networking sites allow users to share ideas, digital photos and videos, posts, and inform others about online or real world activities and events with people in their network. While in-person social networking, such as gathering in a village market to talk about events has existed since the earliest developments of towns, the Web enables people to connect with others who live in different locations, ranging from across a city to across the world. Depending on the social media platform, members may be able to contact any other member.  Key words : Social Networking, e-mail, Web-based, Social Media, Face Book .</jats:p>",8,3,1,5,World Wide Web; Social media; Internet privacy; Social network (sociolinguistics); Social web; The Internet; Social media optimization; Online participation; Computer science; Service (business); Social computing; Web 2.0; Online community; Business; Marketing,,,,,https://ijsrem.com/download/social-media-and-social-networking/?wpdmdl=28631&refresh=66124eb4957d21712475828 https://doi.org/10.55041/ijsrem29635,http://dx.doi.org/10.55041/ijsrem29635,,10.55041/ijsrem29635,,,0,,2,true,,bronze
086-442-918-661-848,Social Media Behaviors and Psychosocial Predictors of Social Media Addiction,2018-02-23,2018,,,,,,Krista Howard; Sinjin M. P. Roming; Natalie A. Ceballos; Stephanie L. Dailey; Tom Grimes,,,,,,Psychosocial; Psychology; Social media addiction; Addiction; Social media; Clinical psychology,,,,,https://digital.library.txstate.edu/handle/10877/8505,https://digital.library.txstate.edu/handle/10877/8505,,,2971409091,,0,,0,false,,
086-689-750-843-983,Social anxiety and social media,2024-01-01,2024,dissertation,,,"Faculty of Humanities and Social Sciences, University of Zagreb",,Sonja Biglbauer,"<jats:p>Social media are virtual spaces that currently connect around 5.2 billion users worldwide. Over the past fifteen years, a growing number of studies have attempted to clarify the relationship between social media use and mental health. The aim of this dissertation was to better understand social anxiety in the context of social media. The first paper presented current and relevant findings in the field of mental health (both anxiety and depression) and social media use (review paper). Although the research findings are not conclusive, there are a considerable number of studies that indicate that social media use is associated with certain risks, at least for vulnerable groups. The second paper was a correlational study (N = 1,174) that examined possible differences between socially anxious and non-anxious individuals in their use of social media. Socially anxious participants did not differ significantly from non-anxious participants in terms of time spent on social media, but their social media use was different; socially anxious participants tended to use social media less actively. Offline social support did not significantly moderate the relationship between active social media use and social anxiety but was a significant correlate of social anxiety. The third paper was also a correlational study (N = 295) that explored possible differences in the level of social anxiety in online and offline interactions and whether Clark and Wells’ (1995) cognitive-behavioral model of social anxiety is appropriate for understanding social anxiety in the online context. Socially anxious participants reported significantly higher social anxiety in offline interactions compared to online interactions. Structural equation modelling revealed a pattern of significant associations that was largely consistent with conceptual expectations. Taken together, these studies may provide a basis for helping socially anxious social media users to function in the virtual world in ways that support their mental health.</jats:p>",,,,,Social anxiety; Psychology; Social media; Social inhibition; Anxiety; Mental health; Context (archaeology); Social environment; Shyness; Developmental psychology; Social psychology; Clinical psychology; Psychiatry; Sociology; Political science; Paleontology; Social science; Biology; Law,,,,,https://repozitorij.ffzg.unizg.hr/islandora/object/ffzg:12292/datastream/PDF/download https://repozitorij.ffzg.unizg.hr/islandora/object/ffzg:12292,http://dx.doi.org/10.17234/diss.2024.190858,,10.17234/diss.2024.190858,,,0,,0,true,cc-by,gold
086-910-516-588-486,Session details: Social media: Social media serving the society,2011-09-28,2011,conference proceedings article,Proceedings of the 15th International Academic MindTrek Conference: Envisioning Future Media Environments,,ACM,,Hannu kärkkäinen,,,,,,,,,,,,http://dx.doi.org/10.1145/3250565,,10.1145/3250565,,,0,,0,false,,
086-917-590-925-710,LibGuides: BUS X204 - Social Media Project: Social Media,2019-08-12,2019,libguide,,,,,Nikki Johnson,This guide supports sections of BUS X204 Business Communication working on the social media project.,,,,,Sociology; Business communication; Public relations; Social media,,,,,https://iupui.libguides.com/c.php?g=956837&p=6906866,https://iupui.libguides.com/c.php?g=956837&p=6906866,,,2968347641,,0,,0,false,,
087-104-037-146-074,Social Media,2012-01-01,2012,book,,,Peter Lang D,,Mario Anastasiadis; Caja Thimm,,,,,,Social media; Sociology; Political science; Law,,,,,,http://dx.doi.org/10.3726/978-3-653-01083-1,,10.3726/978-3-653-01083-1,,,0,,17,false,,
087-281-864-133-071,Social Media to Social Media Analytics: Ethical Challenges,,2019,journal article,International Journal of Technoethics,19473451; 1947346x,IGI Global,United States,Vikas Kumar; Pooja Nanda,"<jats:p>With the amplification of social media platforms, the importance of social media analytics has exponentially increased for many brands and organizations across the world. Tracking and analyzing the social media data has been contributing as a success parameter for such organizations, however, the data is being poorly harnessed. Therefore, the ethical implications of social media analytics need to be identified and explored for both the organizations and targeted users of social media data. The present work is an exploratory study to identify the various techno-ethical concerns of social media engagement, as well as social media analytics. The impact of these concerns on the individuals, organizations, and society as a whole are discussed. Ethical engagement for the most common social media platforms has been outlined with a number of specific examples to understand the prominent techno-ethical concerns. Both the individual and organizational perspectives have been taken into account to identify the implications of social media analytics.</jats:p>",10,2,57,70,Internet privacy; Sociology; Social media analytics; Social media,,,,,https://www.igi-global.com/article/social-media-to-social-media-analytics/230343 https://dblp.uni-trier.de/db/journals/ijt/ijt10.html#KumarN19,http://dx.doi.org/10.4018/ijt.2019070104,,10.4018/ijt.2019070104,2947562382,,0,001-717-674-116-558; 005-815-436-142-19X; 017-909-148-092-805; 023-248-516-983-743; 030-227-368-907-044; 035-469-672-094-918; 035-487-525-606-484; 036-788-957-477-570; 050-138-974-628-281; 060-580-092-863-268; 068-122-775-276-831; 070-400-725-565-423; 078-068-053-103-507; 087-013-042-539-952; 088-559-265-130-928; 093-558-313-816-884; 099-292-548-978-282; 104-314-273-319-352; 128-571-842-539-071; 139-395-478-448-921; 179-771-412-115-46X,32,false,,
087-614-817-353-701,Social Media Processing - Social Media Processing,,2014,book,Communications in Computer and Information Science,18650929; 18650937,Springer Berlin Heidelberg,Germany,Heyan Huang; Ting Liu; Hua-Ping Zhang; Jie Tang,,,,,,Sociology; Media studies; Social media,,,,,https://link.springer.com/10.1007/978-3-662-45558-6,http://dx.doi.org/10.1007/978-3-662-45558-6,,10.1007/978-3-662-45558-6,2492306517,,0,,3,false,,
087-815-182-861-657,Social Capital on Social Media,2017-11-02,2017,book chapter,Reconstruction of the Public Sphere in the Socially Mediated Age,,Springer Singapore,,Fujio Toriumi; Yuka Kamiko,"Social capital is critical during disasters. Many results have shown from various sociological researches that social media are effective tools to share information about victims, rescue attempts, and so on In such cases, we must clarify how social capital appears on social media. In this research, we collected the following personal data from 1500 Twitter users by crowdsourcing questionnaires: personal data, bonding social capital at Twitter, bridging social capita, and its behavioral features. We found that bonding social capital and bridging social capital can be explained by Twitter data. First, bonding social capital can be explained by the rate of replies among all tweets. Second, bridging social capital can be explained by rate of retweets among all tweets. Finally, we analyzed the effect of social capital on social media during disasters using data from the 2016 Kumamoto earthquake in Japan. Analysis revealed that when bonding social capital is large, tweets related to disaster information are likely to get replies, and the probability of a reply to tweets related to disasters is higher than a general tweet.",,,73,92,Social position; Social status; Sociology; Social reproduction; Social change; Social mobility; Public relations; Social transformation; Individual capital; Social engagement,,,,,https://link.springer.com/chapter/10.1007/978-981-10-6138-7_5 https://rd.springer.com/chapter/10.1007/978-981-10-6138-7_5,http://dx.doi.org/10.1007/978-981-10-6138-7_5,,10.1007/978-981-10-6138-7_5,2766894873,,0,000-693-772-090-558; 015-264-538-059-64X; 016-228-507-176-809; 021-844-839-637-376; 026-012-771-106-180; 027-991-394-082-053; 030-336-959-693-984; 034-509-551-210-676; 034-585-856-897-389; 042-983-205-052-570; 046-841-674-135-16X; 051-697-002-594-272; 053-760-242-491-32X; 058-993-959-789-384; 064-358-615-886-257; 065-471-448-175-511; 071-401-935-496-121; 077-052-445-868-610; 090-828-306-870-282; 093-996-586-975-725; 095-795-693-600-859; 104-751-988-323-270; 116-859-758-218-993; 131-672-804-347-336; 134-613-182-292-738; 154-849-054-381-871; 155-525-177-393-923; 158-018-272-766-161; 166-151-425-331-381; 170-690-590-638-894; 173-499-388-162-013; 178-024-221-305-759; 182-984-890-681-586; 190-354-270-023-607,1,false,,
087-997-919-703-611,The Impact of Social Media on Social Presence,2019-11-27,2019,journal article,Australian Educational Computing,08169020,Australian Council for Computers in Education,Australia,Sheri Conklin; Daisyane Barreto; Tom Dorgan,,34,1,,,Computer-mediated communication; Sociology; Community of inquiry; Computer software; Public relations; Social media; Teaching method,,,,,http://journal.acce.edu.au/index.php/AEC/article/view/205 http://journal.acce.edu.au/index.php/AEC/article/download/205/178 https://eric.ed.gov/?id=EJ1269421,http://journal.acce.edu.au/index.php/AEC/article/view/205,,,3093015201,,0,,0,true,cc-by,gold
089-073-150-588-951,Research Guides: Social Media for Unions: Advanced Social Media,2012-11-27,2012,libguide,,,,,Julie Peters,"Companion guide for SMLR Workshop, Social Media Workshop for Labor Activists, April 26, 2013. This guide will also be useful to labor groups at the first (or second) step towards developing a social media strategy.",,,,,Political science; Public relations; Social media; Labor relations,,,,,http://libguides.rutgers.edu/c.php?g=337137&p=2268954,http://libguides.rutgers.edu/c.php?g=337137&p=2268954,,,1822202746,,0,,0,false,,
089-360-847-946-634,Social Media in the Arab World - The Future of Social Media in the GCC Region,,2016,book chapter,Social Media in the Arab World,,I.B.Tauris,,Mokhtar Elareshi; Barrie Gunter,,,,,,Political science; Public relations; Social media,,,,,http://dx.doi.org/10.5040/9781350988057.ch-011,http://dx.doi.org/10.5040/9781350988057.ch-011,,10.5040/9781350988057.ch-011,2966749384,,0,,0,false,,
089-403-638-653-277,Social Media as a Technology for Being : The Qualities of Being on Social Media and the New Problematics of Social Media Research,2016-03-01,2016,journal article,Asia pacific journal of information systems,22885404,,,Sunghyun Juhn,"What prevails in the today’s research on social media is a functional view of technology. Technology is regarded as a set of technical devices used to conduct specific social functions, such as personal communication, social networking, public posting, and corporate advertising, among others. This paper proposes that such a functional view of technology renders social media research unduly limited and constrained in its scope, level, and direction of inquiry. Problematizing on some representative social media research efforts in the field of IS, this paper provides an alternative perspective, that is, to view social media as a technology-for- being that exerts a deeper level of influence on our existence, molding and shaping the nature and mode of being itself. Such a technology- for-being perspective has been rarely explored or subscribed to in the present IS social media research. Building upon the new conception of social media as a technology-for-being, this essay explores the quality of being in the context of social media. Five such qualities are discussed, including virtuality, materiality, externality, liquidity, and hybridity. The essay also explores the deep structural problems of research to guide future social media research. Six of such problems include Problematize-the-Natural, Follow- the-Actor, Welcomethe- Frankenstein, Weber-meets-Frankenstein, Freud-meets-Frankenstein, and Marx- meets-Frankenstein. The essay concludes with discussions on the implications of the essay, its limitations, and suggestions for future work.",26,1,41,65,Materiality (auditing); Sociology; Externality; Perspective (graphical); Hybridity; Context (language use); Field (Bourdieu); Virtuality (gaming); Public relations; Social media,,,,,https://www.earticle.net/Article/A266858,https://www.earticle.net/Article/A266858,,,3200485670,,0,,0,false,,
089-442-004-759-178,To be or not to be in social media: How brand loyalty is affected by social media?,,2013,journal article,International Journal of Information Management,02684012,Elsevier BV,United Kingdom,Michel Laroche; Mohammad Reza Habibi; Marie-Odile Richard,,33,1,76,82,Customer retention; Advertising; Business; Loyalty business model; Brand awareness; Marketing; Brand equity; Brand community; Brand loyalty; Brand management; Brand extension,,,,,https://doi.org/10.1016/j.ijinfomgt.2012.07.003 http://dx.doi.org/10.1016/j.ijinfomgt.2012.07.003 https://dx.doi.org/10.1016/j.ijinfomgt.2012.07.003 http://www.guillaumenicaise.com/wp-content/uploads/2013/10/to-be-or-not-to-be-in-social-media.pdf https://dblp.uni-trier.de/db/journals/ijinfoman/ijinfoman33.html#LarocheHR13 https://www.sciencedirect.com/science/article/abs/pii/S0268401212000916 http://www.sciencedirect.com/science/article/pii/S0268401212000916,http://dx.doi.org/10.1016/j.ijinfomgt.2012.07.003,,10.1016/j.ijinfomgt.2012.07.003,2138794141,,0,000-420-259-424-20X; 002-088-744-682-764; 006-437-405-642-408; 007-443-775-795-273; 011-358-728-649-239; 011-854-399-312-637; 015-031-955-153-832; 016-507-899-278-717; 017-040-905-798-672; 018-401-414-027-424; 018-409-666-344-780; 022-549-887-527-803; 036-200-465-666-914; 037-552-309-035-120; 037-574-215-563-501; 039-312-560-097-022; 040-922-752-040-411; 044-295-885-028-518; 044-763-858-798-124; 045-475-384-258-141; 046-528-519-346-513; 046-841-674-135-16X; 047-432-934-587-71X; 053-476-438-379-307; 058-305-042-946-702; 058-546-020-007-699; 059-311-480-540-902; 059-815-018-073-098; 065-394-049-766-553; 068-553-268-934-785; 070-637-056-059-835; 072-813-199-606-608; 075-934-193-778-361; 076-029-062-287-112; 080-104-392-153-063; 080-142-224-521-995; 080-530-617-631-866; 083-925-625-829-149; 086-424-033-381-399; 086-734-165-781-574; 090-053-674-326-108; 098-176-629-648-133; 104-927-479-245-362; 109-843-823-020-319; 110-155-145-890-88X; 111-095-071-937-474; 112-832-544-040-573; 113-544-364-174-558; 113-624-931-628-270; 124-481-751-721-877; 126-857-919-550-043; 136-674-556-632-349; 138-959-981-189-28X; 153-040-061-759-403; 199-310-801-957-47X,703,false,,
089-478-139-428-397,Social Media,2023-03-31,2023,book chapter,"Advances in Information Security, Privacy, and Ethics",19489730; 19489749,IGI Global,,Desmond Onyemechi Okocha; Judith Oyiza Isah; Samuel Akpe,"<jats:p>Advances in technology have provided people with unparalleled opportunities to communicate efficiently and in real time. Adults with an inappropriate sexual interest in children have also benefited from developments in information and communications technology, using it to establish contact with them, to develop relationships, and to groom potential victims for sexual abuse and exploitation. Based on this, this study examined how social media has become a gateway for online child grooming. The study was anchored on the luring communication theory. The study adopted in-depth interview as its research design. The study used purposive sampling technique to draw a sample size of 15 experts. Findings from the study revealed that since the introduction of social media platforms, the amount of child sexual abuse content has been increasing yearly as these platforms have become a channel that offenders use in soliciting and sharing of explicit images and videos of minors.</jats:p>",,,257,281,Nonprobability sampling; Social media; Psychology; Sample (material); Sexual abuse; Gateway (web page); Child sexual abuse; Internet privacy; Social psychology; Sociology; Computer science; Medicine; Suicide prevention; World Wide Web; Poison control; Medical emergency; Chemistry; Chromatography; Demography; Population,,,,,,http://dx.doi.org/10.4018/978-1-6684-5991-1.ch009,,10.4018/978-1-6684-5991-1.ch009,,,0,000-597-632-527-586; 006-162-490-204-145; 031-797-171-039-686; 035-769-881-344-527; 043-253-270-765-106; 074-720-595-707-70X; 150-799-085-555-872,0,false,,
089-882-672-451-987,Managing Social Media Communities for Better Social Media Intelligence,2014-02-24,2014,book chapter,Social Media Intelligence,,Cambridge University Press,,Wendy W. Moe; David A. Schweidel,,,,109,127,Psychology; Public relations; Social media; Social computing; Social engagement,,,,,https://www.cambridge.org/core/books/social-media-intelligence/managing-social-media-communities-for-better-social-media-intelligence/A84334645073C19AF61090BCCA003744,http://dx.doi.org/10.1017/cbo9781139381338.012,,10.1017/cbo9781139381338.012,2480316834,,0,003-790-365-122-114; 011-070-925-251-905; 035-741-016-053-464; 037-291-298-603-838; 063-993-449-669-965; 069-129-573-227-239; 070-980-574-764-41X; 104-923-838-525-078; 118-189-101-787-676; 120-342-241-491-527,0,false,,
090-211-865-738-771,Social Media für Journalisten - Social Media für Journalisten,,2016,book,,,Springer Fachmedien Wiesbaden,,Stefan Primbs,,,,,,,,,,,https://link.springer.com/10.1007/978-3-658-07359-6,http://dx.doi.org/10.1007/978-3-658-07359-6,,10.1007/978-3-658-07359-6,2506731650,,0,,26,false,,
090-253-985-000-507,LibGuides: Social Media to Promote Research: Graphics for Social Media,2018-03-06,2018,libguide,,,,,Aoife Quinn Hegarty,This guide shows examples of how you can use social media tools and networks to promote your research,,,,,World Wide Web; Sociology; Graphics; Social media,,,,,https://libguides.ucd.ie/socialmedia/graphics,https://libguides.ucd.ie/socialmedia/graphics,,,2942913717,,0,,0,false,,
090-254-861-705-382,Social Media Balanced Scorecard - Social Media Balanced Scorecard,2012-06-26,2012,book,Social Media Balanced Scorecard,,Vieweg+Teubner Verlag,,Roland Fiege,"Das Konzept der Balanced Scorecard (kurz: BSC) ist, nachdem sie nach der ersten Vorstellung durch Robert S. Kaplan und David P. Norton 1992 gerne als Modeerscheinung hingestellt wurde, immer noch aktuell. Ein Grosteil der DAXUnternehmen setzen BSC als Management-System ein. Ziel der Unternehmen ist es, mit der BSC in schwierigen Zeiten Kosten zu sparen und trotzdem zu wachsen. Allgemein wird das Konzept der BSC definiert als ein Konzept zur betrieblichen Leistungsmessung und Leistungsbewertung als Grundlage der Unternehmenssteuerung. Die BSC steht fur das Grundprinzip „Strategy into Action“, welches bedeutet, dass mit Hilfe der BSC Vision und Strategie eines Unternehmens in qualitative und quantitative Zielsetzungen umgesetzt werden sollen.",,,111,134,Humanities; Political science; Balanced scorecard,,,,,https://link.springer.com/10.1007%2F978-3-8348-8146-5_5 https://link.springer.com/10.1007/978-3-8348-8146-5,http://dx.doi.org/10.1007/978-3-8348-8146-5_5,,10.1007/978-3-8348-8146-5_5,1956557906,,0,,4,false,,
091-125-057-551-71X,Social media:  an exploration of the outcomes of social media use for homeless youth,2021-05-23,2021,dissertation,,,Ryerson University Library and Archives,,Jennifer Donath,"<jats:p>The purpose of this project was to explore how young adults are experiencing relationships when using social media. Using a qualitative design young adults between the ages of 16-25 were asked questions about their experience with social media in the city of Toronto. Qualitative interviews were conducted with three homeless participants who used social media and had access to the internet and a mobile device. The researcher analyzed the data by looking for themes within the participant’s answers. Discussion focuses on the impact of social media, their experiences as a homeless youth and the interaction with social media on a daily basis. The findings also suggest future research for technology amongst homeless youth</jats:p>",,,,,Social media; Qualitative research; Psychology; The Internet; Youth studies; Sociology; Social psychology; Developmental psychology; Social science; Political science; World Wide Web; Law; Computer science,,,,,https://rshare.library.ryerson.ca/articles/thesis/Social_media_an_exploration_of_the_outcomes_of_social_media_use_for_homeless_youth/14653536/1/files/28135302.pdf https://doi.org/10.32920/ryerson.14653536,http://dx.doi.org/10.32920/ryerson.14653536,,10.32920/ryerson.14653536,,,0,,0,true,,gold
091-614-390-356-587,Social media,2018-07-06,2018,book chapter,Digital Sports Journalism,,Routledge,,Charles M. Lambert,,,,37,56,Social media; Sociology; Political science; Computer science; World Wide Web,,,,,,http://dx.doi.org/10.4324/9781315100142-4,,10.4324/9781315100142-4,,,0,,0,false,,
091-724-162-624-313,Social media and social mobilization,2018-07-17,2018,book chapter,Routledge Handbook of Contemporary Hong Kong,,Routledge,,Gary Tang,,,,185,198,Political science; Media studies; Social mobilization; Social media,,,,,https://www.taylorfrancis.com/books/e/9781315660530/chapters/10.4324/9781315660530-11 https://www.routledgehandbooks.com/doi/10.4324/9781315660530-11,http://dx.doi.org/10.4324/9781315660530-11,,10.4324/9781315660530-11,2905480463,,0,032-183-153-708-065,4,false,,
091-929-777-267-411,Research Guides: Social Media Research: Social Media,2018-07-26,2018,libguide,,,,,Cody Hennesy,A guide to tools and resources related to social media research and social media data sources.,,,,,Sociology; Media studies; Social media,,,,,https://libguides.umn.edu/social-media-research,https://libguides.umn.edu/social-media-research,,,2940805165,,0,,0,false,,
091-976-580-813-812,Social media and social change.,2021-01-01,2021,book chapter,Interpretar sociedades,,Editorial Universidad del Norte,,Maurizio Geri,,,,119,144,Social media; Sociology; Computer science; World Wide Web,,,,,,http://dx.doi.org/10.2307/j.ctv287sbxz.10,,10.2307/j.ctv287sbxz.10,,,0,,0,false,,
092-125-217-105-054,Social Media,2022-09-27,2022,other,The Wiley-Blackwell Encyclopedia of Social and Political Movements,,Wiley,,Beth Gharrity Gardner,"<jats:p>The implications of social media for social change are fueling incredible debate at the time of this writing. This is being driven by the unprecedented diffusion of social media technologies and services, such as text messaging, email, blogs, YouTube, Facebook, and the like, over the first two decades of this century. For movement scholars, more important than the new digital technologies themselves are their consequences for social movements and protest. To be sure, there is no shortage of fodder for theoretical and empirical questioning. Not only has social media been ascribed a pivotal role in the coordination of rapid, massive, and – in some cases – revolutionary mobilizations in geopolitical contexts as diverse as Iran, Moldova, and Tunisia, but they lend new meaning to the iconic phrase<jats:italic>the whole world is watching</jats:italic>as actors broadcast events in real time to international audiences. Through the variety of available, easy to use designs, social media enable novel forms of one‐to‐many and many‐to‐many communication that reveal surprising contours of an evolving virtual public sphere. By altering the communication landscape these technologies are changing the terrains of contentious politics. They broadly call into question long‐standing assumptions about social movements.</jats:p>",,,1,3,Social media; Variety (cybernetics); Social movement; Public sphere; Politics; Media studies; Political science; Sociology; Public relations; Computer science; Law; Artificial intelligence,,,,,,http://dx.doi.org/10.1002/9780470674871.wbespm487.pub2,,10.1002/9780470674871.wbespm487.pub2,,,0,033-943-889-313-723; 036-939-028-795-414; 058-649-011-288-945; 070-920-567-420-390; 074-301-114-189-168,1,false,,
092-403-812-756-860,Social Media,2017-09-22,2017,book chapter,The Routledge Companion to Consumer Behavior,,Routledge,,Ashlee Humphreys,"This chapter outlines the conceptual foundations of social media and then provides an overview of consumer behavior pertaining to social media. It explores how social media informs studies of the self, social influence, and consumer communities. Social media has some traits associated with interpersonal communication, yet it also shares other traits with mass communication. Social media usually, although not necessarily, involves the use of digital technology to facilitate the kind of public or semi-public communication. Affordances are aspects of a particular social media platform that enable some behaviors and constrain others. To systematically study affordances, researchers have outlined six attributes of social media: social presence, temporal structure, media richness, permanence, replicability, and mobility. Publics are different from communities in that they are based on a shared focus rather than interpersonal connections, are structured by affect rather than discussion and deliberation, and are driven by a logic of visibility and publicity rather than identity.",,,363,379,Social media; Computer science; World Wide Web,,,,,,http://dx.doi.org/10.4324/9781315526935-23,,10.4324/9781315526935-23,,,0,,2,false,,
092-656-762-696-016,"Social Media, Sociality, and Survey Research: Hill/Social - Social Media, Sociality, and Survey Research: Hill/Social",2013-09-30,2013,book,,,Wiley,,Craig A. Hill; Elizabeth Dean; Joseph Murphy,,,,,,Sociology; Survey research; Sociality; Anthropology; Social science; Social media,,,,,http://doi.wiley.com/10.1002/9781118751534,http://dx.doi.org/10.1002/9781118751534,,10.1002/9781118751534,2477892215,,0,,42,false,,
092-841-641-966-723,Social media,,2014,book chapter,Small Business Marketing,,Macmillan Education UK,,Ian Chaston,,,,164,184,Social media; Sociology; Computer science; World Wide Web,,,,,,http://dx.doi.org/10.1007/978-1-137-32601-0_9,,10.1007/978-1-137-32601-0_9,,,0,003-124-964-660-593; 005-504-016-119-999; 012-356-947-318-146; 025-293-399-226-836; 026-832-841-620-411; 030-640-276-756-030; 033-110-856-403-021; 034-512-170-368-311; 036-231-434-293-010; 041-154-933-740-676; 046-764-924-514-458; 048-539-369-052-558; 048-763-929-477-009; 051-233-965-244-720; 052-002-840-598-857; 056-870-888-187-876; 061-102-878-994-18X; 061-394-246-867-972; 096-088-029-797-482; 098-408-957-664-589; 119-810-845-086-409; 144-079-074-787-990; 164-921-377-129-554; 167-886-202-374-927; 178-321-479-744-776; 189-431-505-070-848,0,false,,
092-922-442-172-191,Social Media,,2011,book,,,"The Rowman & Littlefield Publishing Group, Inc.",,,"<JATS1:p>Within the past ten years, social media such as Twitter, Facebook, MySpace, YouTube, Flickr, and others have grown at a tremendous rate, enlisting an astronomical number of users. Social media have inevitably become an integral part of the contemporary classroom, of advertising and public relations industries, of political campaigning, and of numerous other aspects of our daily existence.</JATS1:p>;           <JATS1:p>Social Media: Usage and Impact, edited by Hana S. Noor Al-Deen and John Allen Hendricks, provides a comprehensive and scholarly analysis of social media. Designed as a reader for upper-level undergraduate and graduate level courses, this volume explores the emerging role and impact of social media as they evolve. The contributors examine the implementation and effect of social media in various environments, including educational settings, strategic communication (often considered to be a merging of advertising and public relations), politics, and legal and ethical issues. All chapters constitute original research while using varied research methodologies for analyzing and presenting information about social media.</JATS1:p>;           <JATS1:p>Social Media: Usage and Impact is a tremendous source for educators, practitioners (such as those in advertising, PR, and media industries), and librarians, among others. This collection is an essential resource for any media technology course. With the rapid proliferation and adoption of social media, it is a juggernaut that must be addressed in the higher education curriculum and research.</JATS1:p>",,,,,Social media; Sociology; Computer science; World Wide Web,,,,,,http://dx.doi.org/10.5040/9781978732124,,10.5040/9781978732124,,,0,,2,false,,
093-334-755-633-089,Social Media Risk and the Law - Privacy in social media,2021-07-27,2021,book chapter,Social Media Risk and the Law,,Routledge,,Susan Grantham; Mark Pearson,,,,91,102,Internet privacy; Sociology; Social media,,,,,http://dx.doi.org/10.4324/9781003180111-12,http://dx.doi.org/10.4324/9781003180111-12,,10.4324/9781003180111-12,3183934550,,0,,0,false,,
093-895-836-715-473,Social Media,2014-05-01,2014,dissertation,,,San Jose State University Library,,William Kelly,,,,,,Social media; Sociology; Computer science; World Wide Web,,,,,,http://dx.doi.org/10.31979/etd.323v-8wt9,,10.31979/etd.323v-8wt9,,,0,,2,false,,
094-009-602-064-994,Student attitudes on social media and perception of instructor social media use.,,,dissertation,,,University of Louisville,,Abi Mathew John,"The purpose of this study is to understand what student attitudes are toward using social media in the classroom and if those attitudes influenced how they perceive instructors using social media in the classroom. Implementing a mixed method approach, this study conducted focus groups to gain an in-depth understanding of what student attitudes were and why they held those ideas. A survey was then distributed to the students’ in a Midwestern University to see if there was a relationship between students attitudes and their perceptions of instructors who use social media. Results showed that students do hold a positive attitude toward using social media if the participation was voluntary. The survey results showed only certain items (such as voluntariness and proficiency) moderately correlated with the perception of the instructor. Implications of the results as well as the limitations and potential for future research are discussed.",,,,,Political science; Perception; Voluntariness; Survey result; Positive attitude; Social media; Focus group; Applied psychology; Social psychology; Theory of planned behavior,,,,,https://ir.library.louisville.edu/cgi/viewcontent.cgi?article=3841&context=etd https://ir.library.louisville.edu/etd/2647/,http://dx.doi.org/10.18297/etd/2647,,10.18297/etd/2647,2760747816,,0,,0,true,,bronze
094-020-247-078-44X,Social Media,2019-11-07,2019,book chapter,Handwörterbuch des politischen Systems der Bundesrepublik Deutschland,,Springer Fachmedien Wiesbaden,,Christoph Bieber,,,,1,5,Political science; Humanities; Art,,,,,,http://dx.doi.org/10.1007/978-3-658-23670-0_148-1,,10.1007/978-3-658-23670-0_148-1,,,0,078-863-120-928-078; 164-233-751-793-174,0,false,,
094-031-946-755-159,Social Science with Social Media,,,dissertation,,,,,Scott Andrew Golder,,,,,,Sociology; Social psychology (sociology); Medical sociology; Social science; Social epistemology; Social complexity; Social philosophy; Social science education; Outline of social science; Social network,,,,,http://www.ecommons.cornell.edu/handle/1813/51566 https://ecommons.cornell.edu/bitstream/handle/1813/51566/Golder_cornellgrad_0058F_10238.pdf?sequence=1&isAllowed=y,http://dx.doi.org/10.7298/x4nv9gcx,,10.7298/x4nv9gcx,2762149951,,0,008-470-736-718-072; 021-807-585-452-837; 036-493-306-521-859; 040-050-765-801-00X,7,false,,
094-090-875-655-23X,Social Media,2020-12-29,2020,book chapter,Introduction to Positive Media Psychology,,Routledge,,Arthur A. Raney,,,,105,121,Social media; Sociology; Computer science; World Wide Web,,,,,,http://dx.doi.org/10.4324/9780429353482-7,,10.4324/9780429353482-7,,,0,050-716-829-482-548,0,false,,
094-092-403-252-28X,Social Media,2019-02-08,2019,book chapter,The World of The Walking Dead,,Routledge,,Matthew Freeman,,,,62,84,Social media; Sociology; Computer science; World Wide Web,,,,,,http://dx.doi.org/10.4324/9780203731147-4,,10.4324/9780203731147-4,,,0,,0,false,,
094-261-499-062-943,LibGuides: Jackson/Social Media/Social Media History: Databases,2018-10-30,2018,libguide,,,,,Ann Haber,,,,,,Sociology; Media studies; Social media,,,,,https://woodward.libguides.com/socialmedia/databases,https://woodward.libguides.com/socialmedia/databases,,,2945819536,,0,,0,false,,
094-899-225-680-499,Impact of Social Media on Communication and Business - Social Media and Information Sharing,,,book chapter,Impact of Social Media on Communication and Business,,IGI Global,,Bu Zhong,,,,1160,1682,Internet privacy; Business; Information sharing; Social media; Social media optimization; Media relations,,,,,,http://dx.doi.org/10.4018/978-1-4666-9518-4.les2,,10.4018/978-1-4666-9518-4.les2,2499488713,,0,,0,false,,
095-504-504-809-731,Social media and social relationships,2016-09-13,2016,book chapter,Social Media in Industrial China,,UCL Press,,,,,,97,126,Social media; Sociology; Computer science; World Wide Web,,,,,,http://dx.doi.org/10.2307/j.ctt1g69xtj.9,,10.2307/j.ctt1g69xtj.9,,,0,,2,true,cc-by-nc-nd,hybrid
095-518-136-281-685,LibGuides: Social Media to Promote Research: Graphics for Social Media,2018-03-06,2018,libguide,,,,,Michelle Dalton,This guide shows examples of how you can use social media tools and networks to promote your research,,,,,World Wide Web; Sociology; Graphics; Social media,,,,,https://libguides.ucd.ie/socialmedia/graphics,https://libguides.ucd.ie/socialmedia/graphics,,,3192507518,,0,,0,false,,
095-557-024-953-530,Social Media,2017-01-20,2017,book chapter,The Routledge Handbook of Pragmatics,,Routledge,,Francisco Yus,"This chapter devotes precisely to the constraints that social media impose on traditional pragmatic research. Pragmatics studies the role of context when humans fill the gap between what is said and what is meant, and between what is listened to and what is interpreted. Crucial for social media is the fact that the characteristics of the different applications and environments for Internet communication and interaction. &quot;Social media&quot; is, precisely, a very generic label applied to all of these socially connoted uses of Internet communication. Herring defines social media as Web-based platforms that incorporate user-generated content and social interaction, often alongside or in response to structures and/or content provided by the sites themselves. The foundation of social media is the new discourses that, unlike the newspaper or the advertisement, have not been imported from their offline counterparts.",,,550,562,Social media; Sociology; Computer science; World Wide Web,,,,,,http://dx.doi.org/10.4324/9781315668925-39,,10.4324/9781315668925-39,,,0,057-649-893-794-404,8,false,,
096-105-040-931-55X,Social Media,2022-02-12,2022,book chapter,Encyclopedia of Big Data,,Springer International Publishing,,Dimitra Dimitrakopoulou,,,,835,839,Social media; Sociology; Political science; Computer science; World Wide Web,,,,,,http://dx.doi.org/10.1007/978-3-319-32010-6_186,,10.1007/978-3-319-32010-6_186,,,0,085-287-152-436-327; 164-233-751-793-174; 191-690-839-292-959,0,false,,
096-317-461-099-954,Social Media,,2013,book,,,University Press of America,,,"<JATS1:p>Social Media: Pedagogy and Practice examines how interactive technologies can be applied to teaching, research and the practice of communication. This book demonstrates how social media can be utilized in the classroom to build the skillsets of students going into journalism, public relations, integrated marketing, and other communications fields.</JATS1:p>",,,,,,,,,,,http://dx.doi.org/10.5040/9780761892663,,10.5040/9780761892663,,,0,,0,false,,
096-594-748-009-755,Social Media Warfare - 15 Monitoring Social Media Warfare Threats,2017-05-25,2017,book chapter,Social Media Warfare,,CRC Press,,Michael Erbschloe,,,,265,278,Business; Computer security; Social media,,,,,,http://dx.doi.org/10.1201/9781315232072-16,,10.1201/9781315232072-16,2617405433,,0,,0,false,,
096-646-041-091-865,LibGuides: Social Media: Social Media and Your Job Search,2017-07-27,2017,libguide,,,,,Reena Narain,,,,,,Information technology; Sociology; Media studies; Social media,,,,,http://wsi.tafensw.libguides.com/social-media/job-search,http://wsi.tafensw.libguides.com/social-media/job-search,,,2911668515,,0,,0,false,,
096-706-466-726-426,Social Media,2019-07-01,2019,book chapter,An Editor's Guide to Writing and Publishing Science,,Oxford University Press,,Michael Hochberg,"<p>;                   <italic>Email, blogs, interviews, podcasts, Facebook, Twitter, conferences … are only a few of the many ways scientists communicate with each other, with institutions, journalists and the media, and the public. The ease of use and free access to social media mean that information can spread rapidly and to a massive audience. This chapter discusses how social media and networking can be employed to your advantage and some possible traps to avoid.</italic>;                </p>",,,218,222,Social media; Internet privacy; Social media optimization; Media studies; Sociology; World Wide Web; Political science; Public relations; Computer science,,,,,,http://dx.doi.org/10.1093/oso/9780198804789.003.0029,,10.1093/oso/9780198804789.003.0029,,,0,,0,false,,
097-259-498-293-383,Social Media and the news : social media interaction patterns on news sites,,2015,,,,,,Merja Drake,,,,,,Sociology; Media studies; Social media,,,,,http://www.theseus.fi/handle/10024/144275 https://www.theseus.fi/handle/10024/144275,https://www.theseus.fi/handle/10024/144275,,,2802332143,,0,,0,false,,
097-330-225-802-807,Social Media and Social Class,2018-05-04,2018,journal article,American Behavioral Scientist,00027642; 15523381,SAGE Publications,United States,Simeon Yates; Eleanor Lockley,"Background:This article explores the relationship between social class and social media use and draws on the work of Pierre Bourdieu in examining class in terms of social, economic, and cultural capital. The article starts from a prior finding that those who predominantly only use social media formed a higher proportion of Internet users from lower socioeconomic groups. Data: The article draws on data from two nationally representative U.K. surveys, the OfCom (Office of Communications) Media Literacy Survey (n ≈ 1,800 per annum) and the Department of Digital, Culture, Media and Sport’s Taking Part Survey (n ≈ 10,000 per annum). Methods: Following Yates, Kirby, and Lockley, five types of Internet behavior and eight types of Internet user are identified utilizing principal components analysis and k-means clustering. These Internet user types are then examined against measures of social, economic, and cultural capital. Data on forms of cultural consumption and digital media use are examined using multiple correspondence analysis. Findings: The article concludes that forms of digital media use are in correspondence with other social, cultural, and economic aspects of social class status and contemporary social systems of distinction.",62,9,1291,1316,The Internet; Social class; Sociology; Digital media; Social system; Cultural capital; Social science; Social media; Social capital; Media literacy,,,,,http://journals.sagepub.com/doi/10.1177/0002764218773821 https://pubag.nal.usda.gov/catalog/6209684 https://journals.sagepub.com/doi/10.1177/0002764218773821 https://shura.shu.ac.uk/18741/ https://livrepository.liverpool.ac.uk/3017154/ https://core.ac.uk/display/151170673 https://core.ac.uk/download/pdf/151170673.pdf,http://dx.doi.org/10.1177/0002764218773821,,10.1177/0002764218773821,2792024783,,0,001-795-640-653-56X; 004-720-729-405-549; 005-372-474-712-405; 007-279-429-136-310; 011-807-416-516-489; 019-717-010-211-070; 022-787-900-649-113; 024-940-629-243-589; 027-717-532-834-662; 029-785-998-446-247; 030-177-538-325-897; 030-336-959-693-984; 031-021-398-492-778; 031-716-351-502-124; 034-784-448-703-372; 037-118-855-628-431; 044-556-168-236-763; 058-693-907-085-428; 059-644-507-232-834; 061-685-817-773-540; 061-766-986-316-652; 068-156-749-416-47X; 068-562-219-185-006; 071-306-251-580-618; 072-201-632-719-13X; 072-599-887-229-004; 073-247-005-319-751; 074-448-358-336-87X; 080-735-180-107-584; 082-229-530-857-678; 091-739-407-826-717; 094-797-724-860-542; 102-415-918-152-781; 106-995-708-489-801; 119-664-156-603-48X; 122-055-809-236-440; 126-535-357-410-660; 129-553-053-945-664; 130-857-972-334-678; 148-709-491-231-730; 151-287-062-754-585; 179-228-983-368-941; 194-847-017-170-866,59,true,,green
097-339-914-615-75X,Social Media and Local Governments - Social Media and Local Governments,,2016,book,Public Administration and Information Technology,25121812; 25121839,Springer International Publishing,,Mehmet Zahid Sobaci,,,,,,Political economy; Political science; Economic growth; Social media,,,,,https://link.springer.com/10.1007/978-3-319-17722-9,http://dx.doi.org/10.1007/978-3-319-17722-9,,10.1007/978-3-319-17722-9,2493431556,,0,,17,false,,
097-400-871-068-88X,Social Media and Journalism: Journalists and Media Outlets’ Use of Social Media Networks in Ethiopia,2015-06-01,2015,dissertation,,,,,Ameyu Etana,,,,,,Journalism; Political science; Media studies; Social media,,,,,,,,,2937414005,,0,,0,false,,
097-467-177-053-393,Social Media and Social Media for Social Change: A Critical Review,2025-02-27,2025,journal article,International Journal of Science and Research (IJSR),23197064,International Journal of Science and Research,,Sonia Verma,"Social media has emerged as a powerful force in shaping modern society, providing a platform for communication, networking, and information sharing. This paper will delve into the multifaceted impact of social media on society, specifically focusing on its effects on the education of the young generation, their exposure to diverse societal perspectives, and the implications for personal relationships. The findings reveal that while social media serves as an important tool for communications, education, and global awareness, it simultaneously poses significant challenges, including mental health issues, cyberbullying, and a propensity for misinformation. The analysis highlights the urgent need for a balanced approach to social media usage. Educational initiatives can empower young users to navigate these platforms responsibly.",14,2,510,513,Social media; Social change; Sociology; Political science; Computer science; World Wide Web; Law,,,,,https://www.ijsr.net/archive/v14i2/SR25206223047.pdf https://doi.org/10.21275/sr25206223047,http://dx.doi.org/10.21275/sr25206223047,,10.21275/sr25206223047,,,0,,0,true,cc-by,gold
097-533-880-026-832,Branding in Social Media and the Impact of Social Media on Brand Image,,2019,dissertation,,,,,Masud Rana Chowdhury; Manirul Islam,,,,,,Advertising; Business; International business; Brand image; Social media,,,,,https://nordopen.nord.no/nord-xmlui/bitstream/11250/2650032/1/ChowdhuryogIslam.pdf,https://nordopen.nord.no/nord-xmlui/bitstream/11250/2650032/1/ChowdhuryogIslam.pdf,,,3029343442,,0,,0,false,,
097-539-491-170-504,Social Computing and Social Media,,2024,book,Lecture Notes in Computer Science,03029743; 16113349,Springer Nature Switzerland,Germany,International Conference on Social Computing and Social Media 2024 Washington; Adela Coman; Simona Vasilache; DC; Online HCI International Conference 2024 Washington,,,,,,Computer science; Social media; Social computing; Data science; World Wide Web,,,,,https://link.springer.com/content/pdf/bfm:978-3-031-61305-0/1 https://doi.org/10.1007/978-3-031-61305-0,http://dx.doi.org/10.1007/978-3-031-61305-0,,10.1007/978-3-031-61305-0,,,0,,0,true,,bronze
097-616-549-331-865,Social Media,2015-09-25,2015,book chapter,Headlines from the Holy Land,,Palgrave Macmillan,,,,,,,,Social media; Sociology; Computer science; World Wide Web,,,,,,http://dx.doi.org/10.1057/9781137395139.0011,,10.1057/9781137395139.0011,,,0,,0,false,,
097-682-916-446-193,Social proof in social media,,2025,journal article,Social Sciences,27100820,Azerbaijani National Academy of Sciences,,Arif Ali-zade,,,2,213,213,,,,,,https://doi.org/10.59849/2710-0820.2025.2.213,http://dx.doi.org/10.59849/2710-0820.2025.2.213,,10.59849/2710-0820.2025.2.213,,,0,,0,true,,bronze
097-739-794-621-751,"The Social Media Management Chain, How Social Media Influences Traditional Media",2012-12-29,2012,book chapter,Handbook of Social Media Management,,Springer Berlin Heidelberg,,Mike Friedrichsen; Wolfgang Mühl-Benninghaus,"Digitization and Web 2.0 have brought about continuous change from traditional media management to new strategic, operative and normative management options. Social media management is on the agenda of every media company, and requires a new set of specialized expertise on digital products and communication. At the same time, social media has become a vibrant field of research for media economists and media management researchers. In this handbook, international experts present a comprehensive account of the latest developments in social media research and management, consistently linking classical media management with social media. The articles discuss new theoretical approaches as well as empirical findings and applications, yielding an interesting overview of interdisciplinary and international approaches. The book’s main sections address forms and content of social media; impact and users; management with social media; and a new value chain with social media. The book will serve as a valuable reference work for researchers, students and professionals working in media and public relations.",,,3,6,Sociology; Work (electrical); Value (ethics); Digitization; Field (Bourdieu); Public relations; Normative; Social media; Media management; Media relations,,,,,https://rd.springer.com/chapter/10.1007/978-3-642-28897-5_1 https://link.springer.com/chapter/10.1007/978-3-642-28897-5_1,http://dx.doi.org/10.1007/978-3-642-28897-5_1,,10.1007/978-3-642-28897-5_1,2151317704,,0,,0,false,,
097-743-512-266-061,Boards and social media: the institutionalization of corporate social media policy,2022-06-10,2022,journal article,Journal of Communication Management,1363254x; 14780852,Emerald,United Kingdom,Shawna Porter; Trevor Hunter,"<jats:sec><jats:title content-type=""abstract-subheading"">Purpose</jats:title><jats:p>The authors' work examines whether coercive forces in the general regulatory environment lead to similarity in social media policy across industries and if memetic forces of industry-specific values and norms lead to greater similarity of social media policy within industries.</jats:p></jats:sec><jats:sec><jats:title content-type=""abstract-subheading"">Design/methodology/approach</jats:title><jats:p>Corporate social media policies were analyzed using a convergent parallel mixed method design to assess and identify themes and similarities. Using an institutional theory lens, this paper examines whether coercive forces in the general regulatory environment lead to similarities in social media policies across industries, and if mimetic forces from industry-specific norms lead to greater similarity of social media policies within industries. Findings suggest that industry-specific, institutional field-level mimetic forces have a greater effect on social media policy isomorphism than environmental-level coercive forces. This study represents the first assessment of corporate social media policies across organizations and industries.</jats:p></jats:sec><jats:sec><jats:title content-type=""abstract-subheading"">Findings</jats:title><jats:p>Findings suggest that industry-specific, institutional field-level mimetic forces have a greater effect on social media policy isomorphism than environmental-level coercive forces.</jats:p></jats:sec><jats:sec><jats:title content-type=""abstract-subheading"">Research limitations/implications</jats:title><jats:p>Limitations related to sampling were primarily related to policy collection. To deal with these limitations, the sample was planned to allow for the inclusion of both randomly selected North American companies from the Fortune 500 list and another random selection of 35 companies from within a convenience sample of 100 North American firms who had a publicly available social media policy online.</jats:p></jats:sec><jats:sec><jats:title content-type=""abstract-subheading"">Practical implications</jats:title><jats:p>The authors' research speaks to management, directors and researchers who work with policy, governance or risk management as the authors demonstrate the effect regulatory and normative institutions have on social media policies: stakeholders within and without given industries are forcing firms to develop legitimacy-providing social media policies by penalizing those that do not. The authors' findings demonstrate that firms respond to the 21st Century potential corporate risk of unsanctioned social media communications by developing corporate social media policies with similar themes. By identifying the themes common in corporate social media policies, the authors have identified best practices constituting a risk mitigation tool for boards.</jats:p></jats:sec><jats:sec><jats:title content-type=""abstract-subheading"">Originality/value</jats:title><jats:p>The authors' approach is innovative in focus and approach. First, using an institutional theory lens, the authors assess the influence of regulatory and memetic forces on social media policies as a formal structure within an institutional field. Second, the authors' approach includes the first major assessment of North American social media policies across a wide array of organizations and industries, adding to understanding about approaches currently used to manage increased social media use in the workplace.</jats:p></jats:sec>",26,3,254,270,Isomorphism (crystallography); Institutional theory; Institutionalisation; Social media; Public relations; Business; Sociology; Marketing; Political science; Social science; Law; Chemistry; Crystal structure; Crystallography,,,,,,http://dx.doi.org/10.1108/jcom-06-2021-0066,,10.1108/jcom-06-2021-0066,,,0,000-284-261-840-620; 001-747-888-525-565; 002-646-856-815-596; 003-295-912-302-133; 011-065-241-968-941; 014-212-558-509-782; 015-271-876-692-523; 018-868-393-456-818; 019-343-143-808-512; 019-466-894-150-010; 021-428-906-840-794; 028-428-549-928-193; 040-221-934-349-207; 042-691-582-991-106; 043-167-947-867-139; 043-546-259-068-085; 064-601-653-381-628; 074-435-124-002-081; 078-108-465-963-590; 089-039-278-099-744; 090-859-875-138-229; 099-753-406-384-47X; 102-310-045-217-097; 106-619-997-653-532; 115-482-499-323-938; 125-445-007-554-837; 132-915-301-871-128; 149-727-248-837-607; 183-062-821-189-796,0,false,,
097-873-328-462-420,Social Media and Social Comparison,,,,,,,,Justin T. Buckingham; Fernanda C. Andrade,,,,,,Sociology; Social comparison theory; Social media; Social psychology,,,,,https://osf.io/nugt9/,http://dx.doi.org/10.17605/osf.io/nugt9,,10.17605/osf.io/nugt9,3114755186,,0,,0,false,,
097-901-658-177-070,Social media.,,2011,letter,The American journal of nursing,15387488; 0002936x,Lippincott Williams and Wilkins,United States,Susan Lindsay Mello,"My compliments to AJN on its new technology column, iNurse. For the uninitiated, new technology is often confusing and intimidating. iNurse is a welcome guide that helps nurses understand and keep pace with the ever-changing technology that is an inevitable part of our lives, both personal and professional. I particularly appreciated Megen Duffy's April column, ""Facebook, Twitter, and LinkedIn, Oh My!"" Ms. Duffy astutely notes that in today's world social media is ""inescapable,"" and her description of three of the most popular networks provides a user-friendly introduction to nurses not yet versed in the workings of social media. I'm by no means a social media expert, having just joined LinkedIn at the urging of a career counselor, but I was disappointed to read a recent article in another nursing publication that characterized social networking as ""bad"" for nurses and cautioned them not to use it to connect with employers or supervisors. Granted, when used carelessly and inappropriately, social media can cause problems; however, when using common sense and adhering to professional ethics, nurses will find that the communication and networking benefits provided by social media clearly have an enormous potential to support and enhance nursing practice. I look forward to more iNurse columns—especially one that explores the more than 50 social networks that cater specifically to nurses and nursing subspecialties. Susan Lindsay Mello, MPH, MA, RN Cambridge, MA For more letters from AJN readers, go to https://links.lww.com/AJN/A30.",111,10,13,13,Social media; Pace; Psychology; Internet privacy; Sociology; Public relations; Computer science; World Wide Web; Political science; Geodesy; Geography,,Humans; Nurses; Social Support; United States,,,,http://dx.doi.org/10.1097/01.naj.0000406402.03766.a5,21955893,10.1097/01.naj.0000406402.03766.a5,,,0,,0,false,,
098-014-488-358-666,Social Media as a Public Sphere? Politics on Social Media,2017-10-27,2017,journal article,The Sociological Quarterly,00380253; 15338525,Informa UK Limited,United States,Lisa M. Kruse; Dawn R. Norris; Jonathan R. Flinchum,"ABSTRACTSocial media platforms are popular sites, attracting millions of users who connect digitally. This has prompted some to argue that social media has promoted the return of Habermas’s ([1989] 1991) public sphere. We use data from in-depth interviews with Millennials and Generation Xers to refute this claim. Specifically, our results suggest that respondents do not engage in communicative action typical of the public sphere because they avoid political discourse online. Three factors influence this: (1) fear of online harassment and workplace surveillance; (2) engagement only with politically similar others; and (3) characterization of social media as a place for “happy” interactions. In addition, we find that these three factors interrelate, often sequentially, and we explore similarities and minor differences between Millennials and Generation Xers regarding each factor.",59,1,62,84,Sociology; Communicative action; Public sphere; Minor (academic); Online harassment; Public relations; Social media; Politics; Civil discourse,,,,University of Wisconsin-La Crosse,https://www.tandfonline.com/doi/ref/10.1080/00380253.2017.1383143 https://www.tandfonline.com/doi/full/10.1080/00380253.2017.1383143 https://doi.org/10.1080%2F00380253.2017.1383143,http://dx.doi.org/10.1080/00380253.2017.1383143,,10.1080/00380253.2017.1383143,2769338859,,0,004-348-190-361-272; 008-568-541-949-263; 010-083-014-353-851; 010-406-702-139-836; 014-813-666-174-725; 018-101-352-949-09X; 021-654-627-915-701; 023-741-046-288-605; 035-749-963-813-827; 037-269-681-043-502; 038-914-528-451-863; 039-606-657-990-97X; 040-508-886-461-429; 045-568-850-764-950; 053-123-655-648-91X; 056-373-555-434-050; 056-999-656-921-83X; 057-658-994-872-867; 065-947-307-056-050; 067-881-663-502-639; 067-907-728-257-412; 072-966-768-611-376; 073-401-617-870-096; 078-863-120-928-078; 079-263-975-074-765; 082-368-020-720-073; 086-633-355-958-227; 089-405-102-044-755; 090-399-455-592-148; 091-220-847-854-411; 094-219-937-830-094; 110-678-021-219-552; 112-901-631-271-018; 115-749-818-724-051; 117-450-203-154-044; 131-482-086-978-426; 153-836-838-884-136; 155-355-778-104-649; 160-951-582-726-413; 166-968-590-450-006; 167-738-828-795-577; 187-459-241-430-230; 193-845-136-300-138,124,false,,
098-178-824-505-962,Social Media and Social Networking,2017-06-29,2017,book chapter,The Information Retrieval Series,13875264,Springer International Publishing,,Chirag Shah,"Information can travel at the speed of light, and social media and social networking services make it possible to actually deliver that information at lightning speed to and for billions of people around the planet. This chapter introduces these two concepts, along with various services that facilitate them and a number of issues stemming from their introduction and use. The chapter first describes how social media and social networking services and systems are defined and studied. In doing so, it points out how being social—something that is fundamental to humankind—has taken shape in the online world. The chapter then dives deeper into some of the issues introduced by and studied within the context of social media/networking. These include privacy, identity construction, impression making, communication, social capital, knowledge sharing, access, and digital inequality.",,,29,42,Internet privacy; Sociology; Knowledge sharing; Identity (social science); Social web; Social media; Social media optimization; Social capital; Social computing; Social engagement,,,,,https://link.springer.com/chapter/10.1007/978-3-319-56756-3_3 https://rd.springer.com/chapter/10.1007/978-3-319-56756-3_3,http://dx.doi.org/10.1007/978-3-319-56756-3_3,,10.1007/978-3-319-56756-3_3,2730561822,,0,003-919-392-776-783; 011-854-399-312-637; 013-494-510-969-87X; 014-163-355-620-992; 014-233-244-749-962; 014-750-799-330-730; 015-147-457-074-52X; 015-662-550-749-938; 022-582-178-172-40X; 024-186-665-573-356; 026-252-800-291-518; 027-565-392-964-763; 029-018-635-018-764; 036-795-720-183-019; 039-048-740-279-106; 053-776-308-450-376; 056-693-489-643-622; 056-892-977-767-423; 063-430-282-873-139; 063-617-773-169-306; 070-130-654-199-130; 072-372-122-494-678; 075-256-658-217-733; 077-392-449-587-577; 081-200-158-648-275; 083-925-625-829-149; 097-265-463-775-893; 097-566-386-219-63X; 101-257-036-636-883; 107-563-854-853-808; 107-593-649-104-207; 107-935-856-703-55X; 119-995-662-670-454; 121-971-922-532-177; 124-276-860-900-310; 126-098-725-972-729; 146-972-526-317-477; 155-525-177-393-923; 164-233-751-793-174; 173-326-024-908-093; 173-628-653-786-192,9,false,,
098-299-938-972-041,Social media ecology in an influencer group: Intersection between Fiji's media and social media,2024-07-01,2024,journal article,Pacific Journalism Review : Te Koakoa,23242035; 10239499,Auckland University of Technology (AUT) Library,New Zealand,Jope Tarai,"<jats:p>Social media use in Fiji has expanded in recent years and has become a ubiquitous feature in wider society. Social media ecology focusses and examines the dimensions of an online environment and its interplay with human experiences in user engagement. These dimensions with human experiences in user engagement, can provide an insight into how influential social media groups can become in shaping discourses and views. To examine and discuss the social media ecology of an influencer group, the article details one of Fiji’s largest and most influential online groups. To do this, the article uses digital ethnography, supplemented with social media analytics. This study provides key findings in the social media ecology of influencer groups and online behavior. These findings may have implications for further research in media, citizen journalism, viral content creation and online political campaigning.</jats:p>",30,1and2,140,151,Social media; Sociology; Media ecology; Media studies; Digital media; Journalism; Ecology; Social science; Public relations; Political science; Biology; Law,,,,,https://ojs.aut.ac.nz/pacific-journalism-review/article/download/1342/1716 https://doi.org/10.24135/pjr.v30i1and2.1342,http://dx.doi.org/10.24135/pjr.v30i1and2.1342,,10.24135/pjr.v30i1and2.1342,,,0,007-043-922-099-567; 010-880-486-494-822; 018-006-400-477-002; 024-596-922-671-830; 031-246-260-839-481; 038-870-258-439-677; 050-004-830-350-58X; 057-920-409-773-35X; 069-207-593-160-570; 105-459-844-213-222; 113-415-418-397-28X; 123-770-197-967-283; 144-464-254-485-528; 150-023-895-801-176; 150-610-278-619-519,0,true,cc-by-nc,gold
098-325-175-534-09X,Social Media,,2013,book chapter,Strategie und Marketing im Web 2.0,,Gabler Verlag,,Armin Heßler; Petra Mosebach,"„Social“ bedeutet, etwas Gemeinsames zu tun, zu interagieren, sich zu organisieren, auszutauschen, sich zu gruppieren, Ansichten mit anderen zu teilen, sich zu streiten usw. Dazu bedarf es einer Plattform bzw. eines geeigneten Mediums. „Social Media“ ist also eine technische Einrichtung, in der sich Menschen aufhalten, um etwas Gemeinsames zu tun. Das World Wide Web ermöglicht, gemeinschaftliches Handeln im virtuellen Raum zu organisieren, vollkommen unabhängig davon, an welchem physischen Ort sich die Teilnehmer aufhalten.",,,277,368,Humanities; Political science; Art,,,,,,http://dx.doi.org/10.1007/978-3-8349-4062-9_6,,10.1007/978-3-8349-4062-9_6,,,0,,0,false,,
098-330-335-217-963,Social media,2019-07-04,2019,book chapter,Digital Learning: The Key Concepts,,Routledge,,Frank Rennie; Keith Smyth,,,,134,135,Social media; Sociology; Psychology; Computer science; World Wide Web,,,,,,http://dx.doi.org/10.4324/9780429425240-179,,10.4324/9780429425240-179,,,0,,0,false,,
098-606-542-070-030,Social Media and Celebrities: The Benefits of a Social Media Presence,2015-05-12,2015,,,,,,Kristin Wright,,,,,,Advertising; Political science; Publicity; Entertainment; Social media; Media relations,,,,,https://digitalcommons.calpoly.edu/joursp/87/ https://digitalcommons.calpoly.edu/cgi/viewcontent.cgi?article=1093&context=joursp,https://digitalcommons.calpoly.edu/joursp/87/,,,857489948,,0,,0,false,,
098-829-794-717-812,Making Social Media More Social,2022-07-08,2022,book chapter,Research Anthology on Applying Social Networking Strategies to Classrooms and Libraries,,IGI Global,,Elia Trucks,"<jats:p>This chapter explores how academic libraries have used social media for broadcasting information, responsive communication, and engagement. Many libraries focus on the marketing aspect of social media, since it is a successful method of promoting events, services, and resources. However, exclusively using social media as a marketing tool ignores the best part of social media: the connections it fosters between people. The online community is just an extension of the in-person community that the academic library serves. This chapter examines the state of the literature on libraries' use of social media through the lens of increasing engagement and connections with the community as the key to successful social media.</jats:p>",,,1870,1885,Social media; Public relations; Social media optimization; Key (lock); Sociology; Social engagement; Focus (optics); Political science; World Wide Web; Computer science; Social science; Optics; Computer security; Physics,,,,,,http://dx.doi.org/10.4018/978-1-6684-7123-4.ch101,,10.4018/978-1-6684-7123-4.ch101,,,0,002-658-487-750-413; 004-682-190-174-518; 006-657-044-640-566; 017-491-089-621-459; 023-920-745-857-209; 027-058-737-022-610; 028-086-296-625-794; 029-786-963-655-772; 042-332-724-903-470; 044-840-370-990-848; 045-151-587-318-561; 053-412-201-998-895; 063-966-839-121-264; 070-134-752-220-675; 081-386-043-631-121; 081-822-465-608-325; 087-329-840-541-353; 089-774-575-454-694; 094-253-417-569-653; 095-471-766-933-013; 107-944-317-368-937; 114-053-493-519-997; 121-106-790-507-896; 127-383-163-284-148; 130-089-703-984-139; 131-335-720-969-392; 145-110-225-291-044,0,false,,
098-857-272-071-952,The Language of Social Media - The Language of Social Media,,2014,book,,,Palgrave Macmillan UK,,Philip Seargeant; Caroline Tagg,,,,,,Sociology; Media studies; Media linguistics; Social media,,,,,https://link.springer.com/10.1057/9781137029317,http://dx.doi.org/10.1057/9781137029317,,10.1057/9781137029317,2484606343,,0,,218,true,,green
099-059-551-242-072,Social Media,,2024,book chapter,Medienkompetenz bei Jugendlichen,,Springer Berlin Heidelberg,,Kathrin Habermann,,,,75,108,Social media; Sociology; Computer science; World Wide Web,,,,,,http://dx.doi.org/10.1007/978-3-662-70055-6_3,,10.1007/978-3-662-70055-6_3,,,0,002-092-223-397-281; 008-503-223-330-679; 025-271-384-564-536; 101-865-472-120-022; 104-263-716-759-940; 170-490-503-918-112,0,false,,
099-095-082-180-89X,Social Computing and Social Media,,2023,book,Lecture Notes in Computer Science,03029743; 16113349,Springer Nature Switzerland,Germany,Adela Coman; Simona Vasilache,,,,,,Computer science; Social media; Social computing; Data science; Multimedia; World Wide Web,,,,,https://link.springer.com/content/pdf/bfm:978-3-031-35915-6/1?pdf=chapter%20toc https://doi.org/10.1007/978-3-031-35915-6,http://dx.doi.org/10.1007/978-3-031-35915-6,,10.1007/978-3-031-35915-6,,,0,,0,true,,bronze
099-189-472-866-544,Social media for a social cause,2011-12-31,2011,journal article,Africa Renewal,25179829,United Nations Publications,,Kingsley Ighobor,"Julie Gichuru is an awardwinning Kenyan television journalist rated by Forbes business magazine in 2011 as one of the “20 youngest powerful women in Africa.” Ms. Gichuru has a reputation as an engaging TV host, stirring up her audience against corruption and sometimes poking fun at the vagaries of life.",25,4,3,4,Advertising; Sociology; Kenya; Corruption; Reputation; Social media,,,,,https://www.un-ilibrary.org/content/journals/25179829/25/4/1,http://dx.doi.org/10.18356/2b269a3c-en,,10.18356/2b269a3c-en,2549814137,,0,,1,false,,
099-436-197-124-444,Social Media Metrics — A Framework and Guidelines for Managing Social Media,2013-11-01,2013,journal article,Journal of Interactive Marketing,10949968; 15206653,SAGE Publications,United States,Kay Peters; Yubo Chen; Andreas M. Kaplan; Björn Ognibeni; Koen Pauwels,"Abstract Social media are becoming ubiquitous and need to be managed like all other forms of media that organizations employ to meet their goals. However, social media are fundamentally different from any traditional or other online media because of their social network structure and egalitarian nature. These differences require a distinct measurement approach as a prerequisite for proper analysis and subsequent management. To develop the right social media metrics and subsequently construct appropriate dashboards, we provide a tool kit consisting of three novel components. First, we theoretically derive and propose a holistic framework that covers the major elements of social media, drawing on theories from marketing, psychology, and sociology. We continue to support and detail these elements — namely ‘motives,’ ‘content,’ ‘network structure,’ and ‘social roles & interactions’ — with recent research studies. Second, based on our theoretical framework, the literature review, and practical experience, we suggest nine guidelines that may prove valuable for designing appropriate social media metrics and constructing a sensible social media dashboard. Third, based on the framework and the guidelines we derive managerial implications and suggest an agenda for future research.",27,4,281,298,Media system dependency theory; Digital media; Media Lab Europe's social robots; Social competence; Computer science; Social media; Social philosophy; Knowledge management; Social computing; Social network,Social media; Key performance indicators; Dashboard; Return on investment; Learning theory; Interactionist social theory; Network theory; Attribution theory; M-O-A paradigm,,,,https://ideas.repec.org/a/eee/joinma/v27y2013i4p281-298.html https://psycnet.apa.org/record/2013-42153-006 https://www.sciencedirect.com/science/article/pii/S109499681300042X http://crm.sem.tsinghua.edu.cn/UploadFiles/File/201404/20140402142356161.pdf http://www.sciencedirect.com/science/article/pii/S109499681300042X https://eresearch.ozyegin.edu.tr/bitstream/10679/365/3/Social%20Media%20Metrics-a%20framework%20and%20guidelines%20for%20managing%20social%20media.docx https://www.researchgate.net/profile/Koen_Pauwels2/publication/259143425_Social_Media_Metrics__A_Framework_and_Guidelines_for_Managing_Social_Media/links/54bce52d0cf29e0cb04c53e2.pdf https://eresearch.ozyegin.edu.tr/xmlui/handle/10679/365 https://core.ac.uk/display/67674490,http://dx.doi.org/10.1016/j.intmar.2013.09.007,,10.1016/j.intmar.2013.09.007,2070513048,,0,007-958-061-904-901; 008-065-210-453-904; 009-812-710-857-705; 011-070-925-251-905; 011-854-399-312-637; 012-173-094-872-919; 012-673-090-894-601; 014-081-933-500-142; 016-153-932-804-630; 019-427-754-479-082; 020-805-191-189-997; 023-534-654-805-555; 023-550-934-539-52X; 023-989-592-677-420; 025-553-831-737-159; 027-161-034-543-386; 027-218-296-714-899; 028-526-638-649-750; 028-850-532-821-342; 032-528-373-318-473; 034-512-170-368-311; 036-544-778-173-909; 037-133-098-669-214; 037-291-298-603-838; 037-577-649-602-890; 040-321-914-488-451; 040-886-852-896-422; 041-190-424-209-13X; 041-800-530-321-606; 042-178-112-531-343; 043-338-986-549-495; 045-781-540-711-274; 046-841-674-135-16X; 047-114-485-077-525; 048-080-116-934-783; 051-297-830-576-966; 054-075-616-196-204; 056-234-336-624-153; 060-503-403-172-79X; 063-884-020-980-694; 066-903-461-290-461; 067-368-265-059-136; 071-130-336-194-146; 072-802-607-739-511; 072-821-126-734-051; 074-193-739-012-551; 074-929-503-321-875; 076-480-603-477-004; 076-767-043-673-688; 076-881-161-729-186; 080-927-505-884-127; 081-279-772-432-364; 082-352-451-497-196; 086-022-664-885-321; 087-278-526-597-052; 089-021-875-183-519; 093-040-848-924-21X; 097-166-422-829-265; 099-481-603-248-665; 100-135-291-018-845; 100-613-380-741-502; 101-422-779-245-089; 103-807-709-431-361; 104-284-421-104-309; 110-125-636-285-513; 110-309-926-544-567; 110-407-909-758-386; 114-224-962-068-388; 115-577-300-840-316; 120-342-241-491-527; 121-391-384-411-915; 123-047-404-724-565; 124-440-274-080-315; 127-212-326-021-363; 128-364-102-841-29X; 134-115-618-621-757; 134-625-672-082-248; 144-518-727-935-092; 146-106-572-479-759; 162-508-105-039-123; 168-395-090-989-723; 169-595-817-667-42X; 171-112-914-025-317; 172-413-338-912-502; 181-853-282-069-880; 188-332-136-393-173,528,false,,
099-789-951-479-057,Social Media,2020-07-14,2020,book chapter,Reputation Management,,Routledge,,Deirdre Breakenridge,"Social media created the rise of the “citizen journalist” who has a voice without the journalist credentials. These bloggers and news influencers drive conversations and share information that people trust. Social media is a collection of websites, platforms and technology, that allows community members to create content, collaborate and share news and information, when and with whom they choose. Serving as channels of two-way conversations, social media offers the ability to engage with people. Companies wanting to master social media early on reverse engineered the communications process. They began with a focus less on their own messages handed down from the C-suite. Instead, they pivoted to what mattered the most to their audiences who were actively and openly sharing information in their social communities. The best approach to social media is to create an opportunity for passionate employee champions to accomplish their communication objectives in the various departments of a company.",,,114,139,Social media; Sociology; Computer science; World Wide Web,,,,,,http://dx.doi.org/10.4324/9781351235020-4,,10.4324/9781351235020-4,,,0,,0,false,,
099-831-206-351-754,Social Media,2020-04-28,2020,book chapter,Increasing the Impact of Your Research,,Routledge,,Jenny Grant Rankin,,,,20,42,Social media; Sociology; Computer science; World Wide Web,,,,,,http://dx.doi.org/10.4324/9780429345166-3,,10.4324/9780429345166-3,,,0,,0,false,,
100-137-863-334-237,Social Media,2023-08-04,2023,book chapter,Keywords in Technical and Professional Communication,,The WAC Clearinghouse; University Press of Colorado,,Liza Potts; Michael Trice,,,,273,279,Social media; Sociology; Computer science; World Wide Web,,,,,,http://dx.doi.org/10.37514/tpc-b.2023.1923.2.33,,10.37514/tpc-b.2023.1923.2.33,,,0,,0,true,cc-by-nc-nd,hybrid
100-295-550-387-091,Social Computing and Social Media,,2015,book,Lecture Notes in Computer Science,03029743; 16113349,Springer International Publishing,Germany,Gabriele Meiselwitz,,,,,,Computer science; Social media; Social computing; World Wide Web,,,,,,http://dx.doi.org/10.1007/978-3-319-20367-6,,10.1007/978-3-319-20367-6,,,0,,3,false,,
100-470-907-204-637,Social Media,2025-05-24,2025,book chapter,Clinical Considerations in School-based Health,,Springer Nature Switzerland,,Abigail Olympia; Jodi Brady-Olympia,,,,1071,1077,Sociology,,,,,,http://dx.doi.org/10.1007/978-3-031-85765-2_133,,10.1007/978-3-031-85765-2_133,,,0,003-397-194-034-919; 015-760-363-070-486; 046-702-796-706-792; 048-010-625-250-415; 079-570-804-899-308; 087-742-202-844-658; 189-567-394-665-787,0,false,,
100-571-154-898-410,"The Social Media Debate: Unpacking the Social, Psychological, and Cultural Effects of Social Media",2022-07-27,2022,journal article,Mass Communication and Society,15205436; 15327825,Informa UK Limited,United States,Jing Zhang; Yeling Xu,,26,3,535,537,Unpacking; Social media; Social psychology; Psychology; Sociology; Political science; Philosophy; Linguistics; Law,,,,Zhijiang Youth Project of Zhejiang Province Philosophy and Social Science Planning,,http://dx.doi.org/10.1080/15205436.2022.2101321,,10.1080/15205436.2022.2101321,,,0,017-417-343-768-670,0,false,,
100-687-239-889-315,Guides: Social Media for Researchers: Social Media @ UniSA,2019-05-25,2019,libguide,,,,,James Wilson,,,,,,Sociology; Media studies; Social media,,,,,https://guides.library.unisa.edu.au/Social-Media/AtUniSA,https://guides.library.unisa.edu.au/Social-Media/AtUniSA,,,3033187252,,0,,0,false,,
100-985-771-843-44X,Social or anti-social media?,,2015,,,,,,Toby Miller,,,,,,Sociology; Anti social; Social psychology,,,,,,,,,2961724510,,0,,0,false,,
101-558-424-884-458,Social Media,2018-06-13,2018,book chapter,Communication Technology Update and Fundamentals,,Routledge,,Rachel Stuart,"Social media has come to permeate almost every aspect of both our online and real-world experiences. The first listservs ‘ike CompuServe enabled the evolution of social media to multi-modal platforms like Facebook, Twitter, and Snapchat. Social media provide increased documentation and augmentation of our realities, while introducing issues surrounding privacy and identity. The maturation of social media has led to changes in how we interact with the leaders of the word and how we gather and disseminate news.",,,291,303,Social media; Sociology; Computer science; World Wide Web,,,,,,http://dx.doi.org/10.4324/9780203702871-24,,10.4324/9780203702871-24,,,0,,1,false,,
101-653-373-058-513,Social Media,2023-06-12,2023,book chapter,Political Activism in the Linguistic Landscape,,Channel View Publications,,,,,,64,64,Social media; Sociology; Computer science; World Wide Web,,,,,,http://dx.doi.org/10.2307/jj.22679692.21,,10.2307/jj.22679692.21,,,0,,0,false,,
101-685-233-290-675,The Social Media President - The Social Media President,,2013,book,,,Palgrave Macmillan US,,James E. Katz; Michael Barris; Anshul Jain,,,,,,Political science; Media studies; Public relations; Social media,,,,,https://link.springer.com/10.1057/9781137378354,http://dx.doi.org/10.1057/9781137378354,,10.1057/9781137378354,2489172980,,0,,50,false,,
101-970-313-488-035,Social Media,2024-02-08,2024,book chapter,The Complete Company Policies,,Routledge,,Ian Long,,,,133,142,Sociology,,,,,,http://dx.doi.org/10.4324/9781003258995-15,,10.4324/9781003258995-15,,,0,,0,false,,
102-027-968-987-678,Social marketing and social media,2011-12-01,2011,dissertation,,,,,Paul Taylor York,,,,,,Advertising; Sociology; Social marketing; Social media,,,,,http://athenaeum.libs.uga.edu/handle/10724/27858,http://athenaeum.libs.uga.edu/handle/10724/27858,,,2773454601,,0,,0,false,,
102-641-020-912-268,LibGuides. Spring Symposium on Social Media. Using Social Media.,2016-05-10,2016,,,,,,Matthew Regan,This guide provides resources to enhance understanding and encourage use of social media. Learn to use social media to enhance your life personally and professionally.,,,,,Sociology; Spring (hydrology); Media studies; Public relations; Social media,,,,,,,,,2606707152,,0,,0,false,,
102-724-853-739-280,Social Media,2025-06-17,2025,book chapter,Children's Literature and Culture,,Routledge,,Daniel Freeman,"This chapter discusses connections between children's literature and social media. Reading and teaching children's literature have been transformed by social media use and social media culture. Covering a brief history of social media use and development, this chapter explores how different social media help users communicate in different ways, and for different purposes. This chapter also focuses on online social movements that have occurred within the children's literature community and their relevance to issues teachers (and readers) face today, such as book banning movements and laws against teaching certain types of books.",,,295,308,Social media; Sociology; Computer science; World Wide Web,,,,,,http://dx.doi.org/10.4324/9781003438625-24,,10.4324/9781003438625-24,,,0,,0,false,,
102-789-068-166-349,"Social media, social justice and social change",,2019,book chapter,Social Media in Social Work Practice,,"SAGE Publications, Inc.",,,,,,133,146,Social justice; Social media; Social change; Sociology; Political science; Social psychology; Psychology; Criminology; Law,,,,,,http://dx.doi.org/10.4135/9781529714555.n8,,10.4135/9781529714555.n8,,,0,,0,false,,
102-815-019-302-70X,SOCIAL MEDIA,2021-03-09,2021,book chapter,Second Story,,University of Pittsburgh Press,,,,,,20,20,Sociology,,,,,,http://dx.doi.org/10.2307/j.ctv1g4rvgq.13,,10.2307/j.ctv1g4rvgq.13,,,0,,1,false,,
102-873-073-489-486,Social (and Anti-social) Media,2024-02-29,2024,book chapter,Improving University Mental Health,,Cambridge University Press,,Jane Morris,"Digital technology is ubiquitous in university life. It became indispensable during COVID as a means of delivering teaching and also therapy. University websites and intranets can be valuable repositories of respected health information, signposting and self-help resources, but these need to be kept up to date. There is still a generation gap in terms of being 'media savvy' and older people have different experiences online. Society is waking up to the relentless commercial interests driving our online interactions and the psychological conditioning involved. Society needs to protect young brains in particular from exploitation and harm. Long periods spent online mimic psychiatric disorders, by interfering with concentration, causing sleep deprivation, dysregulation, obsessional checking behaviours, body image dysphoria and abnormal interpersonal relations. Unmonitored content and algorithmic amplifications increase distress. Rising rates of deliberate self harm and suicide rates appear to be associated with online experience. Legal and institutional regulation is unlikely to occur without grass roots campaigning. Schools and families usually provides some protection and online safety education. This needs to be reinforced and revisited during the transition to university. Clinicians and others concerned about mental health or wellbeing should explicitly ask questions such as 'what's going on for you online?'",,,106,122,Social media; Sociology; Computer science; World Wide Web,,,,,,http://dx.doi.org/10.1017/9781911623847.009,,10.1017/9781911623847.009,,,0,000-048-178-788-257; 001-547-205-226-35X; 001-815-109-336-223; 007-440-175-285-655; 013-291-724-790-322; 024-942-920-326-290; 027-411-618-547-646; 033-713-884-026-262; 046-940-609-928-212; 061-458-809-374-929; 076-951-302-167-692; 122-540-089-941-748,0,false,,
103-014-718-088-008,Social Media Management | Social Media,2013-04-09,2013,,,,,,Jamie Cookson,"Social Link Up are a small internet marketing company based in Morecambe, Lancashire. Web Design, Social Media Management, SEO and more.",,,,,Advertising; Business; Online presence management; Public relations; Social media; Web design; Media management; Internet presence management; Social media optimization; Social computing; Digital marketing,,,,,,,,,1543679321,,0,,0,false,,
103-133-207-344-307,Social Computing and Social Media,,2025,book,Lecture Notes in Computer Science,03029743; 16113349,Springer Nature Switzerland,Germany,International Conference on Social Computing and Social Media 2025 Göteborg; Adela Coman; Simona Vasilache; International Conference on Human-Computer Interaction 2025 Göteborg,,,,,,Computer science; Social media; Social computing; Data science; World Wide Web,,,,,https://link.springer.com/content/pdf/bfm:978-3-031-93539-8/1 https://doi.org/10.1007/978-3-031-93539-8,http://dx.doi.org/10.1007/978-3-031-93539-8,,10.1007/978-3-031-93539-8,,,0,,0,true,,bronze
103-215-025-520-348,LibGuides: Social Media for Scientists/Scholars: What Are Social Media?,2011-08-26,2011,libguide,,,,,Tom A,"Provides an overview of social media, highlighting those intended specifically for scientists and scholars. Also describes CSHL's current social media presence.",,,,,Political science; Public relations; Social media; Social media optimization,,,,,https://cshl.libguides.com/c.php?g=474049&p=3243747,https://cshl.libguides.com/c.php?g=474049&p=3243747,,,2589774152,,0,,0,false,,
103-254-595-052-664,Social Media- The Not So Social Consequences,,2015,journal article,Indian Journal of Medical & Health Sciences,23479981; 24554294,"Red Flower Publication Private, Ltd.",,Ritu Nagar,,2,1,41,46,Social inertia; Social environment; Sociology; Social change; Social consequence; Social media; Social transformation; Social psychology; Social engagement,,,,,https://rfppl.co.in/view_abstract.php?jid=41&art_id=2166,http://dx.doi.org/10.21088/ijmhs.2347.9981.2115.6,,10.21088/ijmhs.2347.9981.2115.6,2342851662,,0,,0,false,,
103-575-937-315-899,Social media research symposium - social media research and research cycle,2015-06-22,2015,,,,,,Claudia Megele,This presentation discusses social media research and outlines the impact of social media on research and research cycle.,,,,,Political science; Presentation; Media studies; Social media,,,,,https://eprints.mdx.ac.uk/17768/,https://eprints.mdx.ac.uk/17768/,,,1941740164,,0,,0,false,,
103-604-737-927-225,Social Media in Politics - Social Media in Politics,,2014,book,Public Administration and Information Technology,25121812; 25121839,Springer International Publishing,,Bogdan Pătruţ; Monica Pătruţ,,,,,,Political science; Media studies; Social media; Politics,,,,,https://link.springer.com/10.1007/978-3-319-04666-2,http://dx.doi.org/10.1007/978-3-319-04666-2,,10.1007/978-3-319-04666-2,3143361325,,0,,18,false,,
103-803-866-569-585,Social Media,2019-12-17,2019,book chapter,Advanced Practice and Leadership in Radiology Nursing,,Springer International Publishing,,Saad A. Ranginwala,,,,313,318,Social media; Sociology; Computer science; Psychology; World Wide Web,,,,,,http://dx.doi.org/10.1007/978-3-030-32679-1_29,,10.1007/978-3-030-32679-1_29,,,0,018-465-475-183-01X; 020-344-437-755-786; 027-859-969-388-945; 029-176-151-184-655; 032-029-819-170-981; 032-545-567-892-793; 070-613-561-605-933; 084-666-608-763-726; 086-156-506-506-799; 102-529-402-818-250,0,false,,
103-872-257-182-456,Social Media,,2022,other,Sports Broadcasting,,Human Kinetics,,,"Phil Cole/Getty ImagesWhether it is statistics from a game or updates on team news, sports fans want the latest information immediately. To get that fix, many are turning to social media to get that up-to-the-second update. For sports broadcasters, this has given them a new way to both communicate w",,,163,180,Social media; Sociology; Computer science; Geography; World Wide Web,,,,,,http://dx.doi.org/10.5040/9781718235946.ch-011,,10.5040/9781718235946.ch-011,,,0,,0,false,,
103-947-685-057-794,LibGuides: Social Media: Social Media,2015-02-03,2015,,,,,,Leslie Sult,,,,,,Sociology; Media studies; Social media,,,,,,,,,1530699782,,0,,0,false,,
104-081-670-361-779,Impact of Social Media on Communication and Business - Social Media and News Industry,,,book chapter,Impact of Social Media on Communication and Business,,IGI Global,,Bu Zhong,,,,3864,5064,Advertising; Political science; Social media; News media; Media relations,,,,,,http://dx.doi.org/10.4018/978-1-4666-9518-4.les6,,10.4018/978-1-4666-9518-4.les6,2482379696,,0,,0,false,,
104-100-513-894-222,Social Media,2016-01-04,2016,other,The International Encyclopedia of Political Communication,,Wiley,,Jenny L. Davis,"<jats:title>Abstract</jats:title>;           <jats:p>Social media are defined as the set of interactive Internet applications that facilitate (collaborative or individual) creation, curation, and sharing of user‐generated content. They are an increasingly pervasive aspect of everyday life. One can view social media not as something separate from physical reality, but as an integral part of an interwoven social landscape. The prevalence of social media affects and is affected by numerous realms of personal and public life, including processes of identity, interpersonal relationships, and the political economy. Looking towards the future, social media research will examine the seamless ways in which digital technologies, bodies, and the social world intertwine while maintaining unique properties.</jats:p>",,,1,8,Everyday life; Social media; Sociology; Set (abstract data type); The Internet; Identity (music); Digital media; Politics; Internet privacy; World Wide Web; Computer science; Political science; Aesthetics; Art; Programming language; Law,,,,,,http://dx.doi.org/10.1002/9781118541555.wbiepc004,,10.1002/9781118541555.wbiepc004,,,0,024-186-665-573-356; 024-922-483-762-853; 027-565-392-964-763; 033-395-799-782-636; 035-044-290-853-524; 046-455-052-148-374; 057-386-372-253-192; 063-714-610-528-073; 077-392-449-587-577; 083-320-613-300-123; 111-202-532-123-459; 126-352-301-940-564; 164-233-751-793-174,16,false,,
104-106-551-157-618,All Web Pages: Social Media Connections: Social Media,2017-06-07,2017,libguide,,,,,Libby Ingram,,,,,,World Wide Web; Sociology; Web page; Social media,,,,,https://www.libguides.uams.edu/social-media/home,https://www.libguides.uams.edu/social-media/home,,,2799518263,,0,,0,false,,
104-393-253-047-677,Social Media WOM: How Social is Your Social Media?,2020-02-18,2020,,,,,,Nik Nikolov; Ismail Karabas,,,,,,Advertising; Sociology; Social media marketing; Social media,,,,,https://digitalcommons.kennesaw.edu/ama_proceedings/2019/SOCMEDMRKT_T17/5/ https://digitalcommons.kennesaw.edu/cgi/viewcontent.cgi?article=1420&context=ama_proceedings,https://digitalcommons.kennesaw.edu/ama_proceedings/2019/SOCMEDMRKT_T17/5/,,,3006912430,,0,,0,false,,
104-625-405-738-670,Social Media and the Social Brain,2023-10-04,2023,book chapter,Emotions in the Digital World,,Oxford University PressNew York,,Mary E. Andrews; Rui Pei; Nina Lauharatanahirun; Alexandra M. Paul; Emily B. Falk,"<jats:title>Abstract</jats:title>;                <jats:p>Social connection is a fundamental need for humans, and social media offer one way for humans to meet some social and emotional needs. Emerging research explains some of the ways that social media engage brain systems that support or interfere with humans’ motivation and ability to connect with others. This chapter reviews evidence tying social and emotional brain systems, including the reward-value and mentalizing brain systems, to common motivations associated with social media use: information sharing, receiving social approval and disapproval, and learning about the networked social world. Social and emotional needs, social media use, and the brain also change over developmental periods. Hence, the authors conclude the chapter by highlighting the need for additional study on the intersection of social media, emotional experiences, and the brain during adolescence.</jats:p>",,,94,113,Social media; Psychology; Social emotional learning; Tying; Social psychology; Developmental psychology; Computer science; World Wide Web; Operating system,,,,,,http://dx.doi.org/10.1093/oso/9780197520536.003.0006,,10.1093/oso/9780197520536.003.0006,,,0,016-247-710-077-156; 016-804-708-614-142; 045-582-755-512-422; 069-659-366-829-235; 107-389-817-865-294; 111-883-464-479-440,1,false,,
104-634-398-491-538,Social Media,2017-08-11,2017,book,,,,,J. a. Huss,,,,,,Business; Media studies; Social media,,,,,https://www.amazon.com/Social-Media-JA-Huss-ebook/dp/B074P6MFGX,https://www.amazon.com/Social-Media-JA-Huss-ebook/dp/B074P6MFGX,,,3106713804,,0,,267,false,,
105-229-795-874-417,Social Media,2012-08-17,2012,journal article,Marketing Review St. Gallen,18656544; 18657516,Springer Science and Business Media LLC,,Marcus Schögel,,29,4,1,1,Social media; Sociology; Computer science; World Wide Web,,,,,,http://dx.doi.org/10.1365/s11621-012-0142-5,,10.1365/s11621-012-0142-5,,,0,,1,false,,
105-601-403-692-656,Social Media,2017-09-05,2017,other,Create to Learn,,Wiley,,,"Shifting from personal use of social media to professional use can be challenging, as it requires re-orienting to the strategic goals of a communicator and understanding the economics of the Internet and mass media. Social data analytics provides digital authors with powerful evidence of effectiveness, and concepts like virality, tagging, and privacy help them use social media both for career development and social activism. Social media has also created new structures of social interaction by creating networked publics, where people construct a public or semi-public profile within a bounded system. The term virality is used to refer to the likelihood that a particular social media will be spread or shared. Social media platforms now enable people to measure the reach of their messages using social data analytics. There's no one right way to handle social media as part of the personal and professional life.",,,239,250,Social media; Sociology; Computer science; World Wide Web,,,,,,http://dx.doi.org/10.1002/9781394260201.ch15,,10.1002/9781394260201.ch15,,,0,,0,false,,
105-656-349-836-513,Friendship and Social Media - Social media and the value of friendship,2019-01-23,2019,book chapter,Friendship and Social Media,,Routledge,,Diane Jeske,,,,133,156,Sociology; Value (mathematics); Friendship; Social media; Social psychology,,,,,http://dx.doi.org/10.4324/9781315210452-5,http://dx.doi.org/10.4324/9781315210452-5,,10.4324/9781315210452-5,2914832191,,0,,0,false,,
105-760-908-687-340,Social media in the media: Australian media perceive social media as political tools,2013-07-04,2013,,,,,,Theresa Sauter; Axel Bruns,"Social media are becoming increasingly integrated into political practices around the world. Politicians, citizens and journalists employ new media tools to support and supplement their political goals. This report examines the way in which social media are portrayed as political tools in Australian mainstream media in order to establish what the relations are between social media and mainstream media in political news reporting. Through the close content-analysis of 93 articles sampled from the years 2008, 2010 and 2012, we provide a longitudinal insight into how the perception by Australian journalists and news media organisations of social media as political tools has changed over time. As the mainstream media remain crucial in framing the public understanding of new technologies and practices, this enhances our understanding of the positioning of social media tools for political communication.",,,,,Political science; Media studies; Public relations; Media; Citizen media; Social media; News media; Alternative media; Media relations; Political communication; New media,,,,,https://apo.org.au/node/34764 https://eprints.qut.edu.au/63512/,https://apo.org.au/node/34764,,,2133094130,,0,003-248-602-929-764; 010-458-252-599-097; 014-115-577-295-180; 017-687-447-263-757; 025-141-944-785-551; 064-555-450-711-821; 068-958-908-040-874; 073-655-243-333-72X; 092-417-387-490-914; 096-895-399-512-668; 100-072-123-862-371; 101-496-345-039-917; 107-918-271-094-715; 121-675-126-088-400; 126-222-413-672-677; 130-105-185-581-969; 140-954-756-231-890; 151-979-915-482-356; 184-022-501-740-040; 188-896-766-465-50X,0,false,,
105-762-853-942-904,Social Media manners – 25 Dos and Don’ts on social media,2019-07-19,2019,,,,,,Andy Miller,It can be difficult for business owners to understand common social media manners. The social media world is evolving day by day. Thus it can be ...,,,,,Sociology; Media studies; Social media marketing; Social media,,,,,https://www.webdesignplusseo.com/social-media-manners/,https://www.webdesignplusseo.com/social-media-manners/,,,3108881937,,0,,0,false,,
105-774-358-902-09X,The Development of a Social-Media-Strategy for OSF Applyung the Social-Media Cycle,2022-01-21,2022,other,Zenodo (CERN European Organization for Nuclear Research),,,,Alexander Decker,"Appeared in: Open Search Symposium 2021, 11-13 October 2021, CERN, Geneva, Switzerland.",,,,,Social media; Computer science; World Wide Web,,,,,https://zenodo.org/record/5886647,http://dx.doi.org/10.5281/zenodo.5886647,,10.5281/zenodo.5886647,,,0,,0,true,cc-by,green
106-583-145-395-762,Social Media – Social Networking Today,,2017,,,,,,null stacieaaj,,,,,,Internet privacy; Sociology; Social media,,,,,http://www.todocomunica.com/2017/12/08/social-media-social-networking-today/,http://www.todocomunica.com/2017/12/08/social-media-social-networking-today/,,,2775306975,,0,,0,false,,
106-710-534-165-388,"Social web, social media, social networking service, social media metrics, social capital, online networking",,2012,,,,,,O'Reilly Media,Deals with social media metrics and their pragmatic use as the social capital. There are a number of network services for the measurement of online social capital. The most popular social media metrics provide the Klout Score project. Using the online so-cial capital will increase which will foster development of the metrics for the national so-cial network services.,,,,,Business; Public relations; Social web; Social media; Social media optimization; Social capital; Social computing; Social network; Capital (economics); Social engagement,,,,,http://cyberleninka.ru/article/n/metriki-sotsialnyh-media-kak-sotsialnyy-kapital.pdf,http://cyberleninka.ru/article/n/metriki-sotsialnyh-media-kak-sotsialnyy-kapital.pdf,,,2310027160,,0,032-340-379-329-62X; 061-156-821-250-749; 073-043-632-192-273; 134-999-352-355-389; 164-463-565-196-177; 167-698-534-865-599,0,false,,
106-956-007-704-001,FROM SOCIAL RESPONSIBILITY TO SOCIAL MEDIA RESPONSIBILITY: RECOMMENDATIONS FOR INTEGRATING SOCIAL MEDIA INTO ORGANIZATIONS,2021-03-03,2021,conference proceedings article,Proceedings of the  19th International Conference on e-Society 2021,,IADIS Press,,Emad Bataineh,"Social media can be defined as any form of interactivity, whether online or offline, that arises over dedicated Web- and/ormobile-based platforms and involves individuals and/or organizations. Interactivity could be about any topic ranging",,,,,Interactivity; Social media; Web 2.0; Internet privacy; Computer science; World Wide Web; Social responsibility; The Internet; Public relations; Political science,Social Media; Web 2.0; e-Citizen,,,,http://www.iadisportal.org/components/com_booklibrary/ebooks/202101R047.pdf https://doi.org/10.33965/es2021_202101r047,http://dx.doi.org/10.33965/es2021_202101r047,,10.33965/es2021_202101r047,,,0,,0,true,,gold
107-683-442-569-102,Theatre & Social Media - Theatre & Social Media,,2016,book,,,Macmillan Education UK,,Patrick Lonergan,"1. Series Editors' Preface.- 2. Introduction.- 3. Social Media and Performance.- 4. Social Media in Theatre.- 5. Performing Authorship, Performing Consumers.- 6. Conclusions.-7. Further Reading.- 8. Index.",,,,,Sociology; Index (economics); Media studies; Social media; Reading (process),,,,,http://ci.nii.ac.jp/ncid/BB21223194,http://dx.doi.org/10.1007/978-1-137-46371-5,,10.1007/978-1-137-46371-5,2556047999,,0,,39,false,,
107-689-438-070-71X,LibGuides: Social Media : Social Media Channels,2019-07-05,2019,libguide,,,,,Eirini Maranti,,,,,,Sociology; Media studies; Social media,,,,,https://libguides.solent.ac.uk/c.php?g=673055&p=4784555,https://libguides.solent.ac.uk/c.php?g=673055&p=4784555,,,3017089821,,0,,0,false,,
107-975-717-966-612,Policing and social media: social control in an era of new media,2017-10-02,2017,journal article,American Review of Canadian Studies,02722011; 19439954,Informa UK Limited,United Kingdom,Alexandre Turgeon,"In the spring of 2012, thousands of Quebec students went on strike when the provincial government announced it was planning to raise tuition fees. From February to August of that year, the social m...",47,4,436,438,Government; Political science; Spring (hydrology); Public administration; Social control; Public relations; Social media; New media,,,,,https://www.tandfonline.com/doi/full/10.1080/02722011.2017.1392063,http://dx.doi.org/10.1080/02722011.2017.1392063,,10.1080/02722011.2017.1392063,2766712734,,0,,0,false,,
108-279-900-234-767,"Periodizing Social Media, or, ""Social Media"" Does Not Exist!",2021-03-15,2021,book chapter,Algorithmic Desire,,Northwestern University Press,,,,,,37,64,Social media; Sociology; Computer science; World Wide Web,,,,,,http://dx.doi.org/10.2307/j.ctv1dv0w43.5,,10.2307/j.ctv1dv0w43.5,,,0,,0,false,,
108-364-969-383-425,Social Media,,2015,book,,,,,Rebecca Rowell,,,,,,Sociology; Media studies; Social media,,,,,https://www.amazon.com/Social-Media-Leave-Perspectives-Issues/dp/0756550246 https://openlibrary.org/books/OL26482786M/Social_media,https://www.amazon.com/Social-Media-Leave-Perspectives-Issues/dp/0756550246,,,3109123651,,0,,0,false,,
108-499-221-685-157,Media Literacy and Social Media Networks,2025-06-27,2025,journal article,"Science, Education and Innovations in the context of modern problems",27900169; 27900177,International Meetings and Conferences Research Association,,Ahmed Messaoudene; Samy Ali Mehenni,"The world today is witnessing rapid developments in the field of information and communication technologies, which have brought about a qualitative leap in the transmission and production of various media messages.One of the most prominent manifestations of this technological advancement is the widespread use of the Internet in general, and social media networks in particular, which have become a major focus of interest for large segments of individuals.What distinguishes social media networks is their unlimited use, which is not subject to controls or monitoring that define the nature of such use.This highlights the importance of media literacy as a mechanism for fostering social responsibility among social media users.",8,8,314,320,Media literacy; Social media; Literacy; Sociology; Computer science; Media studies; World Wide Web; Pedagogy,,,,,https://doi.org/10.56334/sei/8.8.29,http://dx.doi.org/10.56334/sei/8.8.29,,10.56334/sei/8.8.29,,,0,,0,true,,bronze
108-852-799-316-600,Social Media,2018-12-31,2018,book chapter,The People vs. Democracy,,Harvard University Press,,Yascha Mounk,,,,137,150,Social media; Sociology; Psychology; Computer science; World Wide Web,,,,,,http://dx.doi.org/10.4159/9780674984776-005,,10.4159/9780674984776-005,,,0,,0,false,,
108-995-988-107-371,SOCIAL MEDIA,2021-01-26,2021,book chapter,Information,,Princeton University Press,,Siva Vaidhyanathan,,,,777,782,Social media; Sociology; Computer science; World Wide Web,,,,,,http://dx.doi.org/10.2307/j.ctv1pdrrbs.111,,10.2307/j.ctv1pdrrbs.111,,,0,,0,true,cc-by,gold
109-401-897-512-414,Social Media Is a Form of Media,2024-12-01,2024,dataset,ASCO Connection Post DOs Group,,American Society of Clinical Oncology (ASCO),,,"It may sound obvious, but social media is a form of media, which can be defined as “tools used to store and deliver information or data.” Social media is “media disseminated through social interaction.” The use of media has evolved—most recently, from radio to TV, and then from TV to the Internet. We have been in the process of moving from passive/static Internet sites to",,,,,Social media; Sociology; Computer science; World Wide Web,,,,,,http://dx.doi.org/10.1200/acon.13.00095,,10.1200/acon.13.00095,,,0,,0,false,,
109-869-186-426-310,Social Media,2020-03-02,2020,book chapter,The Routledge Handbook to the Culture and Media of the Americas,,Routledge,,Gabriel Pérez Salazar,The term social media refers to the group of internet-based platforms in which a user creates a public or semi-public profile which is then used to establish a diversity of relationships with other users. The platforms which fall under the umbrella label of social media have shown a high degree of transformation and evolution in terms of their internal structure and mode of operation as well as of the preferences of their users. The very limited number of fixed telephone lines which traditionally exist in Latin America were directly responsible for the restricted scope of internet access during the large part of the 1990s and 2000s. The steady increase of mobile devices has brought along with it a return to instant messenger applications and made WhatsApp one of the tools with the greatest increase in number of users.,,,439,443,Social media; Sociology; Computer science; World Wide Web,,,,,,http://dx.doi.org/10.4324/9781351064705-41,,10.4324/9781351064705-41,,,0,,0,false,,
110-261-504-958-444,Social Media Circa 2035: Directions in Social Media Theory,2015-02-06,2015,journal article,Atlantic Journal of Communication,15456870; 15456889,Informa UK Limited,United Kingdom,Michael L. Kent,"Digital technologies have swept the globe over the last two decades as the Internet has reached nearly every corner of the world, enabling citizens, activists, companies, journalists, and governmen...",23,1,1,4,The Internet; Political science; Globe; Media studies; Social media,,,,,https://www.tandfonline.com/doi/full/10.1080/15456870.2015.972407,http://dx.doi.org/10.1080/15456870.2015.972407,,10.1080/15456870.2015.972407,1976958072,,0,008-348-846-967-601; 011-494-911-770-316; 036-441-900-477-614; 056-147-935-794-618; 065-279-422-185-447; 109-951-973-523-534; 115-059-720-887-655; 132-235-261-625-942; 140-309-345-925-749; 176-873-031-174-632; 178-044-144-148-929,20,false,,
110-284-779-144-089,Strategic Social Media: From Marketing to Social Change - 18. Social Media for Social Behavior Change,2016-10-28,2016,book,Strategic Social Media,,Wiley,,L. Meghan Mahoney; Tang Tang,,,,297,311,Social inertia; Social position; Business; Social change; Social competence; Public relations; Social sustainability; Social learning; Resource mobilization; Social engagement,,,,,http://onlinelibrary.wiley.com/doi/10.1002/9781119370680.ch18/references,http://dx.doi.org/10.1002/9781119370680.ch18,,10.1002/9781119370680.ch18,2541576545,,0,008-547-804-881-633; 028-797-659-592-866; 034-412-699-679-365; 037-796-820-307-286; 052-042-505-597-896; 055-270-893-221-199; 063-888-096-850-261; 072-896-130-914-377; 073-335-683-587-616; 074-509-888-767-139; 083-290-539-960-451; 089-249-495-401-124; 090-750-247-711-718; 094-620-439-196-263; 104-220-426-699-388; 104-912-178-332-76X; 117-274-976-629-160; 117-404-452-177-864; 118-492-579-006-500; 145-263-008-668-287; 172-338-411-710-361,0,false,,
110-614-459-641-35X,Social Media Redes Sociales,,2014,,,,,,null HermesCreatives,,,,,,,,,,,https://www.hermescreatives.com/marketing-online-digital/social-media-marketing-smm-redes-sociales/090995_e6478868750d47a0a80437fabcb8337b/,https://www.hermescreatives.com/marketing-online-digital/social-media-marketing-smm-redes-sociales/090995_e6478868750d47a0a80437fabcb8337b/,,,2346080185,,0,,0,false,,
110-739-139-144-847,Introduction: The Social Epistemology of Social Media,2024-11-23,2024,journal article,Topoi,01677411; 15728749,Springer Science and Business Media LLC,Netherlands,Glenn Anderau; Axel Gelfert; Boaz Miller; Isaac Record,,43,5,1351,1354,Social epistemology; Sociology; Epistemology; Social media; Social science; Philosophy; Computer science; World Wide Web,,,,,https://link.springer.com/content/pdf/10.1007/s11245-024-10138-4.pdf https://doi.org/10.1007/s11245-024-10138-4,http://dx.doi.org/10.1007/s11245-024-10138-4,,10.1007/s11245-024-10138-4,,,0,,0,true,,bronze
110-968-158-672-257,Social Media,2022-08-23,2022,book chapter,Business Guide für strategisches Management,,Springer Fachmedien Wiesbaden,,Alfred-Joachim Hermanni,,,,251,260,Social media; Sociology; Computer science; World Wide Web,,,,,,http://dx.doi.org/10.1007/978-3-658-37742-7_36,,10.1007/978-3-658-37742-7_36,,,0,156-074-796-037-043,0,false,,
111-073-344-570-632,Social Media,2025-11-08,2025,book chapter,"Salafi Groups in Social Welfare Functions: ""Living on the Line""",,Springer Fachmedien Wiesbaden,,Rosa Karolin Meyer,,,,137,154,,,,,,,http://dx.doi.org/10.1007/978-3-658-50050-4_14,,10.1007/978-3-658-50050-4_14,,,0,,0,false,,
111-574-978-248-51X,"Social Writing/Social Media: Publics, Presentations, and Pedagogies - Social Writing and Social Media: An Introduction",2017-09-30,2017,book chapter,"Social Writing/Social Media: Publics, Presentations, and Pedagogies",,The WAC Clearinghouse; University Press of Colorado,,Douglas M. Walls; Stephanie Vie,,,,3,13,Sociology; Media studies; Social media,,,,,http://dx.doi.org/10.37514/per-b.2017.0063.1.3,http://dx.doi.org/10.37514/per-b.2017.0063.1.3,,10.37514/per-b.2017.0063.1.3,3083127466,,0,,0,true,cc-by-nc-nd,hybrid
111-592-381-484-017,Crisis Management in Social Media: The Importance of Social Media and How Companies Utilize Social Media in Crisis Situations,,2015,,,,,,Isabell Southorn,,,,,,Political science; Crisis management; Public relations; Social media; Media management,,,,,,,,,2520811317,,0,,0,false,,
111-721-605-514-595,Social Media,2017-05-18,2017,book,,,,,Carolyn Boyes,,,,,,Sociology; Media studies; Social media,,,,,https://www.amazon.com/Social-Media-Collins-Business-Secrets/dp/0008133794,https://www.amazon.com/Social-Media-Collins-Business-Secrets/dp/0008133794,,,3093032905,,0,,0,false,,
111-772-175-995-041,Social Media Overview: What Is Social Media and Social Media Activity?,2024-12-21,2024,book chapter,The Digital Marketer's Playbook,,Apress,,Diego Adolfo Carrasco Gubernatis,"Social media encompasses every post, reaction, and interaction made within a social network. It forms an interactive space where individuals and organizations can share, co-create, discuss, and modify user-generated content.",,,453,476,Social media; Sociology; Computer science; World Wide Web,,,,,,http://dx.doi.org/10.1007/979-8-8688-0546-2_43,,10.1007/979-8-8688-0546-2_43,,,0,,0,false,,
111-779-196-762-564,Social Capital and Social Media,,2014,book chapter,Personal Media and Everyday Life,,Palgrave Macmillan UK,,Terje Rasmussen,"This chapter examines the accumulation and dislocation of social capital in everyday life and the intermediary role of personal media, particularly social media. The concept of social capital, it argues, helps to achieve a nuanced view on mediated social relationships in everyday life. Various approaches on social capital are addressed (Bourdieu, Coleman, Putnam, Granovetter and Burt). A balance between a conception of the ‘undersocialised’ and ‘oversocialised’ individual is examined through the concepts of skills, social capital and social network. It refers to research that illustrates the relevance of the concept in various situations and for distinct types of media.",,,104,126,Positive economics; Social position; Sociology; Social reproduction; Social change; Social mobility; Social transformation; Individual capital; Social network; Social engagement,,,,,https://rd.springer.com/chapter/10.1057/9781137446466_6 https://link.springer.com/chapter/10.1057/9781137446466_6,http://dx.doi.org/10.1057/9781137446466_6,,10.1057/9781137446466_6,2488597871,,0,,1,false,,
112-168-130-592-471,Social Media under Social Control: Regulating Social Media and the Future of Socialization,2010-09-09,2010,journal article,Electronic News,19312431; 1931244x,SAGE Publications,United States,Susan Currie Sivek,"The process of socialization for new and future journalists will look dramatically different from the process undergone by previous generations of journalists because of economic realities and changes in the nature of news production. The rise of social media and their role in the establishment of a successful career will also affect the integration of these rising professionals into their employing organizations. These changes in the socialization process will require alterations both in the day-to-day management of these individuals and in the theoretical approaches to studying their work, particularly with regard to the impact of social media on the profession. This article demonstrates a wide range of concerns that media managers and researchers must consider as the journalism profession incorporates these new professionals into its ranks.",4,3,146,164,Advertising; Journalism; Sociology; Socialization; Social control; Affect (psychology); Public relations; Process (engineering); Social media; Media management; Media relations,,,,,https://digitalcommons.linfield.edu/mscmfac_pubs/6/ http://journals.sagepub.com/doi/abs/10.1177/1931243110383266 https://digitalcommons.linfield.edu/cgi/viewcontent.cgi?article=1005&context=mscmfac_pubs https://journals.sagepub.com/doi/abs/10.1177/1931243110383266 http://journals.sagepub.com/doi/10.1177/1931243110383266,http://dx.doi.org/10.1177/1931243110383266,,10.1177/1931243110383266,1967837157,,0,016-283-863-184-276; 027-299-227-526-138; 044-173-176-830-342; 063-307-565-097-527; 078-953-319-252-801; 142-844-274-829-780; 143-014-576-671-652; 161-178-006-703-302; 163-761-057-987-510; 181-917-104-714-429; 193-907-484-317-594,14,false,,
112-740-274-664-651,LibGuides: Social Media: Business Resources for Social Media,2011-10-17,2011,libguide,,,,,Trip Wyckoff,,,,,,Sociology; Media studies; Social media,,,,,https://guides.lib.fsu.edu/c.php?g=352919&p=2382623,https://guides.lib.fsu.edu/c.php?g=352919&p=2382623,,,2951641072,,0,,0,false,,
113-074-608-687-293,Chefsache Social Media Marketing - Chefsache Social Media Marketing,,2015,book,,,Springer Fachmedien Wiesbaden,,Peter Buchenau; Dominik Fürtbauer,,,,,,Business,,,,,https://link.springer.com/10.1007/978-3-658-07508-8,http://dx.doi.org/10.1007/978-3-658-07508-8,,10.1007/978-3-658-07508-8,2491603909,,0,,7,false,,
113-638-816-180-471,Social media.,,2013,journal article,Journal of the Irish Dental Association,00211133,Irish Dental Association,Ireland,James Foster,There is an argument that with the common use of a variety of media the professional expectations on our everyday life are becoming increasingly important. A moan about a patient on a Monday night 20 years ago may have been harmless. The same comment made using today's communication methods could result in a regulatory challenge.,59,2,98,99,Variety (cybernetics); Argument (complex analysis); Everyday life; Social life; Sociology; Psychology; Aesthetics; Medicine; Public relations; Epistemology; Political science; Computer science; Art; Social science; Philosophy; Internal medicine; Artificial intelligence,,Advertising; Blogging; Communication; Confidentiality; Dentist-Patient Relations; Dentists; Humans; Internet; Social Media; Social Networking; Video Recording,,,,https://www.ncbi.nlm.nih.gov/pubmed/23729056,23729056,,,,0,,0,false,,
113-861-357-718-042,Brands and Media Gatekeeping in the Social Media,,2018,book chapter,Social Media Marketing,,IGI Global,,Georgia-Zozeta Miliopoulou; Vassiliki Cossiavelou,"<jats:p>The purpose of this paper is to examine current trends and practices regarding brand communication through the social media, as brand activation in the online social environment rises and proliferates rapidly. Believing that further interdisciplinary contributions are needed to bridge the gap between brand management on the one hand and ICT potential on the other, the authors designed and implemented an exploratory research. They interviewed middle and senior-management executives, working either in companies who promote brands in the social media or in agencies who undertake social media projects and tasks. The authors' results indicate that gatekeeping remains an integral and very important aspect of social media brand management. Most brands consider what to release rather than what not to. They withhold information based on a narrow campaign-oriented mindset which reflects traditional marketing and public relations' practices and has not embraced the requirements for transparency and openness that prevail in the digital and social media environment. </jats:p>",,,493,507,Gatekeeping; Social media; Mindset; Openness to experience; Public relations; Transparency (behavior); Business; Brand management; Exploratory research; Digital media; Advertising; Sociology; Political science; Psychology; Social psychology; Epistemology; Anthropology; Law; Philosophy,,,,,,http://dx.doi.org/10.4018/978-1-5225-5637-4.ch024,,10.4018/978-1-5225-5637-4.ch024,,,0,017-905-286-996-580; 034-987-844-298-313; 035-606-486-185-769; 041-914-313-030-525; 056-259-070-651-664; 056-537-102-281-010; 088-322-730-413-187; 090-910-997-573-393; 099-014-284-546-688; 109-743-269-756-119; 134-115-618-621-757; 194-856-976-061-053,0,false,,
113-868-499-129-202,The Practicality of Social Media and Independent Media,2022-11-25,2022,book chapter,The Independent Media Movements in Hong Kong and Taiwan,,Routledge,,Levon Kwok,,,,80,101,Social media; Computer science; Sociology; Media studies; World Wide Web,,,,,,http://dx.doi.org/10.4324/9781003294993-5,,10.4324/9781003294993-5,,,0,,0,false,,
113-881-004-893-839,Social Media,2021-04-22,2021,book chapter,Encyclopedia of Evolutionary Psychological Science,,Springer International Publishing,,Amy Jia Ying Lim; Jose C Yong,,,,7721,7726,Social media; Sociology; Political science; Law,,,,,,http://dx.doi.org/10.1007/978-3-319-19650-3_3847,,10.1007/978-3-319-19650-3_3847,,,0,009-983-500-820-732; 010-288-997-521-244; 010-579-674-819-599; 020-734-897-077-190; 022-382-601-023-449; 023-580-881-535-628; 024-060-676-564-865; 024-186-665-573-356; 034-508-415-101-374; 046-507-381-044-05X; 048-360-840-889-692; 049-004-045-436-622; 056-140-668-052-051; 062-334-480-533-235; 070-834-477-577-81X; 081-602-815-382-545; 085-970-686-565-381; 087-193-355-461-149; 099-176-192-168-28X; 119-664-156-603-48X; 128-144-943-186-053; 129-622-494-365-311; 137-750-631-368-452; 143-063-847-531-047; 148-246-156-831-853; 149-129-580-926-820,0,false,,
113-987-074-749-82X,Social Media,,2018,reference entry,The SAGE Encyclopedia of Business Ethics and Society,,"SAGE Publications, Inc.",,,,,,,,Social media; Sociology; Computer science; World Wide Web,,,,,,http://dx.doi.org/10.4135/9781483381503.n1094,,10.4135/9781483381503.n1094,,,0,,0,false,,
114-207-548-872-261,Social media,,2011,book chapter,E-Marketing,,Macmillan Education UK,,Stephen Dann; Susan Dann,,,,343,380,Social media; Sociology; Political science; Computer science; World Wide Web,,,,,,http://dx.doi.org/10.1007/978-0-230-36473-8_12,,10.1007/978-0-230-36473-8_12,,,0,,1,false,,
114-572-086-993-688,Social Media,,2013,book chapter,From Diagnostics to Learning Success,,SensePublishers,,H. -Hugo Kremer,"This paper focuses on media which can be subsumed under the notion of “Web 2.0” or “Social Media”. These media can generally be characterized by three main aspects: (1) the disappearance of the separation between both local and central data and applications, as well as (2) the merging of the boundaries between producers and consumers of media content, and (3) the personalization of information through the combination of push and pull services (cf. also Kerres, 2006).",,,127,140,Social media; Personalization; World Wide Web; Computer science; Web 2.0; Sociology; Advertising; Business; Web service,,,,,,http://dx.doi.org/10.1007/978-94-6209-191-7_10,,10.1007/978-94-6209-191-7_10,,,0,029-511-456-109-280,0,false,,
115-092-902-952-811,Social Media,2018-07-24,2018,book chapter,"Risk Communication: A Handbook for Communicating Environmental, Safety, and Health Risks",,"John Wiley & Sons, Inc.",,,,,,347,370,Social media; Citation; Public relations; Perception; Psychology; Political science; Computer science; World Wide Web; Neuroscience,,,,,,http://dx.doi.org/10.1002/9781119456131.ch19,,10.1002/9781119456131.ch19,,,0,015-937-938-707-427; 020-179-274-803-598; 020-871-188-914-129; 062-815-094-049-995; 111-812-664-224-516; 149-837-472-936-025,1,false,,
115-148-864-756-691,Social Media,,2025,other,Digital Communication Tools,,"SAGE Publications, Inc.",,Daniel Scott-Purdy,,,,,,,,,,,,http://dx.doi.org/10.4135/9798348843588,,10.4135/9798348843588,,,0,,0,false,,
115-210-586-930-665,Social media,2024-07-16,2024,book chapter,Power Without Responsibility,,Routledge,,James Curran; Jean Seaton,,,,370,382,Social media; Sociology; Psychology; Computer science; World Wide Web,,,,,,http://dx.doi.org/10.4324/9781003218845-24,,10.4324/9781003218845-24,,,0,,0,false,,
115-492-985-384-903,UKAIS - Social media? What social media?,2018-09-19,2018,book chapter,,,,,Maxim Wolf; Julian Sims; Huadong Yang,,,,3,,Sociology; Media studies; Social media,,,,,https://dblp.uni-trier.de/db/conf/ukais/ukais2018.html#WolfSY18 https://aisel.aisnet.org/ukais2018/3/,https://aisel.aisnet.org/ukais2018/3/,,,2887151829,,0,,5,false,,
115-592-054-193-146,Social media and adult social work,2020-07-15,2020,book chapter,Social Media and Social Work,,Policy Press,,Peter Buzzi; Sharon Allen,"One of the primary objectives of adult social work is to support and safeguard adults in order to promote individual autonomy, increase and maximise individual choice, and enhance people’s health and wellbeing while ensuring their safety and protection. Adults who access services are often challenged by complex needs and burdened by social stereotypes and stigma that aggravate their difficulties; these include individual vulnerability and human frailty, isolation, social exclusion, social stereotypes and stigma, and so on. These and other challenges may influence people’s identity or their ability to meet their own needs, maintain their independence, exercise control, achieve their goals and priorities, and lead healthy and rewarding lives with dignity and integrity. Social media present a host of opportunities to address these and other challenges and to support people in a powerful, transformative and person-centred manner. This chapter presents a glimpse of some of the applications and transformational implications of digital and social media technologies. It begins by briefly examining adults’ use of social media and some of the misconceived assumptions and stereotypes about older adults’ use of digital and social media technologies. Challenging Prensky’s (2001) notion of digital natives and digital immigrants, it highlights the need for a more critical view and awareness of intersectionality within society (intersectionality refers to interconnected nature of social categorisations such as race, class, gender, ethnicity, religion, age and so on that create overlapping and interdependent experiences and systems of discrimination, oppression, exclusion and disadvantage within society). The chapter then considers the ‘social’ in health and social care, followed by a discussion of social media and its impact on social capital and relationships.",,,93,112,Social media; Sociology; Work (physics); Computer science; World Wide Web; Engineering; Mechanical engineering,,,,,,http://dx.doi.org/10.51952/9781447327400.ch004,,10.51952/9781447327400.ch004,,,0,,0,false,,
115-670-109-529-550,Translation and Social Media - Translation and Social Media,,2017,book,,,Palgrave Macmillan UK,,Renée Desjardins,,,,,,Sociology; Translation (biology); Linguistics; Social media,,,,,https://link.springer.com/10.1057/978-1-137-52255-9,http://dx.doi.org/10.1057/978-1-137-52255-9,,10.1057/978-1-137-52255-9,2557384046,,0,,42,false,,
115-827-951-753-733,Managing Social Media and Consumerism - Managing Social Media and Consumerism,,2013,book,,,Palgrave Macmillan UK,,null Rajagopal,,,,,,Business; Consumerism; Public relations; Social media,,,,,https://ideas.repec.org/b/pal/palbok/978-1-137-28192-0.html https://link.springer.com/10.1057/9781137281920,http://dx.doi.org/10.1057/9781137281920,,10.1057/9781137281920,2498245228,,0,009-794-428-236-538; 028-149-801-954-368; 049-691-308-277-73X; 052-322-945-959-236; 052-988-021-113-055; 068-335-314-304-413; 078-935-353-495-584; 081-806-137-046-087; 087-004-435-723-799; 153-694-060-819-294,16,false,,
115-844-391-378-81X,Social Media,2018-05-19,2018,book chapter,Sport-PR 2.0,,Springer Fachmedien Wiesbaden,,Fabian Kautz,,,,23,46,Social media; Sociology; Political science; Law,,,,,,http://dx.doi.org/10.1007/978-3-658-22249-9_2,,10.1007/978-3-658-22249-9_2,,,0,,0,false,,
116-234-196-575-146,Ubiquitous Social Media Analysis - Ubiquitous Social Media Analysis,,2013,book,Lecture Notes in Computer Science,03029743; 16113349,Springer Berlin Heidelberg,Germany,Martin Atzmueller; Alvin Chin; Denis Helic; Andreas Hotho,,,,,,Media studies; Computer science; Social media,,,,,https://link.springer.com/10.1007/978-3-642-45392-2,http://dx.doi.org/10.1007/978-3-642-45392-2,,10.1007/978-3-642-45392-2,2490175098,,0,003-078-576-803-447; 003-163-802-652-189; 003-713-088-449-477; 003-817-701-968-15X; 004-426-409-025-718; 004-509-963-086-749; 004-635-057-047-876; 005-537-912-517-208; 005-592-077-144-998; 005-788-491-757-196; 006-073-747-609-566; 007-191-197-468-925; 007-675-345-722-560; 008-079-976-697-74X; 011-581-213-190-889; 011-908-380-300-602; 012-367-777-689-406; 012-604-656-425-443; 013-163-398-322-032; 013-524-493-589-166; 014-294-779-021-838; 015-642-368-744-091; 016-923-409-057-376; 017-884-665-559-727; 018-550-403-684-524; 020-987-925-297-779; 021-640-809-196-392; 021-947-834-940-968; 022-289-844-159-66X; 022-408-885-419-447; 026-414-100-047-767; 026-444-964-900-080; 029-018-635-018-764; 029-643-088-310-304; 029-708-553-202-304; 032-167-178-618-736; 038-021-964-392-793; 044-336-786-493-535; 044-617-054-660-642; 045-408-364-577-559; 047-498-372-701-366; 048-014-229-659-84X; 048-069-175-355-135; 049-648-174-134-552; 050-894-472-768-894; 055-828-646-731-618; 057-040-097-643-496; 057-586-071-243-253; 058-458-997-035-642; 060-351-804-503-30X; 060-448-827-026-324; 063-190-811-897-241; 064-983-989-994-678; 067-107-673-156-407; 070-092-482-968-196; 070-824-720-050-235; 070-965-463-012-017; 071-463-889-428-614; 072-084-854-993-126; 073-904-431-034-30X; 074-742-877-053-350; 075-809-254-897-506; 079-043-006-221-303; 081-573-882-175-212; 081-711-132-043-037; 081-788-357-598-629; 083-289-650-798-490; 083-345-645-020-792; 083-557-500-676-39X; 083-591-609-721-042; 085-124-585-424-691; 085-849-513-021-664; 088-922-093-914-251; 090-009-664-150-622; 091-471-298-569-066; 099-169-442-324-498; 102-213-430-389-333; 102-786-306-974-437; 111-277-885-417-432; 113-196-669-764-390; 115-337-051-385-240; 115-494-434-844-212; 116-619-769-763-652; 117-467-526-804-962; 118-879-274-613-365; 120-053-354-235-836; 120-555-250-554-330; 120-686-420-989-186; 126-966-344-983-851; 133-012-864-772-675; 133-843-153-365-00X; 137-320-213-389-496; 150-892-284-828-278; 155-680-283-716-538; 163-150-409-714-75X; 164-706-255-616-635; 166-548-901-700-658; 167-285-758-504-367; 167-649-560-728-327; 169-647-199-146-345; 170-294-785-016-396; 171-050-264-834-575; 171-155-564-597-066; 174-619-377-275-100; 185-180-429-908-450; 190-325-884-607-401; 196-512-133-699-829,4,false,,
116-350-924-915-945,Social Media,2019-12-21,2019,other,The International Encyclopedia of Anthropology,,Wiley,,Samuel Gerald Collins,"<jats:p>Since its meteoric rise in the twenty‐first century, social media have been a source of both attraction and consternation to anthropologists. While they constitute a growing part of their interlocutors' lives, social media also pose ethical dilemmas both for anthropologists and for the communities in which they work. And yet, for good or for ill, the work of anthropology is marketed, reviewed, and discussed on social media: It is an unavoidable part of scholarly and institutional life.</jats:p>",,,1,11,Social media; Sociology; Media studies; Political science; Law,,,,,,http://dx.doi.org/10.1002/9781118924396.wbiea2439,,10.1002/9781118924396.wbiea2439,,,0,001-703-651-819-309; 015-034-969-444-896; 019-957-207-003-825; 034-527-427-205-166; 034-784-448-703-372; 036-227-782-930-598; 041-490-263-391-317; 047-043-343-432-143; 057-179-750-207-782; 059-102-069-688-527; 094-219-937-830-094; 097-937-544-220-565; 101-014-440-957-105; 103-979-238-642-269; 134-613-182-292-738; 142-911-009-990-597; 149-633-092-089-069; 153-625-568-000-272; 155-503-940-333-565; 158-776-091-358-081; 161-180-786-372-286; 172-116-909-233-204; 188-401-241-665-288,0,false,,
116-431-684-756-491,Social Media: The Influence of Social Media on Body Image in Men,2017-04-15,2017,,,,,,Anna Holdiman,,,,,,Psychology; Media studies; Social media,,,,,https://scholarworks.boisestate.edu/as_17/75/,https://scholarworks.boisestate.edu/as_17/75/,,,2621135309,,0,,0,false,,
116-537-842-974-167,On Social Media,2021-09-16,2021,book chapter,Personal Networks,,Cambridge University Press,,Bernice A. Pescosolido; Edward Smith,"The social brain hypothesis has suggested that natural social network sizes may have a characteristic size in humans. This is determined in part by cognitive constraints and in part by the time costs of servicing relationships. Online social networking offers the potential to break through the glass ceiling imposed by at least the second of these, potentially enabling us to maintain much larger social networks. This is tested using two separate UK surveys, each randomly stratified by age, gender and regional population size. The data show that the size and range of online egocentric social networks, indexed as the number of Facebook friends, is similar to that of offline face-to-face networks. For one sample, respondents also specified the number of individuals in the inner layers of their network (formally identified as support clique and sympathy group), and these were also similar in size to those observed in offline networks. This suggests that, as originally proposed by the social brain hypothesis, there is a cognitive constraint on the size of social networks that even the communication advantages of online media are unable to overcome. In practical terms, it may reflect the fact that real (as opposed to casual) relationships require at least occasional face-to-face interaction to maintain them.",,,718,733,The Internet; Sociology; Name generator; Network size; Network diversity; Computer network; Core network; Social media; Big data,Psychology and cognitive neuroscience network size; social networking sites (SNSs); social brain hypothesis; egocentric networks,,,,https://www.cambridge.org/core/books/personal-networks/on-social-media/52074DFD5433C54E30238D29C957B5D5,http://dx.doi.org/10.1017/9781108878296.056,,10.1017/9781108878296.056,3203549886,,0,000-024-992-823-188; 000-037-853-832-597; 000-061-256-281-82X; 000-126-766-640-102; 000-203-627-584-442; 000-339-717-803-226; 000-408-406-787-456; 000-568-410-990-45X; 000-576-645-830-776; 000-663-909-364-875; 000-799-848-507-985; 001-006-448-844-943; 001-100-673-512-102; 001-231-438-500-099; 001-285-557-182-883; 001-286-772-473-274; 001-308-060-665-459; 001-376-130-536-295; 001-544-372-209-06X; 001-579-012-620-824; 001-627-981-412-526; 001-639-812-233-402; 001-792-430-242-291; 001-851-244-949-08X; 001-938-996-122-458; 001-973-006-745-79X; 001-990-844-868-451; 002-051-559-627-166; 002-065-551-469-009; 002-070-335-388-438; 002-119-386-959-186; 002-268-987-579-444; 002-507-690-909-460; 002-548-142-156-542; 002-731-830-446-178; 002-748-790-008-990; 002-793-108-582-766; 002-806-082-818-514; 002-807-020-277-016; 002-826-166-575-247; 002-830-668-833-121; 002-845-861-992-863; 002-883-963-078-009; 002-911-410-259-032; 002-934-690-458-045; 003-282-653-252-609; 003-388-565-337-19X; 003-591-899-103-426; 003-710-038-919-158; 003-977-548-838-262; 004-159-428-062-369; 004-176-731-028-90X; 004-240-125-837-33X; 004-329-818-552-960; 004-334-281-661-345; 004-340-795-544-569; 004-382-630-977-687; 004-434-009-025-17X; 004-445-017-137-183; 004-718-503-274-336; 004-748-425-368-958; 004-937-183-227-943; 005-063-094-244-452; 005-253-495-042-402; 005-403-805-417-531; 005-413-393-625-447; 005-491-371-111-799; 005-553-153-856-945; 005-564-211-302-734; 005-661-593-966-417; 005-705-997-885-746; 005-798-905-963-467; 005-822-356-524-847; 005-922-166-568-820; 005-979-375-039-447; 005-982-418-470-390; 006-041-012-051-147; 006-182-278-062-969; 006-219-451-395-713; 006-229-186-687-406; 006-279-739-570-829; 006-541-668-112-548; 006-579-060-481-162; 006-614-151-746-868; 006-833-322-519-695; 006-843-627-109-290; 006-865-712-801-502; 006-942-900-604-385; 007-107-460-065-943; 007-128-972-305-130; 007-188-921-861-203; 007-245-910-191-230; 007-386-788-418-815; 007-387-780-473-080; 007-460-087-645-102; 007-474-169-939-339; 007-582-308-259-199; 007-774-211-175-462; 007-871-410-047-716; 008-008-079-413-075; 008-114-183-975-691; 008-281-489-599-199; 008-298-791-126-641; 008-403-764-157-858; 008-583-321-206-965; 008-726-418-984-830; 008-803-892-988-704; 008-808-411-290-78X; 008-875-020-995-176; 008-925-301-258-212; 008-958-637-407-235; 009-134-242-381-696; 009-139-910-918-835; 009-144-819-620-292; 009-492-698-004-24X; 009-652-900-934-45X; 009-683-781-869-529; 009-719-717-391-147; 009-735-082-632-700; 009-814-498-796-704; 009-894-361-669-192; 009-930-322-720-456; 010-011-716-344-551; 010-077-817-761-217; 010-132-911-732-526; 010-191-920-403-038; 010-369-347-620-237; 010-378-172-648-936; 010-437-959-102-184; 010-447-702-119-254; 010-474-100-091-331; 010-538-361-056-067; 010-545-160-970-456; 010-571-154-636-055; 010-627-914-052-571; 010-877-254-838-828; 010-899-114-514-896; 011-021-194-005-610; 011-040-007-961-521; 011-051-912-427-787; 011-120-306-166-974; 011-221-098-300-368; 011-340-016-924-591; 011-436-980-253-923; 011-447-185-776-198; 011-458-086-453-573; 011-499-288-093-458; 011-662-325-854-701; 011-678-767-011-214; 011-831-389-167-497; 011-872-812-724-029; 011-896-254-163-71X; 012-019-373-596-456; 012-070-391-944-219; 012-251-996-020-548; 012-276-625-437-513; 012-390-586-513-710; 012-398-812-042-520; 012-437-336-870-526; 012-441-211-368-251; 012-533-717-031-582; 012-651-256-554-432; 012-704-813-151-721; 013-059-232-277-737; 013-063-485-960-966; 013-216-455-418-986; 013-270-124-258-188; 013-322-225-960-218; 013-435-178-087-145; 013-542-037-985-084; 013-546-609-677-57X; 013-688-695-089-398; 013-694-134-840-832; 013-832-774-395-91X; 013-926-982-281-738; 013-959-536-421-172; 014-089-882-503-170; 014-105-395-675-968; 014-146-812-265-670; 014-179-391-721-359; 014-238-859-972-653; 014-249-306-133-714; 014-297-968-440-795; 014-413-553-080-316; 014-516-765-570-642; 014-863-649-175-342; 014-868-109-106-680; 014-958-720-393-070; 015-003-552-764-614; 015-196-735-746-404; 015-276-097-076-898; 015-586-822-938-491; 015-747-077-507-142; 015-778-271-366-621; 015-906-391-928-143; 016-138-803-434-199; 016-151-614-551-923; 016-234-303-814-494; 016-376-796-101-321; 016-467-074-654-18X; 016-520-784-184-784; 016-601-988-106-010; 016-608-058-712-374; 016-627-965-678-804; 016-735-731-879-900; 016-922-334-830-832; 016-968-200-418-985; 017-065-378-958-742; 017-546-801-287-163; 017-558-661-836-658; 017-590-850-914-58X; 017-634-406-913-566; 017-703-350-356-196; 017-742-003-215-032; 017-768-199-548-183; 017-777-979-815-064; 017-980-592-943-09X; 018-033-105-547-227; 018-033-814-410-477; 018-251-414-879-706; 018-256-852-731-958; 018-257-877-261-520; 018-585-715-121-018; 018-726-175-068-733; 018-729-650-056-488; 018-781-085-281-76X; 018-947-778-257-073; 019-020-054-540-60X; 019-180-917-546-664; 019-207-884-285-02X; 019-293-238-244-18X; 019-371-720-588-360; 019-673-718-866-601; 019-903-081-784-991; 019-997-352-357-175; 020-020-293-269-648; 020-309-830-258-790; 020-318-814-586-297; 020-488-497-149-326; 020-628-026-556-656; 020-699-204-941-214; 020-888-200-021-317; 020-897-370-126-343; 021-067-089-827-643; 021-104-875-977-462; 021-291-952-698-931; 021-371-265-667-607; 021-373-554-453-794; 021-390-100-305-396; 021-415-168-983-175; 021-421-692-851-241; 021-503-542-925-160; 021-507-377-812-338; 021-686-101-532-331; 021-774-664-378-104; 021-786-976-943-537; 021-857-874-945-721; 021-864-804-657-754; 021-885-847-513-016; 021-904-590-883-716; 021-975-868-805-797; 022-016-698-869-677; 022-065-480-928-102; 022-077-577-862-873; 022-174-480-676-235; 022-273-724-144-993; 022-278-908-485-728; 022-379-545-527-038; 022-491-505-582-876; 022-612-917-125-856; 022-744-301-107-099; 022-760-056-693-978; 022-811-972-820-028; 022-916-954-168-655; 023-034-188-007-917; 023-096-794-536-978; 023-148-398-104-841; 023-172-343-005-504; 023-208-166-042-540; 023-265-934-968-161; 023-305-089-451-520; 023-311-815-111-602; 023-628-520-081-771; 023-705-398-979-823; 023-740-352-992-719; 023-784-900-461-121; 023-875-485-306-995; 023-914-335-702-107; 023-970-470-383-184; 023-972-073-539-981; 024-028-973-966-035; 024-104-276-373-092; 024-240-008-626-707; 024-571-598-466-825; 024-597-880-692-899; 024-690-455-780-376; 024-691-375-056-868; 024-738-244-821-65X; 024-813-408-930-324; 024-866-657-733-056; 025-021-585-906-254; 025-031-949-186-737; 025-075-579-487-894; 025-098-390-657-732; 025-122-263-590-712; 025-135-969-982-956; 025-157-712-046-756; 025-275-849-785-899; 025-387-194-083-605; 025-393-683-281-195; 025-428-920-393-236; 025-498-989-570-724; 025-703-581-202-020; 025-774-282-137-343; 025-947-619-788-532; 026-189-539-500-937; 026-191-516-131-828; 026-197-407-619-098; 026-282-954-256-659; 026-471-938-508-548; 026-472-029-964-188; 026-549-716-692-471; 026-607-821-375-526; 026-642-298-292-016; 026-672-489-863-413; 026-846-696-902-11X; 026-880-125-087-51X; 027-010-420-892-535; 027-025-177-661-236; 027-037-642-371-17X; 027-089-477-172-541; 027-338-979-744-129; 027-386-317-775-096; 027-494-851-169-836; 027-537-574-915-155; 027-591-952-150-16X; 027-695-340-652-552; 027-696-564-287-587; 027-951-994-043-078; 028-024-459-703-934; 028-070-754-536-777; 028-092-799-651-194; 028-152-318-934-954; 028-324-293-874-585; 028-389-582-117-06X; 028-473-316-174-610; 028-551-664-875-502; 028-564-012-196-259; 028-750-738-188-062; 028-831-074-107-876; 028-974-874-721-514; 028-984-378-670-147; 029-041-376-553-353; 029-115-702-877-492; 029-154-279-752-896; 029-195-423-172-724; 029-196-694-395-983; 029-287-468-357-317; 029-353-344-335-397; 029-423-519-695-089; 029-483-796-037-126; 029-630-152-456-349; 029-746-598-174-113; 029-767-551-541-919; 029-922-251-860-026; 029-944-812-864-13X; 030-630-839-993-728; 030-646-076-776-19X; 030-711-389-998-875; 030-745-398-641-726; 030-910-112-129-361; 030-960-889-796-29X; 031-077-534-575-897; 031-145-604-912-345; 031-318-572-852-263; 031-378-300-299-542; 031-417-254-134-999; 031-574-291-984-967; 031-599-302-660-679; 031-702-324-062-242; 031-746-358-752-211; 031-931-389-318-56X; 032-216-592-178-869; 032-250-389-174-917; 032-281-390-058-958; 032-293-772-920-249; 032-320-841-446-669; 032-419-922-240-312; 032-764-844-423-670; 032-840-962-399-386; 032-967-709-304-820; 032-982-097-445-555; 033-016-309-357-993; 033-092-945-158-404; 033-188-246-785-528; 033-322-703-798-143; 033-472-529-807-983; 033-503-033-878-71X; 033-706-454-003-84X; 033-732-982-861-88X; 033-852-625-704-380; 033-901-358-949-284; 033-912-179-542-60X; 033-931-721-980-698; 033-935-919-466-211; 034-068-706-667-507; 034-160-192-344-509; 034-196-980-083-658; 034-253-601-817-905; 034-336-235-557-608; 034-493-598-954-396; 034-582-624-437-371; 034-629-117-647-986; 034-770-938-204-018; 034-784-448-703-372; 034-846-762-150-033; 035-079-253-818-543; 035-250-843-447-161; 035-254-212-480-393; 035-290-713-204-117; 035-320-151-295-735; 035-412-868-818-212; 035-511-826-828-387; 035-521-547-840-016; 035-601-314-660-815; 035-705-428-782-745; 035-718-746-340-419; 035-833-261-751-635; 035-833-607-320-884; 035-879-568-617-012; 035-904-486-591-869; 035-944-256-435-074; 035-947-921-965-512; 036-185-732-121-909; 036-266-022-761-746; 036-286-963-445-997; 036-305-229-707-180; 036-306-553-961-505; 036-474-680-552-547; 036-544-778-173-909; 036-615-479-671-743; 036-768-509-015-753; 036-806-378-333-43X; 036-905-173-632-464; 036-973-660-433-037; 037-155-761-061-043; 037-274-295-240-934; 037-274-535-074-796; 037-313-836-508-964; 037-512-503-344-801; 037-706-836-883-980; 037-729-359-839-195; 037-738-733-177-035; 038-036-163-254-296; 038-054-780-124-808; 038-122-131-626-543; 038-129-845-618-619; 038-289-558-192-793; 038-441-056-744-029; 038-448-355-608-803; 038-449-129-581-272; 038-472-004-901-768; 038-535-601-017-503; 038-563-742-895-148; 038-655-424-491-955; 038-707-176-634-612; 038-897-321-654-506; 039-213-739-040-305; 039-244-426-636-978; 039-313-487-142-046; 039-351-278-098-971; 039-389-695-348-170; 039-513-620-174-853; 039-563-941-710-413; 039-692-338-434-312; 040-061-625-011-552; 040-211-810-252-834; 040-392-172-874-49X; 040-443-615-965-532; 040-471-920-529-33X; 040-478-271-071-69X; 040-513-971-066-382; 040-649-632-980-682; 040-680-307-245-68X; 040-947-935-211-835; 041-188-952-161-384; 041-338-906-184-439; 041-363-489-073-512; 041-652-553-732-801; 041-698-553-289-858; 041-901-423-991-295; 041-920-455-372-513; 041-920-670-836-843; 041-935-926-543-713; 042-317-700-652-114; 042-489-233-325-640; 042-568-476-583-586; 042-685-067-356-414; 043-042-734-594-449; 043-057-881-206-508; 043-078-206-488-540; 043-084-545-388-465; 043-100-183-338-117; 043-148-736-995-225; 043-163-527-486-884; 043-173-730-809-676; 043-181-816-002-793; 043-212-316-018-384; 043-219-086-244-731; 043-243-660-127-485; 043-404-757-014-019; 043-498-933-352-579; 043-684-485-565-878; 043-759-028-545-736; 043-802-411-858-277; 043-888-688-676-230; 043-917-333-573-881; 044-006-196-102-117; 044-015-572-431-577; 044-021-126-797-158; 044-054-840-149-773; 044-367-841-641-791; 044-388-513-424-90X; 044-583-221-520-311; 044-648-719-377-932; 044-664-616-662-626; 044-728-267-976-538; 044-776-289-780-25X; 045-013-445-670-353; 045-046-095-726-572; 045-065-464-547-208; 045-126-310-848-434; 045-360-249-006-267; 045-363-545-788-308; 045-466-652-070-280; 045-618-885-292-298; 045-669-816-406-28X; 045-698-591-570-961; 045-782-481-200-54X; 045-804-727-248-274; 045-842-895-697-180; 045-910-148-197-918; 045-965-875-739-398; 046-316-707-743-52X; 046-458-883-366-894; 046-576-373-189-012; 046-699-046-616-013; 046-828-904-798-529; 046-841-674-135-16X; 046-907-452-260-183; 046-926-898-664-493; 047-132-751-457-758; 047-235-224-452-439; 047-277-493-827-468; 047-312-388-656-944; 047-345-046-218-072; 047-412-317-482-615; 047-510-289-680-436; 047-755-933-074-847; 047-898-854-337-782; 047-916-392-797-819; 047-972-576-337-768; 047-995-645-446-362; 048-124-177-989-296; 048-147-337-054-740; 048-397-533-587-888; 048-400-380-908-189; 048-404-462-025-679; 048-450-046-110-839; 048-513-838-162-325; 048-788-351-769-398; 048-802-985-457-415; 048-876-091-907-634; 049-031-787-684-768; 049-044-599-814-820; 049-046-066-908-970; 049-133-473-270-930; 049-278-575-090-815; 049-294-379-062-710; 049-329-470-473-569; 049-349-365-127-646; 049-425-338-457-238; 049-966-193-999-766; 050-019-761-042-883; 050-245-182-569-125; 050-308-380-804-451; 050-342-174-041-587; 050-411-983-170-879; 050-510-056-369-303; 050-545-784-397-927; 050-736-452-066-795; 050-771-318-579-577; 050-905-746-645-906; 050-932-325-527-091; 051-081-918-120-610; 051-337-464-635-869; 051-343-619-775-470; 051-352-319-822-145; 051-471-753-720-071; 051-516-307-039-557; 051-899-367-079-068; 051-914-025-455-345; 051-960-568-225-80X; 052-630-005-316-77X; 052-854-705-945-975; 052-910-142-865-085; 052-914-205-085-165; 053-051-892-919-891; 053-185-752-407-37X; 053-220-565-413-046; 053-352-740-445-729; 053-488-485-755-334; 053-557-089-584-023; 053-676-354-926-488; 053-779-353-549-176; 053-835-375-920-128; 054-009-163-946-571; 054-157-487-393-015; 054-214-021-797-710; 054-342-045-242-660; 054-399-592-950-065; 054-465-810-253-536; 054-632-285-379-098; 054-822-465-774-447; 055-083-875-063-744; 055-146-754-134-580; 055-342-364-679-858; 055-405-235-644-849; 055-552-827-909-716; 055-713-393-398-385; 055-954-250-154-532; 056-061-582-399-147; 056-140-668-052-051; 056-201-714-093-337; 056-290-274-313-902; 056-309-238-658-177; 056-600-840-061-06X; 056-646-883-411-764; 056-674-859-932-71X; 056-747-464-646-182; 056-904-780-388-775; 056-962-114-616-305; 057-140-444-722-729; 057-223-049-619-645; 057-333-747-921-849; 057-377-363-265-330; 057-463-017-406-111; 057-550-751-066-612; 057-719-677-999-406; 057-723-132-306-093; 057-827-255-642-202; 057-992-179-111-838; 058-428-282-677-249; 058-446-300-827-925; 058-448-466-834-964; 058-463-791-105-891; 058-490-030-592-772; 058-569-703-645-405; 058-640-831-576-474; 058-739-522-800-997; 058-810-948-061-895; 058-813-826-612-314; 059-051-962-498-50X; 059-129-399-833-416; 059-229-227-834-269; 059-644-046-570-960; 059-744-984-699-558; 059-967-463-461-155; 060-151-201-673-629; 060-258-756-813-883; 060-299-250-122-269; 060-322-773-023-860; 060-407-166-492-246; 060-477-275-416-430; 060-485-067-365-245; 060-487-888-793-529; 060-513-746-273-831; 060-617-937-496-305; 060-622-110-394-278; 060-769-654-098-895; 060-827-889-207-403; 060-921-022-442-807; 060-941-987-193-489; 061-089-156-781-402; 061-413-759-841-330; 061-454-469-851-793; 061-469-292-951-239; 061-610-496-848-911; 061-806-254-287-028; 061-871-987-984-921; 062-124-445-615-838; 062-153-012-069-66X; 062-172-386-680-467; 062-612-999-457-360; 062-699-391-720-225; 062-960-482-558-872; 063-072-359-305-061; 063-190-811-897-241; 063-330-179-823-514; 063-415-550-079-359; 063-498-699-286-440; 063-517-474-445-35X; 063-550-038-954-697; 063-555-247-163-974; 063-747-541-072-711; 063-771-275-483-648; 063-949-790-852-159; 064-017-034-126-916; 064-109-253-033-224; 064-330-360-508-136; 064-389-477-412-687; 064-427-920-298-239; 064-450-255-482-591; 064-496-757-598-547; 065-004-771-538-981; 065-475-829-399-226; 065-534-383-817-370; 065-626-063-270-626; 065-769-608-886-868; 065-860-660-617-216; 065-930-441-208-448; 065-963-719-392-341; 066-038-355-490-001; 066-063-820-764-421; 066-171-456-481-369; 066-229-528-072-847; 066-267-810-372-250; 066-349-480-390-980; 066-356-994-664-147; 066-399-314-646-659; 066-600-156-290-993; 066-600-406-284-968; 066-657-854-500-633; 067-115-520-287-131; 067-191-547-352-145; 067-213-686-683-985; 067-340-347-267-567; 067-361-755-074-433; 067-368-265-059-136; 067-400-032-750-329; 067-405-571-738-495; 067-593-942-310-641; 067-666-373-205-167; 067-969-983-178-651; 068-056-739-622-124; 068-094-998-648-895; 068-134-040-213-037; 068-356-371-870-537; 068-480-188-054-679; 068-523-453-826-404; 068-543-181-563-003; 068-641-769-845-297; 068-671-415-787-269; 068-696-731-323-985; 068-718-719-863-465; 068-753-281-280-241; 068-818-074-687-414; 068-838-087-803-398; 069-016-687-885-562; 069-120-900-960-809; 069-137-533-389-997; 069-196-085-189-632; 069-219-428-910-364; 069-314-692-137-556; 069-687-583-426-780; 069-954-537-003-916; 069-984-484-365-32X; 070-106-510-501-927; 070-322-997-838-017; 070-608-445-472-508; 070-675-632-647-959; 070-824-720-050-235; 070-877-747-936-158; 070-897-258-275-086; 070-915-077-727-916; 070-929-591-789-279; 071-200-023-852-794; 071-383-197-705-289; 071-444-308-799-705; 071-477-132-679-849; 071-642-722-831-974; 071-759-762-163-009; 071-906-841-807-420; 071-977-957-843-165; 072-116-260-431-04X; 072-177-365-108-352; 072-339-421-305-713; 072-515-530-556-431; 072-571-737-857-22X; 072-602-087-085-641; 072-606-633-506-326; 072-766-364-044-196; 072-967-766-152-377; 073-232-795-848-436; 073-701-196-545-440; 073-804-168-333-709; 073-919-982-507-38X; 074-011-706-425-413; 074-055-214-897-590; 074-091-345-261-363; 074-188-375-814-556; 074-197-051-037-716; 074-201-414-422-55X; 074-220-038-973-801; 074-225-102-766-675; 074-301-114-189-168; 074-467-935-881-127; 074-501-669-763-457; 074-570-582-585-36X; 074-643-957-610-950; 074-680-691-356-176; 074-686-217-461-531; 074-942-249-914-005; 075-018-841-917-267; 075-073-361-025-27X; 075-116-783-956-047; 075-307-514-898-856; 075-448-019-530-017; 075-530-462-620-992; 075-569-590-492-938; 075-641-871-747-240; 075-698-793-916-770; 075-801-930-720-700; 075-926-682-953-060; 075-989-215-175-480; 076-020-318-515-246; 076-187-133-715-940; 076-464-532-379-326; 076-550-549-618-152; 076-659-241-766-940; 076-804-420-163-166; 077-059-324-683-128; 077-557-267-417-30X; 077-574-231-747-678; 077-625-249-434-589; 077-683-243-975-515; 077-798-526-658-018; 077-805-233-779-409; 077-822-880-452-343; 077-843-284-545-546; 077-857-940-065-303; 077-878-622-125-967; 077-930-424-410-906; 078-008-761-683-755; 078-027-903-678-817; 078-065-752-279-735; 078-461-161-400-438; 078-500-343-928-750; 078-910-814-099-912; 078-918-605-982-860; 079-140-273-308-07X; 079-154-946-620-840; 079-163-703-278-969; 079-193-048-702-053; 079-359-018-240-73X; 079-373-593-913-049; 079-384-024-910-44X; 079-433-797-148-475; 079-809-050-687-326; 079-836-800-478-181; 080-111-971-921-309; 080-142-224-521-995; 080-265-536-517-40X; 080-356-372-658-196; 080-485-661-842-441; 080-502-831-215-750; 080-647-299-250-37X; 080-870-525-636-644; 080-922-255-819-599; 080-964-581-317-995; 081-157-682-730-063; 081-279-772-432-364; 081-285-188-476-780; 081-329-152-125-788; 081-544-513-134-308; 081-618-228-221-436; 081-659-968-900-291; 081-699-915-351-328; 081-821-302-910-728; 081-942-811-365-642; 082-198-482-375-05X; 082-323-880-667-760; 082-326-047-982-924; 082-358-447-581-106; 082-484-041-286-470; 082-704-483-506-292; 082-942-783-264-890; 082-952-655-628-417; 083-095-892-894-383; 083-416-652-545-875; 083-875-837-631-57X; 083-905-682-036-462; 083-940-897-371-034; 084-175-631-472-656; 084-177-494-721-263; 084-293-283-661-553; 084-295-138-508-586; 084-358-210-030-472; 084-458-136-753-274; 084-482-611-395-956; 084-619-760-224-792; 084-800-774-827-267; 084-974-234-203-891; 085-037-292-069-686; 085-167-747-923-101; 085-265-713-632-065; 085-552-004-355-554; 085-652-927-438-460; 085-876-447-651-003; 086-103-385-838-279; 086-136-152-104-080; 086-208-384-745-960; 086-288-250-411-925; 086-585-859-061-364; 086-707-115-027-588; 086-760-733-035-086; 086-843-684-231-948; 087-019-327-851-023; 087-180-390-811-842; 087-199-002-304-591; 087-398-010-120-647; 087-557-839-433-034; 087-845-335-305-596; 087-992-094-451-524; 088-257-501-511-578; 088-475-500-672-375; 088-478-949-939-133; 088-591-054-984-94X; 088-661-107-973-058; 088-731-010-598-897; 088-850-423-121-407; 088-908-182-830-198; 089-170-114-000-668; 089-209-433-648-600; 089-363-218-023-822; 089-384-553-316-385; 089-795-067-204-050; 089-805-970-948-757; 089-951-238-765-891; 090-064-279-435-375; 090-068-741-525-484; 090-278-678-625-428; 090-282-787-210-207; 090-322-081-819-671; 090-744-858-278-609; 090-758-676-807-60X; 090-853-128-641-835; 090-935-707-752-141; 091-153-418-160-270; 091-279-197-354-373; 091-390-676-242-93X; 091-408-300-514-979; 091-470-842-459-377; 091-555-834-298-086; 091-739-407-826-717; 092-192-653-310-927; 092-492-603-949-428; 092-881-983-874-315; 092-895-672-831-331; 093-145-267-349-369; 093-164-780-460-838; 093-182-527-002-20X; 093-272-001-671-619; 093-306-846-473-30X; 093-381-292-459-88X; 093-474-550-892-188; 093-493-687-657-158; 093-510-818-201-049; 093-671-366-881-422; 093-913-566-975-369; 093-915-196-276-497; 093-971-604-521-890; 093-995-479-530-689; 094-428-084-387-916; 094-725-818-009-385; 094-812-543-199-081; 094-854-138-900-562; 094-884-116-770-581; 095-101-304-034-058; 095-294-794-861-745; 095-480-878-749-397; 095-615-253-230-160; 095-947-723-818-817; 095-969-629-345-483; 096-174-980-749-554; 096-179-235-711-073; 096-224-788-071-686; 096-277-967-721-057; 096-293-555-517-332; 096-547-219-029-425; 096-632-113-198-366; 096-665-012-449-868; 096-928-968-599-475; 097-097-640-892-362; 097-142-795-692-330; 097-314-156-135-448; 097-446-354-332-228; 097-791-639-704-15X; 098-046-351-143-855; 098-151-471-299-883; 098-179-274-490-018; 098-429-663-729-781; 098-470-075-216-546; 098-472-228-526-094; 098-546-681-543-262; 098-843-000-349-714; 098-887-181-382-832; 098-909-234-848-320; 098-965-606-574-196; 099-136-870-605-703; 099-222-258-328-915; 099-223-446-275-624; 099-249-123-320-860; 099-327-390-183-216; 099-368-371-886-152; 099-445-395-207-974; 099-537-056-178-193; 099-542-687-152-404; 099-604-064-294-861; 099-703-926-007-170; 099-773-913-503-398; 099-878-369-452-646; 099-908-371-790-26X; 100-094-886-079-577; 100-132-652-263-480; 100-393-281-881-583; 100-461-374-262-011; 100-525-947-327-952; 101-107-834-439-530; 101-217-953-464-971; 102-109-812-784-195; 102-173-193-217-509; 102-312-196-653-426; 102-324-682-910-369; 102-352-723-437-108; 102-423-656-641-621; 102-696-444-981-660; 102-710-509-272-944; 102-993-508-821-641; 103-229-199-174-374; 103-394-358-615-907; 103-524-745-050-46X; 103-557-654-660-36X; 103-588-215-051-505; 103-743-079-704-854; 103-939-821-992-155; 104-148-282-598-065; 104-326-457-713-563; 104-525-195-318-687; 104-709-565-513-647; 104-712-719-600-389; 105-065-497-247-417; 105-122-403-866-953; 105-155-068-520-357; 105-235-572-077-155; 105-873-190-465-925; 105-894-983-764-020; 105-973-458-286-396; 106-039-183-315-04X; 106-169-755-185-988; 106-539-545-274-128; 106-631-200-510-537; 106-706-324-712-361; 106-790-943-558-45X; 106-835-912-982-57X; 106-945-295-200-575; 107-082-067-991-550; 107-121-731-716-784; 107-672-989-557-283; 107-855-806-536-028; 107-884-846-613-107; 107-935-856-703-55X; 108-026-505-524-46X; 108-120-882-803-887; 108-229-780-929-947; 108-275-237-517-489; 108-566-686-403-399; 108-708-459-130-571; 108-829-209-476-415; 108-992-906-316-759; 109-594-249-194-458; 109-638-724-327-937; 110-211-354-023-436; 110-756-138-009-701; 110-878-765-923-944; 111-134-562-875-908; 111-174-150-677-83X; 111-238-453-376-479; 111-438-296-078-377; 111-518-399-327-620; 111-546-152-409-331; 111-677-795-893-163; 111-728-082-463-582; 111-819-171-804-346; 111-951-073-049-306; 111-966-414-061-795; 112-038-045-946-137; 112-051-095-001-824; 112-144-408-150-867; 112-156-186-993-997; 112-644-017-794-308; 112-747-215-660-644; 112-970-379-360-308; 113-072-898-707-504; 113-101-738-398-060; 113-307-213-968-175; 113-977-847-135-565; 114-783-418-498-377; 114-871-555-560-595; 114-902-829-416-363; 115-000-412-833-317; 115-143-544-022-32X; 115-147-515-656-495; 115-264-763-045-450; 115-449-674-474-473; 115-450-693-351-434; 115-482-499-323-938; 115-507-902-899-207; 115-710-101-339-81X; 115-767-001-387-950; 115-851-571-454-002; 116-175-669-708-037; 116-227-800-313-164; 116-554-736-740-636; 116-644-036-644-255; 116-847-597-172-294; 117-013-176-869-814; 117-039-635-684-401; 117-057-334-531-953; 117-215-198-971-284; 117-458-447-714-278; 117-526-940-392-50X; 117-912-867-540-574; 117-921-086-740-498; 118-275-012-964-125; 118-793-446-131-606; 119-070-441-662-907; 119-492-763-762-943; 119-509-406-035-287; 119-650-500-248-644; 119-654-645-084-255; 119-747-959-874-99X; 119-866-214-549-721; 119-939-838-309-616; 120-179-795-761-077; 120-605-712-956-231; 120-868-516-794-188; 120-904-005-016-689; 120-915-160-924-787; 120-939-919-583-081; 121-335-742-805-185; 121-398-519-490-457; 121-748-350-252-636; 121-971-922-532-177; 122-021-194-878-352; 122-055-809-236-440; 122-087-566-113-441; 122-497-595-913-60X; 122-619-083-608-92X; 122-662-608-693-826; 122-804-472-555-82X; 122-931-157-918-629; 123-076-398-859-916; 123-172-095-846-157; 123-296-903-124-297; 123-439-874-747-449; 123-573-684-366-925; 123-791-045-580-883; 123-833-863-015-301; 124-051-136-564-427; 124-382-701-819-127; 124-440-274-080-315; 124-986-103-047-101; 125-716-052-630-001; 125-820-718-665-738; 126-206-523-828-150; 126-452-967-584-197; 126-834-823-593-223; 126-979-235-332-024; 127-128-185-485-452; 127-234-262-912-462; 127-245-926-448-847; 127-504-976-502-286; 127-545-160-287-895; 127-749-207-547-098; 127-998-646-647-688; 128-014-682-041-394; 128-101-449-303-760; 128-212-182-068-045; 128-324-389-267-945; 128-808-113-580-579; 129-024-744-135-181; 129-349-979-139-342; 129-553-053-945-664; 129-589-633-488-265; 129-880-815-175-300; 130-497-379-872-890; 130-663-767-640-136; 130-760-724-688-679; 130-812-430-829-482; 131-085-982-897-043; 131-262-737-303-39X; 131-277-108-769-965; 131-410-499-782-20X; 131-435-138-397-42X; 131-714-397-056-162; 132-058-957-732-637; 132-569-611-176-359; 133-339-414-079-341; 133-712-964-319-138; 133-807-198-559-897; 133-829-259-020-324; 134-037-862-087-962; 134-106-596-440-511; 134-119-943-112-735; 134-237-550-413-913; 134-408-113-522-787; 134-416-000-970-401; 134-512-749-174-167; 134-539-937-541-673; 134-943-374-939-075; 134-998-157-537-545; 134-999-352-355-389; 135-190-284-716-700; 135-216-882-081-963; 135-276-833-453-040; 135-903-554-768-314; 136-263-643-186-731; 136-524-644-380-360; 136-868-449-109-435; 136-968-995-024-39X; 136-973-330-676-429; 137-073-400-295-342; 137-321-566-393-217; 137-929-171-269-970; 138-105-764-522-016; 138-406-956-932-65X; 138-412-788-409-050; 138-776-238-969-077; 138-873-722-661-861; 138-913-217-834-884; 138-966-900-647-038; 138-988-634-851-761; 139-580-627-412-741; 139-673-390-447-120; 139-736-168-240-896; 139-795-514-987-539; 139-822-085-537-61X; 140-281-545-099-224; 140-595-916-949-673; 140-777-411-500-632; 140-923-310-927-314; 140-966-409-569-49X; 140-992-515-149-236; 141-088-135-392-120; 141-184-982-091-994; 142-004-719-046-542; 142-140-353-374-82X; 143-643-125-908-579; 143-793-986-785-500; 143-978-868-483-772; 144-207-693-348-86X; 144-506-527-144-95X; 144-680-712-362-602; 144-727-816-114-115; 145-318-799-704-752; 145-448-618-989-484; 145-449-105-006-635; 145-934-830-723-871; 146-062-425-224-332; 146-724-571-583-202; 146-752-322-027-764; 147-107-365-999-744; 147-259-884-408-611; 147-275-878-030-579; 147-496-371-821-67X; 147-681-987-298-80X; 147-977-412-805-607; 147-995-576-811-383; 148-018-121-811-735; 148-071-801-359-706; 148-125-141-481-36X; 148-355-398-397-052; 148-356-774-391-039; 148-639-746-233-789; 148-879-035-183-618; 148-947-195-800-138; 149-139-404-595-179; 149-675-275-603-142; 149-680-261-916-857; 149-777-125-288-519; 150-161-925-552-824; 150-379-280-377-089; 150-649-443-111-953; 151-025-998-877-136; 151-246-256-456-577; 151-330-790-635-032; 151-622-443-987-302; 151-667-201-990-196; 152-185-136-532-029; 152-846-918-298-850; 153-031-289-263-16X; 153-313-129-196-688; 153-314-802-230-589; 153-959-009-922-377; 153-964-476-258-192; 154-004-434-980-927; 154-313-895-502-636; 154-357-375-348-051; 155-412-066-439-238; 155-551-618-529-718; 155-835-138-088-655; 156-038-845-307-735; 156-136-814-837-628; 156-308-740-069-985; 156-425-366-946-599; 156-665-731-205-645; 157-272-055-541-836; 157-544-062-078-962; 157-717-086-399-771; 157-979-617-960-426; 158-299-051-347-979; 158-355-051-660-31X; 158-448-243-629-029; 160-462-838-510-935; 160-548-898-962-156; 160-643-625-319-11X; 160-660-639-375-782; 160-842-234-149-426; 160-971-569-276-903; 160-980-264-311-653; 160-991-786-427-868; 161-449-135-423-739; 161-741-460-833-406; 161-852-681-677-277; 162-360-516-786-416; 162-962-766-576-444; 163-158-036-303-355; 163-354-664-590-111; 163-370-985-438-065; 163-393-636-060-940; 163-832-496-365-233; 164-121-934-729-611; 164-233-751-793-174; 164-243-736-409-92X; 165-987-499-764-933; 165-987-875-786-010; 166-193-747-902-672; 166-816-096-520-15X; 166-825-128-446-295; 166-834-134-483-265; 167-190-203-977-978; 167-272-294-765-434; 167-717-134-916-829; 167-725-140-897-863; 168-205-899-722-142; 168-513-690-115-397; 169-343-082-160-079; 169-890-809-863-940; 170-178-296-112-960; 171-250-128-900-722; 171-541-444-587-66X; 171-743-159-819-762; 171-766-778-571-518; 171-936-481-977-145; 172-449-074-641-255; 172-449-519-897-529; 172-554-530-523-127; 172-765-473-179-859; 173-155-311-625-252; 173-253-458-414-459; 173-401-180-705-463; 173-485-001-058-960; 174-197-085-766-242; 174-208-102-025-923; 174-599-443-809-727; 175-393-654-223-315; 175-662-834-052-376; 178-556-840-689-154; 179-228-983-368-941; 179-390-720-606-966; 180-034-537-639-385; 180-451-721-243-775; 180-476-635-065-344; 180-724-315-786-214; 181-132-832-028-128; 181-354-155-798-662; 181-451-707-465-888; 183-166-012-949-384; 183-286-645-207-133; 184-210-958-589-174; 184-298-246-182-252; 185-247-218-125-062; 185-833-993-207-431; 186-491-253-968-701; 186-758-445-316-29X; 186-795-806-868-659; 187-175-217-291-600; 188-332-136-393-173; 188-488-925-993-973; 192-478-863-385-643; 193-854-823-285-499; 194-318-568-394-627; 195-004-403-769-683; 195-222-494-715-458; 196-006-045-731-09X; 196-010-684-621-817,8,true,,bronze
116-544-024-642-510,Social Search & Social Media Optimization,,2010,,,,,,null AnaMatei,,,,,,World Wide Web; Sociology; Social search; Social media optimization,,,,,http://www.anamatei.ro/2010/12/14/social-search-social-media-optimization/,http://www.anamatei.ro/2010/12/14/social-search-social-media-optimization/,,,2978041974,,0,,0,false,,
116-636-407-683-764,LibGuides: Social Media for Scientists/Scholars: Social Media @ CSHL,2011-08-26,2011,libguide,,,,,Tom A,"Provides an overview of social media, highlighting those intended specifically for scientists and scholars. Also describes CSHL's current social media presence. Social Media @ CSHL",,,,,Internet privacy; Political science; Mobile apps; Social media; Social media optimization,,,,,https://cshl.libguides.com/c.php?g=474049&p=3243792,https://cshl.libguides.com/c.php?g=474049&p=3243792,,,2562349525,,0,,0,false,,
116-752-344-956-232,Social Computing and Social Media,,2024,book,Lecture Notes in Computer Science,03029743; 16113349,Springer Nature Switzerland,Germany,International Conference on Social Computing and Social Media 2024 Washington; Adela Coman; Simona Vasilache; DC; Online HCI International Conference 2024 Washington,,,,,,Computer science; Social media; Social computing; World Wide Web,,,,,https://link.springer.com/content/pdf/bfm:978-3-031-61312-8/1 https://doi.org/10.1007/978-3-031-61312-8,http://dx.doi.org/10.1007/978-3-031-61312-8,,10.1007/978-3-031-61312-8,,,0,,0,true,,bronze
117-008-711-687-523,The Media And Modernity A Social Theory Of The Media,,2016,,,,,,Diana Sommer,"the media and modernity a social theory of the media is available in our book collection an online access to it is set as public so you can download it instantly. Our digital library spans in multiple countries, allowing you to get the most less latency time to download any of our books like this one. Merely said, the the media and modernity a social theory of the media is universally compatible with any devices to read.",,,,,Sociology; Set (psychology); Modernity; Download; Media studies; Social science; Social theory; Digital library; Latency (audio),,,,,,,,,2491940638,,0,125-141-334-092-171,0,false,,
117-799-051-525-134,Social media,2013-06-17,2013,book chapter,How to Cut it in the Media,,CRC Press,,,,,,112,116,Sociology,,,,,,http://dx.doi.org/10.1201/b15021-14,,10.1201/b15021-14,,,0,,0,false,,
118-013-107-649-734,Structural Differentiation in Social Media - Structural Differentiation in Social Media,,2017,book,Lecture Notes in Social Networks,21905428; 21905436,Springer International Publishing,,Sorin Adam Matei; Brian C. Britt,,,,,,Sociology; Media studies; Social media,,,,,https://link.springer.com/10.1007/978-3-319-64425-7,http://dx.doi.org/10.1007/978-3-319-64425-7,,10.1007/978-3-319-64425-7,2755317789,,0,,25,false,,
118-072-380-378-04X,Social Media in Social Work Practice,2019-04-01,2019,book,,,,,Joanne Louise Westwood,"Social media in social work practice; The social work profession is underpinned by a value base which is philosophically rooted in social justice, reducing inequalities, empowerment, advocacy and enablement, promoting choice and personal development. The values of social work which rest on respect, dignity and strengthening individuals, families and communities are challenging to adhere to in a political and economic climate which sees social workers publicly blamed and castigated when errors are made, and yet still we try to uphold them and work towards the greater good. As this book illustrates social media technologies have opened up participatory ways of working, and facilitating ways of communicating our work and practice to wider public and global audiences. ; Social media provides a virtual environment where knowledge about the social work profession and practice is shared. The virtual environment has come to offer a space for social interaction which potentially extends our relationality, how we relate to and with others. The virtual environments we create on social media offers service users, carers and professionals’ spaces for engagement, relationship building, therapeutic or other formal interventions. Amidst this digitally mediated social environment, we are exposed to and interact with pain, distress and trauma, and simultaneously the minutiae and tedium of everyday life, this book discusses how and when we align our professional values in this environment.",,,,,Social environment; Social relation; Sociology; Social work; Citizen journalism; Empowerment; Dignity; Everyday life; Public relations; Social media,,,,,https://clok.uclan.ac.uk/28377/ https://www.amazon.com/Social-Media-Work-Practice/dp/1526420767,https://clok.uclan.ac.uk/28377/,,,2943372656,,0,,1,false,,
118-295-334-066-430,Social Media,,2021,reference entry,The SAGE Encyclopedia of Trans Studies,,"SAGE Publications, Inc.",,Mia Fischer,,,,,,Social media; Computer science; World Wide Web,,,,,,http://dx.doi.org/10.4135/9781544393858.n262,,10.4135/9781544393858.n262,,,0,,0,false,,
118-355-983-513-95X,Social Media,,2012,journal article,Journal of Victorian Culture,13555502; 17500133,Oxford University Press (OUP),United Kingdom,James Mussell,,17,3,347,347,Social media; Sociology; Political science; Law,,,,,https://academic.oup.com/jvc/article-pdf/17/3/347/22326892/jvcult0347.pdf https://doi.org/10.1080/13555502.2012.689501,http://dx.doi.org/10.1080/13555502.2012.689501,,10.1080/13555502.2012.689501,,,0,,2,true,,bronze
118-438-511-149-065,LibGuides: Social media for research: Social media in teaching,2012-05-16,2012,libguide,,,,,Lucy Keating,Guide explaining how different social media tools can help at all stages in the academic research process.,,,,,Sociology; Media studies; Research process; Public relations; Social media,,,,,https://libguides.ncl.ac.uk/socialmedia/teaching,https://libguides.ncl.ac.uk/socialmedia/teaching,,,2278950284,,0,,0,false,,
119-158-580-116-70X,Taking Offence on Social Media - Taking Offence on Social Media,,2017,book,,,Springer International Publishing,,Caroline Tagg; Philip Seargeant; Amy Aisha Brown,,,,,,Sociology; Social media; Criminology,,,,,https://link.springer.com/10.1007/978-3-319-56717-4,http://dx.doi.org/10.1007/978-3-319-56717-4,,10.1007/978-3-319-56717-4,2742723233,,0,,87,true,cc-by-nc-nd,green
119-242-243-068-294,Social Media,2024-04-04,2024,book,,,Routledge,,Graham Meikle,"From Facebook and YouTube to TikTok and WeChat, this accessible book explores the relationships between public and personal communication on social media to understand their impacts on users’ everyday lives.&nbsp; Social media have made possible new kinds of relationships, entertainment, and politics, and enabled billions of people to experience new forms of communication, community, and communion. But social media are also profit-driven, data-mining corporations, and their core business model is often built around targeted surveillance that enables the commercial exploitation of their users’ everyday lives. Graham Meikle explores the tensions between these different dimensions of social media, engaging with questions of communication, data, remix, news, visibility, citizenship, and regulation. This second edition has been substantially revised: more than half of the text is entirely new to this edition, and those sections that remain have been completely updated. This new edition includes analysis of the data-driven business models of major social media firms, and of how these firms are expanding into new areas such as AI. It also includes discussion of major developments in news, surveillance, and activism on social media, as well as a new chapter on regulation. This book is an ideal critical introduction to social media in all their complexity.",,,,,Social media; Sociology; Computer science; World Wide Web,,,,,,http://dx.doi.org/10.4324/9781003021100,,10.4324/9781003021100,,,0,,6,false,,
119-345-824-951-634,Social media as a social virtual laboratory,,,,,,,,Granchak Tetiana,,,,,,World Wide Web; Sociology; Virtual Laboratory; Social media,,,,,https://figshare.com/articles/Social_media_as_a_social_virtual_laboratory/1284687/files/1860813,http://dx.doi.org/10.6084/m9.figshare.1284687.v1,,10.6084/m9.figshare.1284687.v1,2203711110,,0,,0,false,,
119-699-382-613-782,Social media,2024-08-27,2024,book chapter,All the Things They Never Told You About Teaching,,Routledge,,Marie Greenhalgh; Poppy Gibson,,,,95,100,Social media; Sociology; Computer science; World Wide Web,,,,,,http://dx.doi.org/10.4324/9781032697932-10,,10.4324/9781032697932-10,,,0,,0,false,,
119-788-391-468-729,"Crime, Media, and Social Media",,2017,,,,,,Sakari Melander,,153,,450,459,Sociology; Media studies; Social media,,,,,https://researchportal.helsinki.fi/en/publications/crime-media-and-social-media,https://researchportal.helsinki.fi/en/publications/crime-media-and-social-media,,,2954513172,,0,,0,false,,
119-932-888-017-644,Social Computing and Social Media,,2016,book,Lecture Notes in Computer Science,03029743; 16113349,Springer International Publishing,Germany,Gabriele Meiselwitz,,,,,,Computer science; Social media; Social computing; World Wide Web; Data science,,,,,,http://dx.doi.org/10.1007/978-3-319-39910-2,,10.1007/978-3-319-39910-2,,,0,,6,false,,
120-108-787-792-924,Social Media,2012-08-17,2012,journal article,Marketing Review St. Gallen,18656544; 18657516,Springer Science and Business Media LLC,,,,29,4,60,60,Social media; Sociology; Political science; Computer science; World Wide Web,,,,,,http://dx.doi.org/10.1365/s11621-012-0153-2,,10.1365/s11621-012-0153-2,,,0,,0,false,,
120-738-520-251-586,Social media and social visibility:,2017-11-21,2017,book chapter,Social Media in Trinidad,,UCL Press,,,,,,137,168,Visibility; Social media; Sociology; Computer science; Geography; World Wide Web; Meteorology,,,,,,http://dx.doi.org/10.2307/j.ctt1xhr53j.9,,10.2307/j.ctt1xhr53j.9,,,0,,0,false,,
120-823-339-624-41X,Introduction to social media and social networks,,2020,book chapter,Analyzing Social Media Networks with NodeXL,,Elsevier,,Derek L. Hansen; Ben Shneiderman; Marc A. Smith; Itai Himelboim,,,,3,10,Social media; Transparency (behavior); Agency (philosophy); Social network (sociolinguistics); Misinformation; Social network analysis; Data science; Profiling (computer programming); Government (linguistics); Set (abstract data type); Public relations; Computer science; World Wide Web; Internet privacy; Political science; Sociology; Computer security; Social science; Philosophy; Linguistics; Operating system; Programming language,,,,,,http://dx.doi.org/10.1016/b978-0-12-817756-3.00001-7,,10.1016/b978-0-12-817756-3.00001-7,,,0,013-886-959-535-580; 015-655-307-616-929; 060-571-317-709-348; 089-386-221-937-838; 127-245-926-448-847,4,false,,
121-248-089-723-922,Social Media,,2014,book chapter,"Children, Adolescents, and the Media",,"SAGE Publications, Inc",,Megan Moreno; Rajitha Kota,,,,435,456,Social media; Sociology; Computer science; World Wide Web,,,,,,http://dx.doi.org/10.4135/9781071934197.n9,,10.4135/9781071934197.n9,,,0,,4,false,,
121-969-190-429-752,Social-Media-Marketing Social-Media-Marketing,2017-05-26,2017,book chapter,Online-Marketing für medizinische Gesellschaften und Verbände,,Springer Berlin Heidelberg,,Alexandra Köhler; Mirko Gründer,,,,83,107,Advertising; Business; Social media marketing,,,,,https://link.springer.com/chapter/10.1007/978-3-662-53469-4_5,http://dx.doi.org/10.1007/978-3-662-53469-4_5,,10.1007/978-3-662-53469-4_5,2615843812,,0,,1,false,,
122-146-958-497-795,Social Media,,2017,other,Historical Dictionary of The Salvation Army,,"The Rowman & Littlefield Publishing Group, Inc.",,,,,,514,517,Social media; Computer science; World Wide Web,,,,,,http://dx.doi.org/10.5040/9798881827670-607,,10.5040/9798881827670-607,,,0,,0,false,,
122-222-809-203-353,LibGuides: Social Media: Social Media,2016-09-12,2016,libguide,,,,,Miranda Valdez,,,,,,Sociology; Media studies; Social media,,,,,http://newbraunfels.libguides.com/c.php?g=562207,http://newbraunfels.libguides.com/c.php?g=562207,,,2527902770,,0,,0,false,,
122-240-632-322-996,WHAT IS SOCIAL ABOUT SOCIAL MEDIA? The Rejuvenation of Television as social media,2021-07-02,2021,journal article,IJRDO - Journal of Business Management,24556661,Green Publication,,Victor Aganbi,"<jats:p>WHAT IS SOCIAL ABOUT SOCIAL MEDIA: The Rejuvenation of Television as Social Media highlights television as the dominant social medium of all time. Communication of any sort is already social interaction involving the sending of a message to a receiver, and the feelings and thoughts of the receiver upon interpreting the message within the viewpoint of a single linear model or two linear models stacked on top of each other to cater for feedback loop in the S-M-M-R (Sender-Message-Medium-Receiver) communication framework. ""Truth"" and ""ideas"" are constructed or invented through the social process wherein the sender channels a message to the receiver and the receiver then becomes the sender and channels a message to the original sender. This feedback model includes cultural background, ethnicity, geographic location, extent of travel, and general personal experiences accumulated over the course of interactant’s lifetime. Thus, the question “what is social about social media” is rhetorical and points to the obvious – the human elements (sender and receiver) define any communication process as SOCIAL and any communication media as SOCIAL MEDIA. Though instantaneity of message delivery and simultaneousness of feedback are contingent to mass communication, they remain elusive and constitute the problem inherent in nearly all forms of media, including the so-called social media platforms. However, social media and television broadcasting have a number of connections and interrelationships that have led to the phenomenon of Social Television. Social Television is an emerging communication digital technology centered around real-time interactivity involving media displayed on television. Through in-depth review, analyses and synthesis of scanty literature, this research questions the description of television as “traditional” or “old.” And, more so, the worn phrase “social media” or “emergent media” in exclusion of television is misnomer. Television – the underrated, overlooked but potentially the most powerful social medium from its humble beginnings, can be more appropriately celebrated as rejuvenated social media. In conclusion, this researcher proposes an updated definition and categorisation of television as social media. The author further makes the case that as television has always been social, never ceased to evolve and is still evolving as social media, it qualifies as emergent media consistent with its dramatically expanding capacity and capabilities beyond sound, picture and text.</jats:p>",7,6,84,93,Communication source; Mass communication; Social media; Computer science; Multimedia; Advertising; Mass media; Social psychology; Psychology; World Wide Web; Telecommunications; Business,,,,,https://www.ijrdo.org/index.php/bm/article/download/4425/3055 https://doi.org/10.53555/bm.v7i6.4425,http://dx.doi.org/10.53555/bm.v7i6.4425,,10.53555/bm.v7i6.4425,,,0,,0,true,cc-by-nc-nd,hybrid
122-401-490-156-56X,Guides: Social Media for Researchers: Why use Social Media,2019-05-25,2019,libguide,,,,,James Wilson,,,,,,Sociology; Media studies; Social media,,,,,https://guides.library.unisa.edu.au/Social-Media/Why-Use-Social-Media,https://guides.library.unisa.edu.au/Social-Media/Why-Use-Social-Media,,,3026736085,,0,,0,false,,
122-409-126-326-848,LibGuides: Social Media Analytics: Social Media Analytics,2018-03-15,2018,libguide,,,,,Susan McMullen,,,,,,Sociology; Data science; Social media analytics,,,,,http://rwu.libguides.com/c.php?g=819233,http://rwu.libguides.com/c.php?g=819233,,,2922211406,,0,,0,false,,
122-426-892-973-74X,Social Media,2024-12-05,2024,book chapter,Public Relations Writing Worktext,,Routledge,,Joseph M. Zappala; Anthony W. D'Angelo,,,,131,143,Social media; Sociology; Computer science; World Wide Web,,,,,,http://dx.doi.org/10.4324/9781003016342-8,,10.4324/9781003016342-8,,,0,,0,false,,
122-687-969-748-715,Social Media,,2014,reference entry,Encyclopedia of Health Communication,,"SAGE Publications, Inc.",,,,,,,,Social media; Computer science; Sociology; World Wide Web,,,,,,http://dx.doi.org/10.4135/9781483346427.n511,,10.4135/9781483346427.n511,,,0,,0,false,,
123-148-811-775-012,social media,,2022,other,The Fairchild Books Dictionary of Fashion,,Bloomsbury Publishing Plc,,,"This seminal text demystifies the terminology of working in the fashion industry today, providing definitions of processes, techniques, features, and even some historical terms that you need to know. The dictionary now includes coverage of sustainability, smart materials, new technologies and processes. This book has been reorganized in a purely alphabetical order for easy reference. Lavishly illustrated with over 800 illustrations capturing the styles and details of fashion, this reference work is a must have for students, designers, fashion merchandisers, historians, and fashion enthusiasts.",,,143,143,Terminology; Computer science; Fashion industry; Order (exchange); Social media; Sustainability; Work (physics); World Wide Web; Multimedia; Linguistics; Engineering; Business; History; Ecology; Archaeology; Clothing; Biology; Finance; Philosophy; Mechanical engineering,,,,,,http://dx.doi.org/10.5040/9781501365287.2547,,10.5040/9781501365287.2547,,,0,,0,false,,
123-300-922-281-692,Social media marketing - An insight on companies’ brand communities on social media,2016-01-01,2016,,,,,,Julia Jaber; Gabriella Lundvall,,,,,,Advertising; Business; Marketing; Social media marketing; Return on marketing investment; Social media; Media management,,,,,http://www.diva-portal.org/smash/record.jsf?pid=diva2:939336,http://www.diva-portal.org/smash/record.jsf?pid=diva2:939336,,,2769164227,,0,,0,false,,
123-446-105-663-81X,Social Media Retrieval - Social Media Retrieval,,2013,book,Computer Communications and Networks,16177975,Springer London,,Naeem Ramzan; Roelof van Zwol; Jong-Seok Lee; Kai Clver; Xian-Sheng Hua,"This comprehensive text/reference examines in depth the synergy between multimedia content analysis, personalization, and next-generation networking. The book demonstrates how this integration can result in robust, personalized services that provide users with an improved multimedia-centric quality of experience. Each chapter offers a practical step-by-step walkthrough for a variety of concepts, components and technologies relating to the development of applications and services. Topics and features: introduces the fundamentals of social media retrieval, presenting the most important areas of research in this domain; examines the important topic of multimedia tagging in social environments, including geo-tagging; discusses issues of personalization and privacy in social media; reviews advances in encoding, compression and network architectures for the exchange of social media information; describes a range of applications related to social media.",,,,,Encoding (memory); Variety (cybernetics); World Wide Web; Domain (software engineering); Personalization; Network architecture; Quality of experience; Computer science; Software walkthrough; Multimedia; Social media,,,,,https://research-portal.uws.ac.uk/en/publications/social-media-retrieval https://link.springer.com/10.1007/978-1-4471-4555-4,http://dx.doi.org/10.1007/978-1-4471-4555-4,,10.1007/978-1-4471-4555-4,2242269286,,0,,32,false,,
123-454-353-250-774,Social Media for Government Services - Social Media for Government Services,,2015,book,,,Springer International Publishing,,Surya Nepal; Ccile Paris; Dimitrios Georgakopoulos,"This book highlights state-of-the-art research, development and implementation efforts concerning social media in government services, bringing together researchers and practitioners in a number of case studies. It elucidatesa number of significant challenges associated with social media specific to government services, such as: benefits and methods of assessing; usability and suitability of tools, technologies and platforms; governance policies and frameworks; opportunities for new services; integrating social media with organisational business processes; and specific case studies. The book also highlights the range of uses and applications of social media in the government domain, at both local and federal levels. As such, it offers a valuable resource for a broad readership including academic researchers, practitioners in the IT industry, developers, and government policy- and decision-makers.",,,115,,Public policy; Information technology; Government; Political science; Corporate governance; Public relations; Social media; Resource (project management); Knowledge management; Audience measurement; Business process,,,,,https://core.ac.uk/display/44531803 https://ro.uow.edu.au/eispapers/5321/,http://dx.doi.org/10.1007/978-3-319-27237-5,,10.1007/978-3-319-27237-5,2462898817,,0,,17,false,,
123-843-471-390-830,Social Media,2015-01-07,2015,book,,,,,Christina Hughes,,,,,,Sociology; Media studies; Social media,,,,,https://www.amazon.com/Social-Media-Issues-Christina-Hughes-ebook/dp/B01K27JM8Q,https://www.amazon.com/Social-Media-Issues-Christina-Hughes-ebook/dp/B01K27JM8Q,,,3092900623,,0,,0,false,,
124-110-947-002-257,A Review of Social Media and Social Business,,2012,conference proceedings article,2012 Fourth International Conference on Multimedia Information Networking and Security,,IEEE,,Zhu Aihua; Chen Xi,"Recent several years have witnessed an explosion of social media and data transmitted through the media. Analysis of social media and social data draw much attention of researchers. And social media is utilized by many industries and departments. There has been extensive literature focused on social media and its application. In this paper, a comprehensive summary for the definition and classification of social media is presented. Then, we review some literature of social data analysis, including analysis of users' characteristics and behaviors and content analysis. Next, social business is discussed.",,,353,357,Sociology; Content analysis; Social competence; Social data analysis; Social business; Public relations; Social media; Social computing; Social network; Social engagement,,,,,https://ieeexplore.ieee.org/document/6405696/,http://dx.doi.org/10.1109/mines.2012.44,,10.1109/mines.2012.44,1974401171,,0,001-334-262-406-833; 002-699-569-407-003; 008-947-212-145-483; 010-161-522-235-211; 011-854-399-312-637; 015-924-167-889-425; 016-658-550-948-587; 026-255-368-510-577; 030-642-018-296-923; 030-889-875-930-487; 032-335-488-336-814; 036-231-434-293-010; 036-804-859-625-75X; 047-432-934-587-71X; 047-897-180-196-05X; 049-680-258-701-171; 055-834-414-157-291; 057-380-592-047-692; 061-355-351-711-820; 062-287-629-321-507; 062-640-871-481-917; 062-869-395-559-925; 070-729-755-824-426; 080-142-224-521-995; 081-436-062-173-712; 083-925-625-829-149; 084-185-278-487-804; 092-870-527-883-812; 101-026-634-343-345; 101-422-779-245-089; 105-491-028-547-195; 110-421-399-026-847; 110-720-183-500-634; 117-524-021-563-700; 122-072-446-877-912; 122-472-332-293-399; 127-530-997-959-794; 132-529-157-335-674; 137-972-780-972-93X; 145-823-426-833-751; 146-341-337-425-291; 150-001-215-691-800; 172-479-605-145-099; 182-080-255-800-791; 182-559-336-487-965; 185-136-383-629-035; 188-592-961-990-235,5,false,,
124-288-767-643-792,Social Media in Sport - Social Media and Brand Management in Sport,2021-07-30,2021,book chapter,Social Media in Sport,,WORLD SCIENTIFIC,,Matt Blaszka; Beth A. Cianfrone,,,,223,252,Advertising; Business; Social media; Brand management,,,,,http://dx.doi.org/10.1142/9789811237669_0009,http://dx.doi.org/10.1142/9789811237669_0009,,10.1142/9789811237669_0009,3191575499,,0,,2,false,,
124-470-320-332-833,Social influence processes in social media,,2025,book chapter,Psychological Processes in Social Media,,Elsevier,,Rosanna E. Guadagno,,,,99,132,Social media; Sociology; Psychology; Computer science; World Wide Web,,,,,,http://dx.doi.org/10.1016/b978-0-12-811320-2.00006-x,,10.1016/b978-0-12-811320-2.00006-x,,,0,001-011-237-647-268; 001-826-006-995-633; 003-112-430-519-431; 003-624-207-047-24X; 012-437-709-126-370; 014-688-883-200-686; 016-042-609-673-843; 022-441-291-248-980; 025-919-808-064-260; 026-292-953-558-347; 028-325-602-716-500; 033-319-164-208-02X; 033-389-281-394-208; 035-092-886-280-794; 036-511-486-051-888; 038-757-074-605-939; 040-907-268-218-905; 042-532-418-037-558; 045-165-716-393-128; 045-763-364-235-416; 047-645-232-642-760; 049-684-074-370-716; 050-127-389-899-650; 050-849-474-729-845; 053-760-242-491-32X; 054-544-296-786-772; 054-636-689-804-749; 057-189-308-944-201; 059-711-530-243-301; 064-346-968-018-799; 071-010-239-115-833; 073-115-996-484-912; 078-453-839-534-027; 080-314-034-381-766; 080-939-586-266-627; 081-701-952-819-575; 089-818-262-750-873; 096-032-897-481-223; 096-277-967-721-057; 097-560-798-179-323; 102-816-927-749-122; 108-046-473-878-148; 113-770-167-640-80X; 114-702-096-852-099; 118-256-440-158-417; 124-134-502-914-436; 128-175-638-564-419; 131-590-446-125-266; 132-915-494-457-037; 133-757-686-158-053; 134-119-943-112-735; 135-405-037-143-197; 139-676-264-245-396; 140-896-940-282-230; 151-613-080-296-240; 152-710-336-792-75X,0,false,,
124-715-846-210-534,Impact of Social Media on Communication and Business - The Future of Social Media,,,book chapter,Impact of Social Media on Communication and Business,,IGI Global,,Bu Zhong,,,,7443,8324,Sociology; Media studies; Social media,,,,,,http://dx.doi.org/10.4018/978-1-4666-9518-4.les9,,10.4018/978-1-4666-9518-4.les9,2483381725,,0,,0,false,,
124-749-462-314-284,Spatializing Social Media - An R package for spatializing social media,2021-06-28,2021,book chapter,Spatializing Social Media,,Routledge,,Marco Bastos,,,,152,165,Sociology; Media studies; R package; Social media,,,,,http://dx.doi.org/10.4324/9780429354328-18,http://dx.doi.org/10.4324/9780429354328-18,,10.4324/9780429354328-18,3174199495,,0,,0,false,,
124-982-869-244-637,Social Media for NursesSocial Media for Nurses,,2013,journal article,Learning Disability Practice,14658712; 20478968,RCN Publishing Ltd.,,Gemma Finnegan,,16,5,8,8,Sociology; Media studies; Social media,,,,,http://rcnpublishing.com/doi/abs/10.7748/ldp2013.06.16.5.8.s11,http://dx.doi.org/10.7748/ldp2013.06.16.5.8.s11,,10.7748/ldp2013.06.16.5.8.s11,2317288494,,0,,0,false,,
124-992-565-267-791,Social Change Through Social Media,2025-05-09,2025,book chapter,Community Change in Action,,Routledge,,Matt Lyttle; Sarah L. Young; Carly L. Redding,"This chapter explores social media's impact on community engagement and development. Traditionally, media served as a one-way communication tool, but social media revolutionized this dynamic, enabling two-way exchanges that foster human connections. Social media platforms facilitate open and closed forms of engagement, empowering communities to participate actively in social change. Social media enhances representation and equity in community efforts by bridging geographical divides and reducing participation barriers. The chapter highlights how platforms like Nextdoor and X (formerly known as Twitter) serve different engagement levels, from local to global, with different purposes and audiences. However, this chapter also cautions against potential pitfalls of social media in development efforts, such as misinformation, unsafe practices, and cultural insensitivity. This chapter also underscores the importance of strategic branding, understanding human psychology, and leveraging viral content mechanics for successful social media campaigns. The chapter concludes with a case study of Greta Thunberg's climate activism, exemplifying how social media can drive global movements and demonstrating its potential and the need for thoughtful, responsible use.",,,148,158,Social media; Social change; Sociology; Political science; Computer science; World Wide Web; Law,,,,,,http://dx.doi.org/10.4324/9781003333715-14,,10.4324/9781003333715-14,,,0,,0,false,,
125-011-786-043-172,The Importance of ‘Social’ in Social Media,2015-12-21,2015,,,,,,Gholam Khiabany,,,,,,Sociology; Media studies; Social media,,,,,https://www.routledgehandbooks.com/doi/10.4324/9781315716299.ch15,https://www.routledgehandbooks.com/doi/10.4324/9781315716299.ch15,,,2781998174,,0,068-036-264-573-665,0,false,,
125-153-864-488-489,Social Media,2025-10-01,2025,book chapter,Corporate Affairs,,Springer Fachmedien Wiesbaden,,Axel Gietz,,,,33,50,,,,,,,http://dx.doi.org/10.1007/978-3-658-48387-6_3,,10.1007/978-3-658-48387-6_3,,,0,189-526-968-741-988,1,false,,
125-510-764-327-189,Social Media,,2024,other,Teaching Media Ethics,,Rowman & Littlefield Publishers,,Sheila B. Lalwani,,,,139,142,,,,,,,http://dx.doi.org/10.5040/9798881825645.ch-019,,10.5040/9798881825645.ch-019,,,0,,0,false,,
125-554-672-634-872,Social Media,2019-06-26,2019,book chapter,Media Effects,,Routledge,,Jesse Fox; Bree McEwan,"In this chapter, the authors discuss conceptualizations of social media, clarify definitive and common affordances, and describe common types and uses. They introduce a lens for interpreting research based on whether technologies accommodate, amplify, or alter observed or theorized communication processes. They review notable areas of social media research including: self-presentation, impression management, and identity performance; self-disclosure and privacy; relationship development; relational maintenance; social capital; social support; psychological well-being; health communication; information diffusion and evaluation; collective action; and political communication. Finally, they identify limitations in extant research, provide goals for scholarship, and consider the future of social media.",,,373,388,Sociology; Psychology,,,,,,http://dx.doi.org/10.4324/9780429491146-24,,10.4324/9780429491146-24,,,0,007-316-623-506-709,14,false,,
126-311-120-259-170,MEDIA ETHICS ON SOCIAL MEDIA IN VIETNAM,2023-01-16,2023,journal article,Recent Scientific Investigation,,Siberian Academic Book LLC,,Van Thieu Nguyen,"MEDIA ETHICS ON SOCIAL MEDIA IN VIETNAM Nguyen Van Thieu Candidate of Philology, Thang Long University, Vietnam, Hanoi &nbsp; ABSTRACT Communication is a popular study not only in Vietnam but also worldwide. The emergence ofthe inte",40,,,,Social media; Sociology; Political science; Law,,,,,,http://dx.doi.org/10.32743/usaconf.2023.1.40.350635,,10.32743/usaconf.2023.1.40.350635,,,0,,0,true,cc-by,gold
126-595-289-919-178,"Empathy, media, and social media",,2020,other,The Empathy Advantage,,Rowman & Littlefield Publishers,,,,,,54,62,,,,,,,http://dx.doi.org/10.5040/9798216428862.ch-5,,10.5040/9798216428862.ch-5,,,0,,0,false,,
127-076-054-723-981,Social media: To social...,2019-09-01,2019,journal article,LSJ: Law Society of NSW Journal,,,,Emma Heuston,"Many in the profession approach social media with justified trepidation, but those who embrace it are reaping the rewards.",,59,40,,Publishing; Project commissioning; Political science; Trepidation; Public relations; Social media,,,,,https://search.informit.com.au/documentSummary;dn=733678947642550;res=IELHSS,https://search.informit.com.au/documentSummary;dn=733678947642550;res=IELHSS,,,3114385390,,0,,0,false,,
127-088-348-725-817,Social Communication and Media Ethics in the Age of Social Media,,2014,,,,,,Yun-bok Lee,,129,,219,246,Sociology; Mass communication; Communication studies; Media ethics; Social communication; Public relations; Citizen media; Social media; Media relations; Social engagement,,,,,https://www.kci.go.kr/kciportal/ci/sereArticleSearch/ciSereArtiView.kci?sereArticleSearchBean.artiId=ART001851642 http://koreascience.or.kr/article/JAKO201433267168311.page,http://koreascience.or.kr/article/JAKO201433267168311.page,,,2606978829,,0,,0,false,,
127-100-898-214-121,Social achievement goals and social media,,2020,journal article,Computers in Human Behavior,07475632,Elsevier BV,United Kingdom,Craig S. Brinkman; Shira Gabriel; Elaine Paravati,,111,,106427,,Feeling; Variety (cybernetics); Psychology; Goal theory; Social change; Social competence; Perception; Modern life; Social media; Social psychology,,,,,https://www.sciencedirect.com/science/article/abs/pii/S0747563220301801 https://dblp.uni-trier.de/db/journals/chb/chb111.html#BrinkmanGP20 https://doi.org/10.1016/j.chb.2020.106427,http://dx.doi.org/10.1016/j.chb.2020.106427,,10.1016/j.chb.2020.106427,3025332361,,0,002-464-097-157-109; 006-449-530-441-910; 007-336-034-770-120; 016-134-154-626-976; 016-983-944-649-247; 017-010-843-449-057; 020-153-207-771-375; 020-437-994-887-346; 020-734-897-077-190; 021-337-489-012-897; 022-992-956-784-149; 025-926-909-809-298; 028-507-839-304-114; 036-059-639-498-00X; 049-004-045-436-622; 050-960-933-988-412; 051-149-988-882-643; 052-583-272-878-225; 055-801-403-814-152; 056-978-215-394-023; 065-805-044-137-217; 070-834-477-577-81X; 070-926-814-883-93X; 076-766-868-789-787; 077-883-850-385-871; 079-937-350-738-777; 087-866-008-313-890; 088-973-740-245-593; 089-479-180-352-771; 093-449-398-676-928; 094-785-864-909-864; 106-990-807-920-916; 108-453-590-572-541; 115-365-719-484-555; 123-388-701-299-02X; 126-352-301-940-564; 127-514-437-898-436; 136-217-212-687-780; 142-274-844-113-249; 177-330-356-900-888,19,false,,
127-177-325-554-597,THE VALUE OF SOCIAL MEDIA: TOWARD MEASURING SOCIAL MEDIA STRATEGIES,2011-10-27,2011,,,,,,Keri Larson; Richard T. Watson,"Embodying a new gestalt in firm-customer communication, social media is a nascent yet critical concern for researchers and practitioners alike. Organizations lack valid and reliable measures for social media effects, without which they remain unable to align their social media initiatives with organizational goals and ultimately create business value. This essay presents a “social media ecosystem” framework, explicating the social-media-enabled relationships among stakeholder groups and suggesting how future researchers can address research questions based on this model. Focusing on the customer/firm segment entitled the “B@C Social Media Dyad,” the article deconstructs the phenomenon of social media into multiple layers of firm-initiated and customerinitiated actions and provides a theoretical understanding of what firms and customers accomplish using social media. It sets the stage for developing measures of those firm/customer social media activities with a critical bearing on firm performance.",,,,,Business; Business value; Marketing; Stakeholder; Social competence; Value (ethics); Public relations; Social media; Social philosophy; Media management; Media relations,,,,,https://aisel.aisnet.org/icis2011/proceedings/onlinecommunity/10/ https://aisel.aisnet.org/cgi/viewcontent.cgi?article=1227&context=icis2011,https://aisel.aisnet.org/icis2011/proceedings/onlinecommunity/10/,,,2164552594,,0,000-045-199-769-270; 000-420-259-424-20X; 003-381-769-027-589; 011-854-399-312-637; 012-572-787-991-337; 019-358-936-824-16X; 020-805-191-189-997; 025-997-905-955-819; 028-292-605-075-78X; 028-592-884-416-982; 029-680-552-292-609; 032-415-733-927-045; 037-978-999-626-769; 039-312-560-097-022; 040-828-448-956-950; 046-297-508-395-760; 046-400-576-138-005; 049-757-214-659-920; 051-618-079-840-015; 061-436-620-851-130; 066-810-642-558-903; 068-553-268-934-785; 068-711-964-572-416; 078-678-594-659-231; 079-618-323-935-873; 080-142-224-521-995; 081-264-520-090-714; 081-824-780-901-950; 082-314-374-210-800; 098-176-629-648-133; 103-716-844-997-364; 110-904-278-042-513; 111-541-238-884-181; 114-224-962-068-388; 114-618-304-752-542; 118-189-101-787-676; 124-732-881-192-647; 124-890-253-043-927; 129-506-796-807-623; 134-115-618-621-757; 134-287-809-759-215; 136-099-802-626-617; 138-592-482-546-475; 140-486-923-452-46X; 143-127-370-865-284; 147-737-371-016-624; 149-310-441-800-837; 157-830-071-305-060; 160-010-155-418-649; 164-233-751-793-174; 172-479-605-145-099; 186-642-009-990-814; 193-129-327-497-749,68,false,,
127-412-561-224-626,LibGuides: Social Media: Social Media,2016-09-12,2016,libguide,,,,,Miranda Robbins,,,,,,Sociology; Media studies; Social media,,,,,http://newbraunfels.libguides.com/socialmedia,http://newbraunfels.libguides.com/socialmedia,,,2937647354,,0,,0,false,,
128-512-506-544-867,Social Media,2017-03-18,2017,book chapter,Grundkurs Wirtschaftsinformatik,,Springer Fachmedien Wiesbaden,,Dietmar Abts; Wilhelm Mülder,,,,399,428,Social media; Political science; Humanities; Art; Law,,,,,,http://dx.doi.org/10.1007/978-3-658-16379-2_12,,10.1007/978-3-658-16379-2_12,,,0,,0,false,,
128-760-527-309-180,LibGuides: Social Media in the Classroom: Social Media in the Classroom,2020-04-20,2020,libguide,,,,,Sarah Barsch,This guide is meant to aid teachers in many ways social media can be used within the classroom setting.,,,,,Sociology; Pedagogy; Social media,,,,,https://liupalmer.libguides.com/c.php?g=1031339&p=7475145,https://liupalmer.libguides.com/c.php?g=1031339&p=7475145,,,3080984130,,0,,0,false,,
129-419-601-429-891,Social media,2021-02-18,2021,book chapter,Copyright in the Music Industry,,Edward Elgar Publishing,,Hayleigh Bosher,"Social media has largely replaced the idea of fan clubs in the modern-day music industry. It is the best way to connect with your fans and the contemporary marketing arena. The content on social media is likely to be protected by copyright, so there are a few important things that you need to aware of in order to know where you stand with regards to your own content as well as the use of other people’s content. As such, this chapter covers who owns the content on social media, infringement of social media content and a look at two platforms that are particularly relevant to the music industry; TikTok and YouTube.",,,,,Social media; Order (exchange); Content (measure theory); Advertising; Business; Political science; Law; Mathematics; Finance; Mathematical analysis,,,,,,http://dx.doi.org/10.4337/9781839101274.00023,,10.4337/9781839101274.00023,,,0,,0,false,,
129-433-331-303-244,Was It Social Media?,2026-02-17,2026,book chapter,Beyond Woke and Anti-Woke,,Bristol University Press,,Thomas Prosser; Edmund G.C. King,,,,129,142,,,,,,,http://dx.doi.org/10.51952/9781529256512.ch006,,10.51952/9781529256512.ch006,,,0,,0,false,,
129-487-742-046-653,Social Media,2012-08-01,2012,book chapter,SpringerBriefs in Geography,22114165; 22114173,Springer Netherlands,,Barney Warf,,,,139,166,Social media; Sociology; Psychology; Political science; Law,,,,,,http://dx.doi.org/10.1007/978-94-007-1245-4_6,,10.1007/978-94-007-1245-4_6,,,0,001-833-098-565-029; 002-166-328-592-656; 003-954-177-552-852; 004-052-557-847-170; 006-225-569-788-097; 007-805-251-436-902; 008-667-931-824-574; 011-598-682-260-713; 012-059-308-701-076; 012-353-468-982-96X; 012-547-574-229-600; 014-685-246-083-84X; 016-234-303-814-494; 017-870-549-518-613; 019-263-949-908-213; 019-508-267-594-723; 020-200-665-194-236; 021-610-259-468-607; 021-671-349-492-992; 024-922-483-762-853; 026-212-770-415-48X; 028-618-205-883-961; 030-107-376-857-132; 030-336-959-693-984; 032-920-721-689-825; 033-110-856-403-021; 033-943-889-313-723; 034-035-820-626-564; 034-326-306-519-571; 037-125-324-123-552; 037-627-616-528-690; 037-826-038-614-213; 037-840-124-800-136; 040-062-176-151-107; 040-852-201-634-925; 041-054-201-781-132; 042-287-539-569-415; 042-387-517-661-649; 047-103-527-148-245; 048-536-852-488-227; 049-207-426-526-066; 050-610-022-007-230; 055-552-827-909-716; 055-928-131-091-939; 056-149-612-377-464; 056-262-640-478-419; 056-997-000-587-892; 059-325-476-294-750; 059-443-699-046-188; 060-717-985-452-903; 064-267-148-705-15X; 064-540-783-231-605; 065-422-324-581-576; 069-208-528-333-791; 072-942-946-755-326; 075-766-755-386-125; 083-179-894-155-259; 087-231-665-868-352; 088-235-830-959-00X; 092-606-748-303-153; 095-774-204-751-072; 097-228-730-086-628; 097-901-579-731-512; 099-878-369-452-646; 101-871-890-119-463; 108-726-363-710-845; 109-477-807-414-53X; 110-137-071-289-741; 111-819-171-804-346; 113-558-144-815-875; 113-996-775-122-231; 122-497-922-364-530; 124-042-771-566-574; 124-626-323-414-63X; 126-768-407-926-700; 136-852-167-472-264; 141-011-425-116-604; 143-125-399-731-600; 152-307-601-180-528; 160-223-113-520-820; 161-182-243-301-739; 161-576-780-414-642; 163-326-458-430-477; 164-794-528-702-954; 165-142-640-309-557; 175-225-651-992-60X; 177-657-094-944-382; 178-300-716-919-62X; 181-253-873-650-627; 186-710-914-982-242,0,false,,
129-500-366-721-697,UNDERSTANDING SOCIAL NETWORKS ON SOCIAL MEDIA,2025-12-05,2025,journal article,Michigan State University Libraries,,,,Shimeng Dai,,,,,,,,,,,https://d.lib.msu.edu/etd/52773,http://dx.doi.org/10.25335/tkf2-0883,,10.25335/tkf2-0883,,,0,,0,true,,green
129-833-068-036-451,Social Media,,2018,book chapter,Media Influence,,IGI Global,,Manpreet Kaur; Rajesh Verma,"<jats:p>Internet usage has shown drastic growth in the initial half of the year 2015 in India. The user base has increased over 354 million and with this India has become the top second country after China in terms of internet usage. Facebook is the prime social networking site which is used by 96% of urban users, followed by Google Plus (61%), Twitter (43%) and LinkedIn (24%). This extensive use of social media by the public had attracted the attention of the politicians to use it for election campaigns and has given researchers a reason to find out how politicians are engaging the public through this platform. Influence of Social media on the electorate has been proved from its successful use in the US presidential election in 2008 and by political parties in the 2014 Lok Sabha elections in India. This paper intends to explore the use of social media and its effectiveness in political elections through an extensive literature review. Social media has become an effective tool for political engagement and political participation as it is a low cost media as compared to traditional media. The low cost of this media has made it one of the main source to get information for advanced analysis and in-depth understanding of the electoral process. This paper will provide an insight to politicians, political analysts, journalists and electoral candidates regarding social media usage. The paper will also present a future research agenda to study how political parties can benefit from use of social media and change their strategies to engage workers and the voters.</jats:p>",,,1,8,Social media; Politics; Political science; The Internet; Presidential election; Public relations; Political communication; General election; Media studies; Advertising; Sociology; Business; Computer science; Law; World Wide Web,,,,,,http://dx.doi.org/10.4018/978-1-5225-3929-2.ch001,,10.4018/978-1-5225-3929-2.ch001,,,0,005-192-645-017-24X; 005-538-862-668-44X; 006-242-396-851-370; 013-326-315-154-111; 061-266-413-090-958; 082-530-910-273-095; 096-018-972-897-747; 115-374-410-000-932,3,false,,
129-939-024-574-907,The Impact of Social Media on Social Development,2025-02-27,2025,journal article,Interdisciplinary Humanities and Communication Studies,29601320; 29596149,Dean & Francis Press,,Xinnan Wang,"<jats:p>The rapid growth of social media platforms has transformed communication and created opportunities and challenges. Social media has credit for spreading important safety information, but it also carries risks such as misinformation, privacy violations, and social division. This article analyses the dual impact of social media, highlighting its role in public engagement and the dangers it poses to user safety and trust. This paper argues that social media can help people build a wider range of awareness, and at the same time, it is conducive to the positive communication of information. In addition, social media also helps to build and expand social networks to help people communicate and interact better. But at the same time, social media clocks also have problems such as false information, cyberbullying, and information security, which affect people’s safety and lives. This paper concludes that strengthening media literacy, implementing strong data protection laws, and raising the awareness of the public are the few crucial strategies needed.</jats:p>",1,11,,,Social media; Computer science; World Wide Web,,,,,https://www.deanfrancispress.com/index.php/hc/article/download/2999/HC006152.pdf https://doi.org/10.61173/2yvx3d77,http://dx.doi.org/10.61173/2yvx3d77,,10.61173/2yvx3d77,,,0,,0,true,,bronze
130-491-251-921-350,Social Media Validation in Action: The Impact of Social Media on Self-Perception,2025-01-01,2025,other,Open Science Framework,,,,Fidan Aliyeva,"Literature Review Social media is a crucial part of modern society, especially for young adults who grew up in an environment where social media platforms were already prevalent. Social media influences people's self-perception, mood, social identity and interpersonal relationships in multiple ways. Extensive research reveals that social comparison on social media platforms strongly influences users' emotional states and self-esteem. Being exposed to peers' curated content often triggers upward social comparisons, which may negatively impact users' self-evaluation. Vogel et al. (2014) found that frequent exposure to acquaintances' content led to social comparisons and therefore, decreased self-esteem. This finding demonstrates the critical role of peer evaluation and visible social feedback in shaping self-perception. Sherman et al. (2016) conducted an experiment which demonstrated that positive feedback such as likes, activate reward-related neural pathways (dopamine), influencing general mood and reinforcing prosocial behavior. Other studies highlight the broader role of social media in shaping self-evaluation. Dubey (2025) and Pacchioni (2023) both found an association between social media use and negative perception of the self. Additionally, Dubey (2025) and Pacchioni (2023) indicate that likes and reactions on social media platforms are correlated with adolescents' self-identity and self-evaluation, implying potential negative affect on self-image. Reactions such as views, likes and comments can create a dependency on feedback, which may increase people's mood and self-esteem vulnerability, as well as social comparison and feedback-seeking (Ivy B. Buncaras , 2025; Mehra, 2025). Recent research conducted by Mehra (2025) and Babu &amp; Ghafar (2025) revealed that Generation Z users are particularly sensitive to social approval cues demonstrated on social media. Frequent exposure to visible reactions may strongly influence Generation Z users short-term self-esteem and general well-being, making them more affected by social comparison and more dependent on visible social feedback. Gap in Current Research Together, these findings reveal current importance of studying the impact of social media on self-evaluation. Despite these insights, majority of studies exploring the relationship between social media and self-perception are observational or purely correlational, leaving a gap in our understanding of causal relationships. There is a significant lack of experimental evidence proving the causal effect. Prior research emphasizes correlations between social media engagement/exposure and self-esteem or mood, but it is unspecified whether the exposure to social media reactions alone can influence self-esteem and mood. REFERENCES: Babu, N. N., &amp; Abdul Ghafar, N. N. (2025). Exploring identity development through social media: The impact on self-perception, body image and social comparison in generation Z. International Journal of Education, Psychology and Counseling, 10(58), 401–415. https://doi.org/10.35631/ijepc.1058028 Buncaras, Ivy. (2025). Likes to Life: The Influence of Social Media in Shaping Adolescents' Self-Identity, Social Relationships, and Perception of Societal Expectations. 10.13140/RG.2.2.22161.90726. Mehra, J. (2025). The impact of social media on gen Z’s self-perception and mental health. Scholarly Review Journal, Scholarly Debut(Equinox 2025). https://doi.org/10.70121/001c.145120 Monteiro, R. P., Coelho, G. L., Hanel, P. H., de Medeiros, E. D., &amp; da Silva, P. D. (2021). The efficient assessment of self-esteem: Proposing the brief Rosenberg self-esteem scale. Applied Research in Quality of Life, 17(2), 931–947. https://doi.org/10.1007/s11482-021-09936-4 Pacchioni, Tany. (2023). The Relation between Social Media and Self Perception. 10.13140/RG.2.2.28064.76805. Pallavi Dubey. (2025a). Social media and self-perception. International Journal of Scientific Research in Humanities and Social Sciences, 2(4), 103–106. https://doi.org/10.32628/ijsrhss25255 Sherman, L. E., Payton, A. A., Hernandez, L. M., Greenfield, P. M., &amp; Dapretto, M. (2016). The power of the like in adolescence. Psychological Science, 27(7), 1027–1035. https://doi.org/10.1177/0956797616645673 Tran, V. (2013). Positive affect negative affect scale (panas). Encyclopedia of Behavioral Medicine, 1508–1509. https://doi.org/10.1007/978-1-4419-1005-9_978 Vogel, Erin &amp; Rose, Jason &amp; Roberts, Lindsay &amp; Eckles, Katheryn. (2014). Social Comparison, Social Media, and Self-Esteem. Psychology of Popular Media Culture. 3. 206-222. 10.1037/ppm0000047.",,,,,Prosocial behavior; Social media; Social psychology; Psychology; Affect (linguistics); Mood; Perception; Interpersonal communication; Social identity theory; Social competence; Social influence; Identity (music); Interpersonal relationship; Social change; Social relation; Social perception; Social relationship; Social identity approach; Social engagement; Media system dependency theory; Interpersonal influence; Social comparison theory; Social environment; Content (measure theory); Social computing,,,,,https://osf.io/4hp6x/,http://dx.doi.org/10.17605/osf.io/4hp6x,,10.17605/osf.io/4hp6x,,,0,,0,true,,green
130-575-151-434-246,Social media,2021-10-10,2021,book chapter,Effective Directors,,Routledge,,Marshall Manson; Craig Mullaney,"How do effective directors ensure the organisation is handling social media risks and opportunities appropriately? Based on a framework of global corporate governance best practice, which can be used in all organisations anywhere in the world, this chapter of Questions To Ask (QTA) in the boardroom gives a high-level but succinct introduction to the role of boards with regards to social media. All directors should understand the importance of oversight of social media usage and risks for the organisation. The chapter considers the role of boards with regard to social media at a strategic level. This includes looking at social media in connection with reputation, risk and compliance, customers, investors, executives, and in a crisis situation. It also looks at how social media can be used for the human capital of the organisation. The chapter’s introduction leads into outlining the key Questions To Ask in the boardroom, giving the reader further insight into how to initiate discussions about the practical details requiring the attention of the board.",,,297,302,Social media; Sociology; Political science; Computer science; World Wide Web,,,,,https://api.taylorfrancis.com/content/chapters/oa-edit/download?identifierName=doi&identifierValue=10.4324/9781003201182-57&type=chapterpdf https://doi.org/10.4324/9781003201182-57,http://dx.doi.org/10.4324/9781003201182-57,,10.4324/9781003201182-57,,,0,,0,true,,gold
130-962-817-471-036,Social Media,,2022,other,The No-Nonsense Guide to Divorce,,Rowman & Littlefield Publishers,,,,,,15,18,,,,,,,http://dx.doi.org/10.5040/9798216413868.ch-2,,10.5040/9798216413868.ch-2,,,0,,0,false,,
131-131-866-337-705,Social Media and Social Change,2015-06-11,2015,book chapter,Social Media and Networking,,IGI Global,,Lauri Goldkind; John G. McNutt,"<jats:p>Technological advances in communications tools, the Internet, and the advent of social media have changed the ways in which nonprofit organizations engage with their various constituents. Nonprofits now have a constellation of tools including: interactive social media sites, mobile applications (apps), Websites, and mash-ups that allow them to create a comprehensive system for mobilizing supports to advocate for changing public policies. From Facebook to Twitter and from YouTube to Pinterest, communicating to many via words and images has never been easier. The authors explore the history of nonprofit advocacy and organizing, describe the social media and technology tools available for moving advocacy goals forward, and conclude with some possible challenges that organizations considering these tools could face. </jats:p>",,,11,27,Social media; The Internet; Public relations; Face (sociological concept); Internet privacy; Political science; Sociology; World Wide Web; Computer science; Social science,,,,,,http://dx.doi.org/10.4018/978-1-4666-8614-4.ch002,,10.4018/978-1-4666-8614-4.ch002,,,0,003-907-444-664-25X; 011-854-399-312-637; 013-222-557-379-632; 015-885-658-844-070; 017-355-901-975-631; 023-908-499-276-959; 024-333-789-579-773; 025-529-418-280-941; 029-556-725-555-991; 035-004-714-066-879; 039-060-474-052-081; 044-720-803-880-69X; 062-023-595-341-948; 063-780-089-607-488; 075-425-759-877-444; 089-509-904-091-98X; 097-625-707-616-714; 107-239-095-426-244; 120-210-573-920-020; 151-297-123-875-524; 165-373-742-244-844,6,false,,
131-312-726-645-645,Social Media,,2013,book,,,Springer Fachmedien Wiesbaden,,Jan-Hinrik Schmidt,,,,,,Humanities; The Internet; Sociology; Social media; Media studies; Political science; Art; World Wide Web; Computer science; Law,,,,,,http://dx.doi.org/10.1007/978-3-658-02096-5,,10.1007/978-3-658-02096-5,,,0,,61,false,,
131-482-885-566-508,Social Media,2023-07-25,2023,reference entry,Cinema and Media Studies,,Oxford University Press,,Graham Meikle,"<p>Social media have made possible new kinds of relationships, politics, and entertainment. On the one hand, they have enabled billions of people to experience new forms of communication, community, and communion. But on the other, they are also profit-driven, data-mining corporations, whose core business model is often built around surveillance and the commercial exploitation of their users’ everyday lives. Researching and analyzing social media involves navigating between these two poles. Social media platforms have complicated earlier understandings of communication: they do not allow for simple distinctions between personal communication and public media. One way of approaching them is to start with their most basic affordances. So first, social media are those that any user can, in principle, use to say and make things for an audience. Second, that user can then choose to share the things they have said or made with others, whether with a restricted network of friends and followers, or with an unknowable audience. They can also share things that others have said or made, and may be prompted by the platform to do this. And third, such activities make the user visible to others, who become visible to them in turn, creating possibilities for connection, communication, and collaboration, but also for monitoring, surveillance, and exploitation. Some of the following selections address social media as part of wider discussions about digital media, culture, society, or politics. Other choices focus on individual social media apps or platforms. This bibliography provides some historical context for the emergence of social media and identifies key introductory overviews and core texts. It also introduces resources for investigating social media platforms and the life course; the relationships between these platforms and news and journalism; and the uses of social media in campaigns for social, cultural, or political change. There are sections on distinctive communicative aspects of social media, such as memes, remix, and trolling, and on some of the most important aspects of surveillance and visibility. The final section points to some broader contextual and emerging directions that situate social media within the wider digital media environment.</p>",,,,,Affordance; Social media; Entertainment; Internet privacy; Politics; Focus (optics); Context (archaeology); Everyday life; Sociology; Public relations; Media studies; World Wide Web; Advertising; Computer science; Political science; Business; Paleontology; Biology; Human–computer interaction; Law; Physics; Optics,,,,,,http://dx.doi.org/10.1093/obo/9780199791286-0369,,10.1093/obo/9780199791286-0369,,,0,,2,false,,
131-746-687-199-440,"Social Media, an Influence: Impact of Social Media on Language Development",2025-05-17,2025,journal article,International Journal For Multidisciplinary Research,25822160,International Journal for Multidisciplinary Research (IJFMR),,Ruby Tyagi,"<jats:p>The article focuses on the impact of social media on language development and the changing face of language which was developed to develop human species from cave men to civilized being; the language which grew the family on one to “Vasudev Kutumbakam”. In the world of fake emojis real emotions have lost their essence. Language is the reason for human existence as without language we wouldn't have been able to grow as a world and prosper. Language is the foundation of all our relationships, be it personal or professional. With the developing world we developed social media as a source to connect worldwide and to an extent it really worked wonders but as everything has its disadvantages, its impact upon aspects of life began to show its colors. Social media today is an addiction for all and is leading towards the fall of human relationships. People have started ignoring communication and rather prefer to send text or whatsapp messages with hardly thought upon emoji. Social media significantly influences how people communicate and connect with each other. The article discusses the profound impact of social media upon language and changes its going through recently.</jats:p>",7,3,,,Social media; Sociology; Psychology; Computer science; World Wide Web,,,,,https://www.ijfmr.com/papers/2025/3/44930.pdf https://doi.org/10.36948/ijfmr.2025.v07i03.44930,http://dx.doi.org/10.36948/ijfmr.2025.v07i03.44930,,10.36948/ijfmr.2025.v07i03.44930,,,0,,0,true,cc-by-sa,hybrid
131-797-847-299-927,Social Media,,2020,reference entry,The SAGE Encyclopedia of Higher Education,,"SAGE Publications, Inc.",,,,,,,,Social media; Computer science; World Wide Web,,,,,,http://dx.doi.org/10.4135/9781529714395.n510,,10.4135/9781529714395.n510,,,0,,0,false,,
131-829-094-517-291,MEDIA AND DEMOCRACY INCLUDING THE SOCIAL MEDIA,2015-06-17,2015,,,,,,Ajay K Mehra,,38,1,,,Political science; Media studies; Social media; Democracy; Media relations,,,,,,,,,1969939413,,0,,0,false,,
131-973-886-702-395,LibGuides: Online Reputation Management and Social Media: Social Media,2017-08-31,2017,,,,,,Christina Miskey,,,,,,Sociology; Scholarly communication; Reputation management; Public relations; Social media,,,,,,,,,3018569641,,0,,0,false,,
132-039-704-425-053,Social media marketing: Social media marketing,2021-04-26,2021,book,,,,,Abishek Abishek,,,,,,Advertising; Business; Social media marketing,,,,,https://www.amazon.com/Social-media-marketing-ebook/dp/B093LF8TT1,https://www.amazon.com/Social-media-marketing-ebook/dp/B093LF8TT1,,,3165968651,,0,,0,false,,
132-121-427-484-882,Transitions in social media use and social media use for transition,2024-07-30,2024,journal article,Proceedings of the International Conference on Networked Learning,27947661,Aalborg University,,Vanessa P. Dennen; Lauren M. Bagdy,"<jats:p>High school and college students are known to be heavy users of social media. Much of their use is focused on peer social interactions and entertainment, but social media is also a potential platform for informal networked learning. In this study, we examine how college students used social media to learn about and prepare for college, how they use it in the university context, and how their social media use has changed as they mature and transition from one educational setting to another. Undergraduate students at a large public research university completed an online survey about their social media uses and perceptions. In terms of using social media to support the high school to college transition, preliminary findings show that for many students social media provided a valuable source of information about colleges, and in particular helped them plan and begin to build their social and activity networks in their new setting. Once at college, social media continued to help provide connections, serving as a source of information about campus events and supporting social connections. Social media was less frequently used as a means of networking with instructors.; Many students noted that their use of social media had changed in meaningful ways as they transitioned to college. These students indicated that their networks were now different, that their attitudes and uses had matured, and that they were better able to use their social media networks as a platform for awareness and change. Whether they perceived meaningful changes in their use of social media across the transition, most participants alluded to a desire to minimize drama, social comparison, and other ill effects of social media. ; As data analysis continues, we will be exploring differences across platforms and relationships in college-related social media use based on intensity of use and sense of belonging. The study has implications for how institutions offer and support the development of social media networks among prospective and current students and provides insight into mindsets that can support or inhibit greater use of social media as a platform for informal networked learning as youth transition from high school to college and eventually on to careers.</jats:p>",13,,,,Social media; Social media optimization; Context (archaeology); Social network (sociolinguistics); Perception; Public relations; Sociology; Social learning; Psychology; Transition (genetics); Pedagogy; Computer science; Political science; World Wide Web; Biochemistry; Gene; Paleontology; Biology; Chemistry; Neuroscience,,,,,https://journals.aau.dk/index.php/nlc/article/download/8546/6860 http://dx.doi.org/10.54337/nlc.v13.8546,http://dx.doi.org/10.54337/nlc.v13.8546,,10.54337/nlc.v13.8546,,,0,,0,true,cc-by-nc-nd,hybrid
132-211-217-902-600,Social Media,2017-03-30,2017,book chapter,Collisions in the Digital Paradigm : Law and Rule-making in the Internet Age,,Hart Publishing,,,,,,,,Social media; Sociology; Computer science; World Wide Web,,,,,,http://dx.doi.org/10.5040/9781509906536.ch-009,,10.5040/9781509906536.ch-009,,,0,,0,false,,
132-703-535-420-341,Social Media,2016-02-26,2016,book chapter,U.S. Media and Elections in Flux,,Routledge,,,,,,83,102,Social media; Sociology; Computer science; World Wide Web,,,,,,http://dx.doi.org/10.4324/9781315772721-6,,10.4324/9781315772721-6,,,0,,0,false,,
132-805-732-573-483,Social Media as a Technology for Being : The Qualities of Being on Social Media and the New Problematics of Social Media Research,2016-03-31,2016,journal article,Asia Pacific Journal of Information Systems,12290270,Korea Society of Management Information Systems,,Sunghyun Juhn,,26,1,41,65,,,,,,,http://dx.doi.org/10.14329/apjis.2016.26.1.41,,10.14329/apjis.2016.26.1.41,,,0,,0,false,,
132-849-932-458-222,The Social Psychology Section and Social Media,2016-09-01,2016,journal article,Social Psychological Review,13697862; 23969601,British Psychological Society,,Daniel Jolley,,18,2,5,5,Section (typography); Social media; Psychology; Sociology; Media studies; Social psychology; Computer science; World Wide Web; Operating system,,,,,,http://dx.doi.org/10.53841/bpsspr.2016.18.2.5,,10.53841/bpsspr.2016.18.2.5,,,0,,0,false,,
132-949-091-458-698,Leveraging Employees as Social Media Influencers the Impacts of Social Media Communication Strategies on Employees' Social Media Engagement,,2025,preprint,,,Elsevier BV,,Yeunjae Lee; Xiao Ma; Tanzid Basunia; Ruining Hu,,,,,,,,,,,,http://dx.doi.org/10.2139/ssrn.5358346,,10.2139/ssrn.5358346,,,0,025-281-436-370-071; 025-324-739-012-084; 028-637-333-323-786; 035-588-731-524-01X; 052-380-920-730-908; 054-048-516-685-429; 090-750-247-711-718; 093-709-356-906-578; 095-145-361-893-400; 096-194-719-569-849; 107-202-699-614-220; 112-864-139-584-725; 115-007-009-976-061; 116-953-447-460-185; 118-298-932-431-69X; 121-258-234-345-761; 122-557-043-912-651; 132-729-940-768-187; 132-792-750-057-650; 135-825-326-824-969; 149-199-803-885-979; 149-516-131-784-505; 151-023-474-834-195; 151-711-803-696-205; 173-975-023-562-887; 193-718-503-997-511,0,false,,
133-337-750-932-437,Social media,2019-05-02,2019,journal article,Journal of Kidney Care,23979534; 23979542,Mark Allen Group,,Harriet Williams,,4,3,115,115,World Wide Web; Social media; Download; Computer science; Internet privacy; Library science,,,,,,http://dx.doi.org/10.12968/jokc.2019.4.3.115,,10.12968/jokc.2019.4.3.115,,,0,,0,false,,
133-480-642-497-265,Social media,2024-11-07,2024,book chapter,Handbook on Data Protection in Humanitarian Action,,Cambridge University Press,,Júlia Zomignani Barboza; Lina Jasmontaite-Zaniewicz,,,,230,247,Social media; Sociology; Psychology; Computer science; World Wide Web,,,,,,http://dx.doi.org/10.1017/9781009414630.019,,10.1017/9781009414630.019,,,0,,0,true,cc-by-nc-nd,hybrid
133-823-138-201-586,Social media and social work,2017-12-04,2017,,,,,,Linda Kim-Newby,"Social media can present difficult challenges for people working in the family courts, so how can practitioners use it securely?",,,,,Sociology; Social work; Public relations; Social media,,,,,https://www.magonlinelibrary.com/doi/abs/10.12968/cypn.2016.1.31,https://www.magonlinelibrary.com/doi/abs/10.12968/cypn.2016.1.31,,,2891841899,,0,,0,false,,
134-135-753-280-244,"Liberating the Voices: Social Media and Media Professionals, Studying Use and Impact of Social Media on Media Professionals",,2012,journal article,Journal of Knowledge & Communication Management,22777938; 22777946,Diva Enterprises Private Limited,,Shahina Islam; Sumeer Gul,"Since journalists/media professionals are heavy users of new media technologies in the times of the digital era, this study attempts to examine the use of social media tools by them. Besides, the paper seeks to examine the impact that social media tools have on the media professionals in their daily routine of news gathering and reporting. The literature aims to provide the overall usage and impact of social media on the journalists/media professionals. The paper reviews literature published and unpublished, print and electronic relevant to the problem. The paper discusses the usage and impact of Blogs, Social Networking Sites, Twitter and Wikis on media professionals (journalists). The review of literature suggests that social media acts as an important and quick source of information for media professionals. It is a platform for them upon which the act of journalism is performed. The study is based on the usage of four social media tools, that is, blogs, social networking sites, Twitter and Wikis. The study can act as an eye opener to the journalists/media professionals in exploring a vast and ever growing information gathering tool–social media. This review of the works is a widespread study of the research about usage and impact of Blogs, Social Networking Sites, Twitter and Wikis on media professionals (journalists).",2,2,101,112,User-generated content; Journalism; Digital era; Public relations; Citizen media; Social media; Social media optimization; Media relations; Medicine; New media,,,,,http://www.indianjournals.com/ijor.aspx?target=ijor:jkcm&volume=2&issue=2&article=001,http://dx.doi.org/10.5958/j.2277-7946.2.2.008,,10.5958/j.2277-7946.2.2.008,2064821254,,0,,0,false,,
134-262-676-487-365,Social Media,2012-05-24,2012,book chapter,Human Resources Management,,IGI Global,,Archana Tyagi; Ragini Tyagi,"<jats:p>Social Media is primarily internet and mobile tools allowing people to share, collaborate and publish information. Over the last couple of years, the availability and usage of such tools has emerged substantially and led to a cultural shift, connecting people and allowing them to collaborate in ways that were not possible otherwise. To embrace social media tools seamlessly in the organizations can be a real challenge for human resource management professionals. The specific contribution of this paper is to take a relook at the opportunities which social media tools are able to create for the organizations in terms of learning and collaboration. Living and smooth working in a non-hierarchical network is still a big hurdle for organizations and can be a challenging task faced by human resource departments. This paper presents the foundational components of social media linked with human resource processes and lays the groundwork required for companies to harness the potential of social media in the long run. The ultimate objective of human resource departments is to be ready with a shift in their competency and skill sets by embracing a high degree of “technological readiness”, adaptability and positive attitude towards these new social media tools. An exhaustive literature survey presents the analysis of the paper.</jats:p>",,,372,386,Adaptability; Social media; Knowledge management; Task (project management); Resource (disambiguation); Human resources; The Internet; Publication; Business; Computer science; World Wide Web; Public relations; Engineering; Political science; Management; Advertising; Economics; Systems engineering; Computer network; Law,,,,,,http://dx.doi.org/10.4018/978-1-4666-1601-1.ch024,,10.4018/978-1-4666-1601-1.ch024,,,0,011-854-399-312-637; 019-868-876-221-446,0,false,,
134-421-293-948-596,Social Media,2015-02-26,2015,book chapter,Social Big Data Mining,,CRC Press,,,,,,1,15,Social media; Sociology; Computer science; World Wide Web,,,,,,http://dx.doi.org/10.1201/b18223-2,,10.1201/b18223-2,,,0,028-307-022-020-495,0,false,,
134-711-776-398-512,Social media,2021-03-29,2021,book chapter,The Radio Handbook,,Routledge,,John Collins,"The impact of social media on the radio industry is the focus of this chapter. It begins by analysing the characteristics that social media platforms share with radio stations and comparing and contrasting the way in which media consumers interact with each. There is then a discussion of how social media may have played a role in a radio ‘renaissance’ by connecting radio stations to their listeners in a deeper way than has ever previously been possible. It ends by speaking to active journalists and content makers about the ways social media is used to deepen, broaden and promote radio stations’ output across social media platforms including Facebook, Twitter, Instagram and TikTok.",,,160,179,Social media; Sociology; Computer science; World Wide Web,,,,,,http://dx.doi.org/10.4324/9780429276637-8-8,,10.4324/9780429276637-8-8,,,0,,0,false,,
134-854-988-090-091,Putting the ‘social’ back into ‘Social Media’,2018-09-21,2018,,,,,,Fatema Kawaf,"Over two-billion monthly active Facebook users in 2018? More than sixty million active business pages? With a glimpse at any of the latest ‘Social Media’ stats, one could say social media has gone ‘viral’! Brands big and small, multinationals, SMEs, and start-ups we are all resorting to social media marketing, but more and more we are discovering how challenging social media marketing is. Pay to play? Or go back to the drawing board? In this masterclass, Dr Fatema Kawaf brings a blend of rich theoretical background in Social Media Marketing research along with a personal experience of building her own family business using social media. There is one secret, and the hint is in the name: SOCIAL media!",,,,,Advertising; Sociology; Drawing board; Pay to play; Social media marketing; Family business; Social media,,,,,https://gala.gre.ac.uk/id/eprint/22783/,https://gala.gre.ac.uk/id/eprint/22783/,,,2912075964,,0,,0,false,,
135-229-070-217-549,Social Media,2019-11-24,2019,book chapter,Online-Marketing-Intelligence,,Springer Fachmedien Wiesbaden,,Dennis Ahrholdt; Goetz Greve; Gregor Hopf,,,,255,287,Political science,,,,,,http://dx.doi.org/10.1007/978-3-658-26562-5_11,,10.1007/978-3-658-26562-5_11,,,0,001-148-554-038-375; 002-821-505-055-295; 004-200-981-776-73X; 008-829-133-583-664; 010-295-744-868-974; 013-742-167-655-290; 017-036-195-171-178; 018-425-383-186-807; 018-539-318-836-389; 019-305-297-353-111; 021-683-293-012-66X; 025-031-949-186-737; 028-229-836-927-618; 028-850-532-821-342; 031-049-198-247-334; 034-512-170-368-311; 035-025-927-618-510; 035-186-728-999-661; 035-410-384-377-482; 038-462-990-463-608; 039-523-768-475-782; 039-649-908-108-68X; 040-478-271-071-69X; 042-291-290-578-376; 042-495-131-141-93X; 043-721-338-693-327; 043-911-309-096-600; 046-541-263-683-298; 048-080-116-934-783; 056-180-425-832-375; 057-435-640-956-846; 062-148-016-129-483; 062-321-305-863-568; 064-038-031-404-215; 067-625-406-317-464; 069-973-921-718-303; 072-733-517-723-990; 076-350-501-199-167; 078-281-732-112-985; 079-373-593-913-049; 083-314-702-001-204; 083-575-124-188-104; 089-442-004-759-178; 090-106-030-215-425; 093-159-772-873-476; 096-547-219-029-425; 098-003-207-749-908; 099-004-220-124-022; 101-422-779-245-089; 101-972-432-354-768; 107-869-572-964-552; 117-507-155-490-741; 118-890-852-891-47X; 125-885-939-416-572; 127-348-106-892-557; 129-074-851-465-51X; 133-059-362-666-555; 135-595-385-899-441; 144-061-981-552-815; 144-652-790-624-382; 145-639-942-074-536; 148-147-612-350-364; 158-924-941-097-183; 167-591-058-252-440; 179-926-885-205-688; 184-649-265-368-409; 196-461-067-970-539,0,false,,
135-283-606-046-475,Social Media,,2013,reference entry,Multicultural America: A Multimedia Encyclopedia,,"SAGE Publications, Inc.",,,,,,,,Social media; Sociology; Computer science; World Wide Web,,,,,,http://dx.doi.org/10.4135/9781452276274.n805,,10.4135/9781452276274.n805,,,0,,0,false,,
135-867-076-758-481,Social Media,2022-11-18,2022,book chapter,Advances in Higher Education and Professional Development,23276983; 23276991,IGI Global,,Catherine Miller; Aimee Morewood,<jats:p>This chapter provides a current overview of the teacher online marketplace and how teachers can use critical reflective practice frameworks to thoughtfully select content for classroom instruction. The authors provide examples of current reflective practice frameworks in use to evaluate the worthiness of instructional content found in the online teacher marketplace. Next a drilled-down example of reflective practice from a master's candidate reading specialist course is presented. Future work and implications in the area of critical media literacy are discussed.</jats:p>,,,255,270,Reading (process); Reflective practice; Pedagogy; Social media; Literacy; Media literacy; Critical literacy; Psychology; Engineering ethics; Multimedia; Computer science; Mathematics education; Engineering; World Wide Web; Political science; Law,,,,,,http://dx.doi.org/10.4018/978-1-6684-5316-2.ch013,,10.4018/978-1-6684-5316-2.ch013,,,0,001-340-718-298-879; 004-343-806-531-338; 006-719-300-285-681; 008-263-102-125-230; 011-999-125-664-325; 017-494-940-580-210; 019-789-882-526-451; 024-608-470-579-819; 032-365-169-038-26X; 033-412-432-474-815; 034-765-359-493-293; 045-180-503-854-061; 052-042-906-528-795; 052-978-819-885-610; 053-527-559-301-001; 054-000-173-380-005; 064-628-780-184-918; 067-078-031-945-738; 086-662-496-788-746; 104-767-740-815-518; 107-308-827-607-064; 110-366-004-554-030; 112-213-891-573-507; 115-908-316-903-856; 126-947-394-697-948; 153-188-415-902-387,0,false,,
135-885-647-289-404,Social Media,2019-03-26,2019,reference entry,Encyclopedia of Social Work,,NASW Press and Oxford University Press,,Maria Rodriguez; Jama Shelton,"<p>Social media are defined as applications and websites that allows users to share content, usually of their own making. More than just a teenage pastime, social media users include individuals and organizations, across a broad range of social positionalities. Key social work organizations, such as the NASW and AWSB, have begun noting the proliferation of social media usage in education and practice and have begun developing guidelines to govern their use. The American Academy of Social Work and Social Welfare (AASWSW), in their Grand Challenges of Social Work initiative, has also highlighted social media as an important area of growth for research and education. Despite the field’s nascent enthusiasm, practical and ethical concerns persist.</p>",,,,,Social media; Public relations; Social work; Social change; Social philosophy; Enthusiasm; Sociology; Social engagement; Social position; Political science; Social relation; Social science; Social psychology; Psychology; Law,,,,,,http://dx.doi.org/10.1093/acrefore/9780199975839.013.1327,,10.1093/acrefore/9780199975839.013.1327,,,0,,0,false,,
136-058-796-324-717,"Social Media, Sociality, and Survey Research - The Future of Social Media, Sociality, and Survey Research",2013-09-30,2013,book,"Social Media, Sociality, and Survey Research",,Wiley,,Craig A. Hill; Jill A. Dever,,,,295,317,Sociology; Survey research; Sociality; Anthropology; Population estimation; Social science; Social media,,,,,https://onlinelibrary.wiley.com/doi/10.1002/9781118751534.ch12 https://www.rti.org/publication/future-social-media-sociality-and-survey-research,http://dx.doi.org/10.1002/9781118751534.ch12,,10.1002/9781118751534.ch12,1514041813,,0,001-819-849-277-415; 013-739-975-544-663; 015-244-208-398-27X; 020-776-584-765-350; 022-796-395-594-549; 042-774-887-807-019; 046-326-600-429-556; 048-804-548-584-28X; 050-962-525-109-246; 060-699-673-726-462; 070-605-227-299-571; 072-490-747-942-781; 077-710-519-038-356; 081-828-339-367-388; 083-572-619-645-481; 089-072-935-908-359; 107-014-079-534-651; 111-459-997-118-741; 119-773-099-186-677; 132-029-786-454-157; 157-114-055-045-628; 172-431-600-036-43X; 181-731-589-905-454,1,false,,
136-452-075-801-443,Social Media.,2022-11-25,2022,journal article,The international journal of esthetic dentistry,2198591x,Quintessenz Verlags GmbH,Germany,Miguel Stanley; Jun Iwata,,17,4,468,469,Medicine; Social media; Dentistry; Computer science; World Wide Web,,Humans; Social Media,,,,https://www.ncbi.nlm.nih.gov/pubmed/36426617,36426617,,,,0,,0,false,,
136-617-281-350-965,Social Media in Social Work Education,2017-03-29,2017,journal article,Australian Social Work,0312407x; 14470748,Informa UK Limited,United Kingdom,Patricia Fronek,"This slim and easily read book explores the use of social media in social work education and in doing so delivers on creativity and innovation. Social Media in Social Work Education is essential reading for all educators and would be of considerable interest to social work practitioners and students. The volume brings together contributions by Joanne Westwood, Liz Thackray, Amanda Taylor, David McKendrick, Tarsem Singh Cooner, and Denise Turner, with a forward by Jackie Rafferty; names made familiar to me by their social media presence.",70,2,253,254,Social relation; Social position; Sociology; Social work; Social pedagogy; Social change; Media studies; Socioeconomics; Social media; Social philosophy; Social science education,,,,,https://www.tandfonline.com/doi/full/10.1080/0312407X.2016.1168343 https://research-repository.griffith.edu.au/handle/10072/407328,http://dx.doi.org/10.1080/0312407x.2016.1168343,,10.1080/0312407x.2016.1168343,2602310465,,0,,0,true,,green
136-690-668-884-217,Social Media and Sports Media,2021-07-30,2021,book chapter,Social Media in Sport,,WORLD SCIENTIFIC,,David Cassilo,,,,287,311,,,,,,,http://dx.doi.org/10.1142/9789811237669_0011,,10.1142/9789811237669_0011,,,0,,2,false,,
136-701-837-946-900,Social Media and Social Media Marketing: A Literature Review,2015-01-01,2015,review,Figshare,,,,Mohammad Furqan Khan,,,,,,Social media; Social marketing; Social media marketing; Sociology; Social media optimization; Advertising; Marketing; Business; Computer science; World Wide Web,,,,,http://figshare.com/articles/Social_Media_and_Social_Media_Marketing_A_Literature_Review/1603046,http://dx.doi.org/10.6084/m9.figshare.1603046,,10.6084/m9.figshare.1603046,,,0,,0,true,cc-by,green
136-707-347-157-068,AND & Social Media,,2010,,,,,,Donovan Moeksim,,,,,,Sociology; Media studies; Social media,,,,,,,,,2792396977,,0,034-057-478-335-32X; 035-541-242-323-817; 041-760-812-759-231; 042-496-048-567-248; 069-106-972-769-674; 090-565-589-080-034; 164-233-751-793-174; 179-122-623-003-994,5,false,,
136-877-590-366-208,"Your socially, social media",2021-07-22,2021,book chapter,It's Your Digital Life,,CRC Press,,Giri Govindarajulu; Shyam Sundar Ramaswami; Shriram K. Vasudevan,,,,37,56,Social media; Sociology; Computer science; World Wide Web,,,,,,http://dx.doi.org/10.1201/9781003144199-3,,10.1201/9781003144199-3,,,0,,0,false,,
136-887-596-804-52X,Social Media,,2017,book,,,Lexington Books,,Pavica Sheldon,"<JATS1:p>Social Media: Principles and Applicationsexamines social media in interpersonal, mass-mediated, educational, organizational, and political settings. Social media technologies take on many different forms, including social network sites like Facebook and Twitter, blogs, wikis, online video and photo-sharing sites (e.g., Pinterest), rating and social bookmarking sites, and video/text chatting sites (e.g., Skype). Beginning with the principles of social media, Sheldon disassembles applications of social media in a variety of settings to understand who is using social media, how they develop meaningful relationships, and how they use social media during major events. Sheldon also delves into the political, educational, commercial, and privacy issues of social media use, making this an excellent resource for communication, psychology, and social media scholars.</JATS1:p>",,,,,,,,,,,http://dx.doi.org/10.5040/9781978746282,,10.5040/9781978746282,,,0,,0,false,,
137-865-336-277-566,Social Media,2021-04-02,2021,book chapter,Now Media: The Evolution of Electronic Communication,,Routledge,,Norman J. Medoff; Barbara K. Kaye,,,,157,182,Social media; Sociology; Computer science; World Wide Web,,,,,,http://dx.doi.org/10.4324/9781003020721-6,,10.4324/9781003020721-6,,,0,,0,false,,
137-942-328-512-948,Social Media,2014-03-11,2014,other,The International Encyclopedia of Communication,,Wiley,,Nina Haferkamp; Sabrina C. Eimler,"<jats:p>The term “social media” is one of the buzzwords that emerged after 2005, when O'Reilly's postulates on the next generation of the → Internet came into focus. To this day, there is no generally accepted definition of the term. Thus, “social media” is best used as an umbrella term, comprising various digital services whose specific characteristics make it possible to distinguish them from other forms of media (Lietsala &amp; Sirkkunen 2008). In its core meaning, “social media” is closely allied to the terms<jats:italic>Web 2.0</jats:italic>and<jats:italic>social web</jats:italic>.</jats:p>",,,,,Social media; Term (time); Meaning (existential); Focus (optics); World Wide Web; The Internet; Sociology; Digital media; Computer science; Media studies; Epistemology; Physics; Philosophy; Quantum mechanics; Optics,,,,,,http://dx.doi.org/10.1002/9781405186407.wbiecs133.pub2,,10.1002/9781405186407.wbiecs133.pub2,,,0,000-413-878-399-917; 008-287-285-234-830; 030-336-959-693-984; 044-720-803-880-69X; 045-366-718-618-918; 057-182-645-993-352; 079-165-350-150-79X; 093-449-398-676-928; 164-233-751-793-174,0,false,,
138-144-423-742-776,Plugged in: social action on social media,,2018,,,,,,Alex Krasodomski-Jones; Matilda Rudd de Oliveria; Agnès Chauvet; Ben Glover,,,,,,Sociology; Action (philosophy); Media studies; Social media,,,,,https://dera.ioe.ac.uk/32212/,https://dera.ioe.ac.uk/32212/,,,2911333851,,0,,0,false,,
138-208-924-613-673,Social Media,2015-01-21,2015,other,Wiley Encyclopedia of Management,,Wiley,,Pat R. Provinske,"<jats:title>Abstract</jats:title><jats:p>The English proverb, “<jats:italic>You are responsible for you</jats:italic>,” may guide people when they use social media's powerful technology. As social media continues to evolve, it will be helpful to look at a brief definition, a timeline of its history, five distinguishing features, some of the ethical issues related to its use, the responsibility of social media users, guidance on creating a social media policy, and positive and negative findings of several researchers.</jats:p>",,,1,4,Timeline; Social media; Public relations; Sociology; Internet privacy; Psychology; Political science; World Wide Web; Computer science; History; Archaeology,,,,,,http://dx.doi.org/10.1002/9781118785317.weom020211,,10.1002/9781118785317.weom020211,,,0,035-391-139-344-221; 049-429-604-352-278; 065-968-040-450-042; 164-233-751-793-174,0,false,,
138-424-632-577-080,Social Media,,2015,book chapter,Encyclopedia of Science Education,,Springer Netherlands,,Richard Gunstone,,,,975,975,Social media; Sociology; Political science; Law,,,,,,http://dx.doi.org/10.1007/978-94-007-2150-0_100700,,10.1007/978-94-007-2150-0_100700,,,0,,0,false,,
138-474-681-077-117,Social Networks and Social Media,2012-05-07,2012,book chapter,Human Factors and Ergonomics,21546096; 2379853x,CRC Press,,Molly McClellan; Julie Jacko; François Sainfort; Layne Johnson,,,,1359,1374,Social media; Sociology; Computer science; World Wide Web,,,,,,http://dx.doi.org/10.1201/b11963-71,,10.1201/b11963-71,,,0,007-336-034-770-120; 013-030-399-091-134; 037-322-152-671-263; 049-617-656-349-810; 086-583-558-608-208,0,false,,
138-581-584-908-912,LibGuides: Social Media University: Social Media Planning,2012-07-30,2012,,,,,,MaShana Davis,,,,,,Sociology; Media studies; Public relations; Citizen media; Social media,,,,,,,,,2293464547,,0,,0,false,,
138-684-210-622-25X,Social Media,,2017,reference entry,The SAGE Encyclopedia of War: Social Science Perspectives,,"SAGE Publications, Inc.",,,,,,,,Social media; Computer science; World Wide Web,,,,,,http://dx.doi.org/10.4135/9781483359878.n613,,10.4135/9781483359878.n613,,,0,,0,false,,
138-934-915-676-097,Branding in Social Media and the Impact of Social Media on Brand Image,,2016,dissertation,,,,,Tomi Jokinen,,,,,,Advertising; Corporate branding; Business; Marketing; Brand image; Social media; Brand management,,,,,https://www.theseus.fi/handle/10024/105658,https://www.theseus.fi/handle/10024/105658,,,2293474434,,0,,4,false,,
138-991-310-934-947,Social Media and Personal Relationships - Social Media and Personal Relationships,,2013,book,,,Palgrave Macmillan UK,,Deborah Chambers,,,,,,Sociology; Public relations; Social media; Social organization,,,,,https://link.springer.com/10.1057/9781137314444,http://dx.doi.org/10.1057/9781137314444,,10.1057/9781137314444,2477652464,,0,,147,false,,
139-080-950-551-986,Sustainability and Social Responsibility of the Media and in the Media,,2026,book,"CSR, Sustainability, Ethics & Governance",21967075; 21967083,Springer Nature Switzerland,,,,,,,,Sustainability; Social responsibility; Public relations; Social media; Business; Political science; Corporate social responsibility; Social sustainability; Sociology; Action (physics); Sustainable development; Compliance (psychology); Key (lock); Work (physics),,,,,,http://dx.doi.org/10.1007/978-3-032-00086-6,,10.1007/978-3-032-00086-6,,,0,,0,false,,
139-485-692-146-085,Social Media,2019-12-06,2019,book chapter,Convergent Journalism: An Introduction,,Routledge,,Sara Steffes Hansen,"This chapter focuses on how social media can help students become a better journalist. It examines some professional uses of social media in the journalism environment. The chapter highlights the ways to produce news content with social media. It discusses the importance of engaging with audiences seeking news on various media platforms, while also providing tips on how students can build community interactions and relationships with those readers. The chapter outlines the ways in which social media and an increasing reliance on digital technology have led to massive changes in how we work in journalism and how society engages with our field. Social media also allows citizens to capture live events with mobile devices and then stream them live or upload the information to social sites. Students create user-generated content regularly when students post status updates on social network sites or upload visual content to these sites.",,,131,145,Social media; Sociology; Psychology; Computer science; World Wide Web,,,,,,http://dx.doi.org/10.4324/9780429320835-10,,10.4324/9780429320835-10,,,0,,0,false,,
139-495-013-451-117,""" THE POWER OF SOCIAL MEDIA"" ; Social Media And The Case Of 'KONY 2012'",,2012,,,,,,Asra Shakaib,,,,,,Sociology; Power (social and political); Media studies; Social media,,,,,https://lup.lub.lu.se/student-papers/record/3046586,https://lup.lub.lu.se/student-papers/record/3046586,,,1834523022,,0,,0,false,,
140-204-198-958-100,Social Media,2017-04-25,2017,book chapter,Plugged In,,Yale University Press,,Patti M. Valkenburg; Jessica Taylor Piotrowski,"<p>This chapter presents the latest scientific research on the role of social media in teens' lives. Never before have the youth had so many opportunities to bring their self-presentation to perfection. They can, for example, endlessly edit their digital profiles and selfies before they post them on the Web or send them to friends. Does this ability make them more self-aware? Or does it turn them into narcissists? Does the use of social media lead to superficial relationships and loneliness—or does it boost self-esteem and social skills? What effects does extensive media multitasking have on youth? Does it make them lose their ability to concentrate and contemplate?</p>",,,,,Loneliness; Social media; Presentation (obstetrics); Human multitasking; Psychology; Perfection; Sociology; Internet privacy; Social psychology; Computer science; World Wide Web; Epistemology; Cognitive psychology; Philosophy; Radiology; Medicine,,,,,,http://dx.doi.org/10.12987/yale/9780300218879.003.0013,,10.12987/yale/9780300218879.003.0013,,,0,,3,false,,
140-204-693-454-006,Social Media,2019-06-07,2019,book chapter,Technology-Enhanced Methods of Money Laundering,,Springer International Publishing,,Fausto Martin De Sanctis,,,,83,91,Social media; Balance (ability); The Internet; Freedom of expression; Political science; Public relations; Internet privacy; Sociology; Law; Psychology; Computer science; Human rights; World Wide Web; Neuroscience,,,,,,http://dx.doi.org/10.1007/978-3-030-18330-1_6,,10.1007/978-3-030-18330-1_6,,,0,063-523-465-668-245; 067-073-800-336-409; 120-255-473-546-093,0,false,,
140-262-097-547-981,What is the Social in Social Media?,,2014,book chapter,Art in the Global Present,,"University of Technology, Sydney",,Geert Lovink,,,,97,111,,,,,,,http://dx.doi.org/10.5130/978-0-9872369-9-9.f,,10.5130/978-0-9872369-9-9.f,,,0,,2,true,cc-by-nc-nd,hybrid
140-571-136-403-892,Social Media and Fashion : The influence of Social Media on Fashion Marketing,,2016,dissertation,,,,,Maurane Danlos,,,,,,The Internet; Business; Marketing; Consumer behaviour; Fashion industry; Social media; Media relations,,,,,https://www.theseus.fi/bitstream/10024/124066/1/Danlos_Maurane.pdf https://www.theseus.fi/handle/10024/124066,https://www.theseus.fi/handle/10024/124066,,,2608204298,,0,,0,false,,
140-579-356-858-465,Solution of Media Risk and Social Responsibility Governance of Social Media,2017-05-23,2017,journal article,ITM Web of Conferences,22712097,EDP Sciences,,Yuan Zhang; Ming-De Li; Hong-Bang Zhang,"The rapid development of media technology makes the modern society become a “social media” or even “over social media”, the rise of social media makes it beyond the tool attribute, and become an important force in the reconstruction of contemporary society, the risk of concomitant. The anomie and breach of Social media regularly staged, weakened its positive social function, forcing us to think about the social responsibility of social media,which are reflections on the lack of responsibility, but also positive response of resolving the media risk and ask for moral strength.",11,,01007,,Social entropy; Social responsibility; Media system dependency theory; Political science; Social change; Public relations; Social media; Social philosophy; Media relations; Social order,,,,,https://core.ac.uk/display/88834294 http://www.itm-conferences.org/articles/itmconf/abs/2017/03/itmconf_ist2017_01007/itmconf_ist2017_01007.html https://www.itm-conferences.org/articles/itmconf/abs/2017/03/itmconf_ist2017_01007/itmconf_ist2017_01007.html,http://dx.doi.org/10.1051/itmconf/20171101007,,10.1051/itmconf/20171101007,2620072775,,0,,0,true,cc-by,gold
140-639-537-873-463,Social Media,,2016,book,,,Lexington Books,,Kehbuma Langmia; Tia C M Tyree,"<JATS1:p>Social Media: Culture and Identity examines the global impact of social media in the formation of various identities and cultures. New media scholars— both national and international— have posited thought-provoking analyses of sociocultural issues about human communication that are impacted by the omnipresence of social media. This collection examines issues of gender, class, and race inequities along with social media’s connections to women’s health, cyberbullying, sexting, and transgender issues both in the United States and in some developing countries.</JATS1:p>",,,,,Computer science,,,,,,http://dx.doi.org/10.5040/9781978731189,,10.5040/9781978731189,,,0,,0,false,,
140-671-457-465-662,Social Media,2018-10-31,2018,book chapter,A User's Guide to Data Protection: Law and Policy,,Bloomsbury Professional,,,,,,,,Sociology,,,,,,http://dx.doi.org/10.5040/9781526505026.ch-029,,10.5040/9781526505026.ch-029,,,0,,0,false,,
140-673-192-000-251,LibGuides: Social media: Why use social media?,2019-01-08,2019,libguide,,,,,Sarah Lewis,,,,,,Sociology; Media studies; Social media,,,,,https://buckshealthcare.nhs.libguides.com/c.php?g=668569&p=4743777,https://buckshealthcare.nhs.libguides.com/c.php?g=668569&p=4743777,,,2967084003,,0,,0,false,,
140-755-635-443-297,Social Media,2024-08-28,2024,book chapter,Medien der Kooperation – Media of Cooperation,25208349; 25208357,Springer Fachmedien Wiesbaden,,Konstantin Aal,,,,197,212,Social media; Sociology; Computer science; World Wide Web,,,,,,http://dx.doi.org/10.1007/978-3-658-45517-0_10,,10.1007/978-3-658-45517-0_10,,,0,,1,false,,
141-101-855-570-371,"Social media, social unfreedom",2022-11-10,2022,journal article,Communications,16134087; 03412059,Walter de Gruyter GmbH,Germany,João C. Magalhães; Jun Yu,"<jats:title>Abstract</jats:title>;                <jats:p>This essay addresses the moral nature of corporate social media platforms through the lenses of Axel Honneth’s concept of justice, according to which relations of mutual recognition must be institutionalized into spheres of social freedom to claim a just society. This perspective allows us to observe how platforms configure a symmetrically inverted form of ethical sphere, in which users are led to formulate non-autonomous desires that can only be realized socially. We characterize this as social unfreedom. A just platform ought to be the one in which rights and self-legislation capabilities enable users to have a stake in governing how these digital spaces can be designed to foster the practical realization of users’ autonomous aims, the essay argues.</jats:p>",47,4,553,571,Sociology; Perspective (graphical); Realization (probability); Law and economics; Social media; Legislation; Internet privacy; Epistemology; Law; Public relations; Computer science; Political science; Artificial intelligence; Mathematics; Philosophy; Statistics,recognition; social media; justice; platforms,,,,https://www.degruyter.com/document/doi/10.1515/commun-2022-0040/pdf https://doi.org/10.1515/commun-2022-0040,http://dx.doi.org/10.1515/commun-2022-0040,,10.1515/commun-2022-0040,,,0,003-712-004-091-961; 011-105-943-346-286; 024-152-458-046-910; 031-266-502-067-081; 031-890-426-890-277; 044-479-153-279-211; 049-282-693-993-355; 050-720-943-042-556; 057-067-795-294-22X; 068-580-706-333-220; 073-582-609-444-252; 084-402-128-090-99X; 097-328-561-603-740; 123-268-280-123-926; 135-911-219-026-540; 143-446-263-271-200; 149-472-549-835-232; 175-187-337-488-646; 182-585-752-811-014,3,true,cc-by,hybrid
141-159-168-172-584,Social media fiction. A framework for designing narrativity on social media,2017-03-08,2017,,,,,,Simona Venditti,"Oggi, i social media rappresentano un terreno emergente per il digital storytelling, introducendo nuove sfide e potenzialita per la creazione e disseminazione di contenuti.  L’uso della narrazione digitale, sia essa di fiction o non-fiction, si costituisce come una strategia comunicativa in grado di coinvolgere gli utenti della rete, offrendo ad autori e designers nuove modalita per costruire significati in grado di riflettere l’odierna cultura mediale. Le narrazioni sui social media si costituiscono quindi come una tipologia di strumenti creativi attraverso i quali e possibile generare dialogo, collaborazione e interazione.; Il presente lavoro di ricerca si pone come obiettivo l’indagine e l’analisi della narrazione di fiction prodotta e disseminata attraverso i social media, intesa sia come un prodotto comunicativo generato per il mercato dell’intrattenimento, sia come parte integrante di strategie di comunicazione in ottica transmediale e crossmediale. Il lavoro di ricerca si sviluppa ulteriormente attraverso la modalita della ricerca sul campo per progettare, prototipare e testare strumenti a supporto della progettazione di narrazioni di fiction  sui canali digitali e sulle piattaforme social. Quali sono i parametri apportati dai social media al progetto di narrazioni digitali? Come possono essere supportati i designer nell’attivita di progettazione di artefatti narrativi in un contesto dinamico e in evoluzione come quello dei social media?; La risposta alle domande di ricerca intende contribuire al campo del design della comunicazione proponendo una cornice di riferimento per la concezione, produzione e comunicazione della narrativita, tenendo in considerazione da un lato gli aspetti formali richiesti dalle piattaforme digitali in termini di architettura, contenuto e interazione con gli utenti, dall’altro la capacita di costruire narrazioni stimolanti e coinvolgenti per molteplici target di riferimento.",,,67,81,Art; Humanities; Social media,,,,,https://re.public.polimi.it/handle/11311/1010747 https://www.politesi.polimi.it/handle/10589/132153,https://re.public.polimi.it/handle/11311/1010747,,,2779209513,,0,,3,false,,
141-791-964-489-258,Social Media,,2021,other,Communication and Technology,,"SAGE Publications, Inc.",,Stephanie Smith,,,,,,Social media; Sociology; Computer science; World Wide Web,,,,,,http://dx.doi.org/10.4135/9781071861653,,10.4135/9781071861653,,,0,,0,false,,
141-819-874-941-871,Media Globalization and Global Social Media,2013-07-03,2013,book chapter,"Music, Social Media and Global Mobility",,Routledge,,,,,,26,38,Globalization; Social media; Political science; Sociology; Law,,,,,,http://dx.doi.org/10.4324/9780203127544-8,,10.4324/9780203127544-8,,,0,,0,false,,
142-002-630-310-627,Social media.,,2012,letter,The American journal of nursing,15387488; 0002936x,Lippincott Williams and Wilkins,United States,Debra Palmer,"Figure“Leveling the Research Field Through Social Media” (In the News, October 2011) seems to support the use of Web sites such as PatientsLikeMe, where patients can give and receive medical advice, donate to research, and enroll as research subjects. PatientsLikeMe is funded in part by drug companies. Some patients on the site say they've been diagnosed with bipolar I, autism, social anxiety, and other psychiatric disorders. If they enroll in research studies, these patients are considered “vulnerable” and require a heightened level of protection, according to the U.S. Department of Health and Human Services’ Code of Federal Regulations (Title 45, Part 46). What safety measures are in place for these patients if they experience psychological trauma as a result of answering questions online? The Health Literacy of America's Adults, a 2003 report by the National Center for Education Statistics (a part of the Department of Education), revealed that 53% of adults had intermediate skill levels, whereas 22% had basic and 14% had below basic health literacy. Do participants even understand what they're enrolling in? This article doesn't mention the validity or reliability of online research instruments or any means of protecting subjects who participate. I suggest we disseminate information to nurses that helps them steer patients away from Web sites such as PatientsLikeMe until programs and processes are in place to better protect the public we've pledged to serve. Debra Palmer, MS, RN South Portland, ME Writer Joy Jacobson responds: The question of whether people with mental illness are competent to consent to participate in research has been discussed for years.1 I asked PatientsLikeMe about its safeguards. Researchers Paul Wicks, Sally Okun, and James Heywood said by e-mail that they welcome the scrutiny “to ensure we are meeting the ethical standards one would expect for our patients. We believe our established processes and procedures are consistent with these expectations and our work is certainly known to Jerry Menikoff, director of the Office for Human Research Protections.” They have measured the validity of research methods involving online communities of subjects and published their findings in peer-reviewed journals.2, 3 As to the literacy level of the information the site provides, Wicks and colleagues said that using the Test of Functional Health Literacy in Adults (TOFHLA), they found that almost all of their users “scored at ceiling level of TOFHLA, with 50% getting a perfect score.” The opportunities social media are giving patients and researchers, as Wicks and colleagues conceded to me, are “challenging, if not downright controversial.” PatientsLikeMe's policy of transparency is one step in overcoming such challenges. Nurses can do much to ensure that this new model serves patients and researchers alike. Reading the “e-patient's white paper” (http://e-patients.net/e-Patients_White_Paper.pdf) is a good place to start. I will explore these topics in a post on AJN’s blog, http://ajnoffthecharts.com, in early March.",112,3,"14, author reply 14",14,Social media; Psychology; Mental health; Health literacy; Literacy; Anxiety; Medical education; Health care; Medicine; Public relations; Psychiatry; Political science; Pedagogy; Law,,Nursing Research; Social Support,,,,http://dx.doi.org/10.1097/01.naj.0000412620.80261.f1,22373673,10.1097/01.naj.0000412620.80261.f1,,,0,,0,false,,
142-633-625-077-892,Social Media,,2021,book,,,SAGE Publications Ltd,,Christian Fuchs,,,,,,Social media; Sociology; Media studies; Public relations; Internet privacy; The Internet; Political science; Advertising; Computer science; Key (lock); Context (archaeology),,,,,,http://dx.doi.org/10.4135/9781036232214,,10.4135/9781036232214,,,0,,7,false,,
142-849-555-860-218,Social media management : advancing social media analytics and engagement,,2016,dissertation,,,,,Marten Risius,"This cumulative dissertation thesis comprises six empirical papers that advance knowledge on social media management. The different papers are allocated to one of the different social media activities depending on the degree to which they focus on engagement or analytics. The different activities were derived from the social media research frameworks by Aral et al. (2013) and McFarland and Ployhart (2015). In particular, Paper 1 and Paper 2 address the first research question by analyzing how different communication based engagement behaviors of individual employees translate into knowledge exchange quality (Paper 1) and social capital (Paper 2) in enterprise microblogging. Both papers argue that the way in which users commonly communicate affect their social network which ultimately leads to different outcomes. Regarding the second overall research question, Papers 3-5 explore which different social media management strategies and tactics companies currently pursue. Specifically, these articles evaluate how these different organizational behaviors affect the public perception with a particular focus on the corporate application of social media management tools. With respect to the third major research question, Paper 6 develops and validates a sentiment analysis tool to advance social media analytics. Thereby, it provides new means of measuring user-generated content and demonstrates the value of the respectively improved intelligence.",,,,,Political science; Social media analytics; Research question; Public relations; Social media; Knowledge management; Sentiment analysis; Social capital; Analytics; Social network; Social engagement,,,,,https://madoc.bib.uni-mannheim.de/42062/,https://madoc.bib.uni-mannheim.de/42062/,,,2620238526,,0,,0,false,,
143-434-445-465-286,Social Media,2017-08-15,2017,book,,,,,Simion Gerot,,,,,,Sociology; Media studies; Social media,,,,,,,,,3093445987,,0,,0,false,,
144-197-622-654-687,Social Media and Traditional Media,2023-11-09,2023,book chapter,Sport and Social Media in Business and Society,,Routledge,,Gashaw Abeza; Ryan King-White,,,,53,66,Social media; Sociology; Computer science; World Wide Web,,,,,,http://dx.doi.org/10.4324/9781003358398-4,,10.4324/9781003358398-4,,,0,,0,false,,
144-249-482-625-818,Media-State Relations and Social Media,2024-10-01,2024,book,,,Routledge,,Tyler W. Wilson,"This book updates scholarship related to media-state relations for the social media age. It presents a timely account of how states have engaged with the platforms that have spread around the world – and the challenges that this presents. Further, it is positioned at a novel intersection between the Communications and International Relations disciplines, so scholars and students of both fields will find value within it. In particular, the book explores the Four Theories of the Press's role as a seminal text within media-state relations scholarship. It reimagines the original models through a Neo-Gramscian lens. The four models contained within the book deepen the analytic power of the original and align these ideas with the complexity of social media. Importantly, this book presents original research findings on measuring and quantifying the social media-state relationship as theorised by establishing and validating the new Order Index. Scholars and students of the fields discussed within will find value in the theoretical models and the quantitative instrument developed to measure these models. Of note is that the book contains the basis for using the Order Index in future research and highlights a new research future within this space.",,,,,Social media; State (computer science); Political science; Sociology; Computer science; Media studies; World Wide Web; Programming language,,,,,,http://dx.doi.org/10.4324/9781003475712,,10.4324/9781003475712,,,0,,0,false,,
144-321-895-684-019,Social media,2015-03-25,2015,journal article,Nursing Management,13545760; 20478976,RCN Publishing Ltd.,United Kingdom,Ruth Williams,"The Guardian online has highlighted ten health-related Twitter feeds that offer a diverse take on health care, science and policy. They include: Oliver Sachs (@OliverSachs), the neurologist and scientist who wrote The Man Who Mistook His Wife for a Hat, and who recently told followers he has terminal cancer; and Caitlin Doughty (@TheGoodDeath), an undertaker who advises on healthier ways to talk about death, grieving and mourning. Go to tinyurl.com/k3rsrhs to see the full list.",22,1,19,19,Guardian; Wife; Social media; Internet privacy; Health care; Psychology; World Wide Web; Computer science; Law; Political science,,,,,,http://dx.doi.org/10.7748/nm.22.1.19.s23,,10.7748/nm.22.1.19.s23,,,0,,1,false,,
144-534-537-308-346,Social Media und Social-Media-Marketing,2021-05-26,2021,book chapter,Social-Media-Marketing kompakt,,Springer Fachmedien Wiesbaden,,Ralf T. Kreutzer,,,,1,21,Social media; Social media marketing; Social marketing; Sociology; Political science; Public relations; Law,,,,,,http://dx.doi.org/10.1007/978-3-658-33866-4_1,,10.1007/978-3-658-33866-4_1,,,0,066-574-730-231-116,1,false,,
144-535-293-623-052,LibGuides: Social media: Social networking,2011-08-01,2011,libguide,,,,,Diane Bell,,,,,,Sociology; Public relations; Social web; Social media; Social media optimization; Social computing,,,,,http://libguides.city.ac.uk/socialmedia/social-networking,http://libguides.city.ac.uk/socialmedia/social-networking,,,1744372906,,0,,0,false,,
144-600-239-120-081,Will social media save the world?: The role of social media in (dis)abling social movements,,2018,,,,,,Ana Pop Stefanija,,2018,9,1,12,Social movement; Sociology; Media studies; Social media,,,,,https://eplus.uni-salzburg.at/JKM/periodical/titleinfo/2675664,https://eplus.uni-salzburg.at/JKM/periodical/titleinfo/2675664,,,3086849983,,0,,0,false,,
145-340-125-602-531,Social Media Analytics: Application towards Social Media Marketing,2022-07-25,2022,preprint,,,MDPI AG,,Shahzeb Zulfiqar; Asadullah Lakho; Kehkashan Nizam,"<jats:p>The role of Social Media Marketing (SMM) in marketing strategies is rapidly growing. Because the use of social media is growing, the industry of SMM will grow bigger in the coming years; the pace of this growth is faster than ever. To survive in the modern competitive world, effective use of SMM for a firm is a must; for that, every SMM channel needs to be used to its full potential. For a marketing campaign to be effective, there is a need for some metrics to measure the success of the SMM campaign. These metrics measure if the campaign is successfully implemented or not. This would help firms understand the market, gain a competitive advantage, and ultimately get a positive impact on the overall business. This study categorizes SMM strategy into 4 dimensions and associates 10 broad categories of SMM metrics to these dimensions. The proposed model of this study suggests the application of Social Media Analytics (SMA) ineffective use of metrics to measure SMM campaigns. There are so many SMA Tools available for free and time-efficient data analysis that can lead to faster and better results than manual analysis. Following this model, the importance of SMA tools in devising an effective SMM strategy is highlighted. The implication of this research is towards a better understanding of the application of SMA for any firm to have a solid SMM Strategy, especially small and medium-sized enterprises that have limited resources.</jats:p>",,,,,Social media; Analytics; Pace; Competitive advantage; Social media analytics; Measure (data warehouse); Business; Marketing; Computer science; Data science; World Wide Web; Data mining; Geodesy; Geography,social media; social media metrics; digital marketing; social media marketing strategy; customer sentiment; customer engagement,,,,https://www.preprints.org/manuscript/202207.0363/v1/download https://doi.org/10.20944/preprints202207.0363.v1,http://dx.doi.org/10.20944/preprints202207.0363.v1,,10.20944/preprints202207.0363.v1,,,0,,0,true,cc-by,green
145-475-586-884-795,Social Media,,2015,reference entry,The SAGE Encyclopedia of World Poverty,,"SAGE Publications, Inc",,,,,,,,Social media; Computer science; Sociology; World Wide Web,,,,,,http://dx.doi.org/10.4135/9781483345727.n742,,10.4135/9781483345727.n742,,,0,,0,false,,
145-663-147-280-023,Social Comparison on Social Media Platforms: A media and communication Perspective,2024-03-14,2024,journal article,SHS Web of Conferences,22612424; 24165182,EDP Sciences,,Yue Qiu,"<jats:p>Many existing studies of social comparison focus on the psychological component, but the reality of users’ lived experiences is that most users incorporate multiple platforms into their communication practices in order to access the people and networks they desire to influence. This paper delves into the phenomenon of social comparison on social media platforms, examined through the lens of media and communication studies. Particularly emphasized is the role of algorithmic curation and the emergence of social media influencers as modern benchmarks of success and aspiration. This paper endeavors to offer a comprehensive understanding of the intertwined dynamics of technological affordances, socio-cultural catalysts, and psychological impacts in the realm of digital social comparison. Finally, the paper reflects on potential strategies to navigate this complex terrain, aiming to strike a balance between digital engagement and mental well-being. The overarching aim is to foster a digital environment that, while enabling connection and expression, also ensures the psychological well-being of its users.</jats:p>",185,,3008,03008,Affordance; Social media; Realm; Perspective (graphical); Influencer marketing; Sketch; Digital media; Phenomenon; Computer science; Sociology; Internet privacy; Human–computer interaction; World Wide Web; Political science; Business; Marketing; Algorithm; Marketing management; Relationship marketing; Artificial intelligence; Law; Quantum mechanics; Physics,,,,,https://www.shs-conferences.org/articles/shsconf/pdf/2024/05/shsconf_iclcc2024_03008.pdf https://doi.org/10.1051/shsconf/202418503008 https://www.shs-conferences.org/10.1051/shsconf/202418503008/pdf,http://dx.doi.org/10.1051/shsconf/202418503008,,10.1051/shsconf/202418503008,,,0,002-336-118-438-449; 003-334-362-107-702; 008-287-285-234-830; 009-823-350-521-098; 014-159-930-655-71X; 015-251-620-013-226; 019-303-532-604-20X; 024-408-102-963-917; 027-565-392-964-763; 028-527-131-441-349; 053-443-262-702-447; 095-278-633-311-494; 143-564-678-667-095; 163-077-340-838-464,7,true,cc-by,gold
145-877-170-082-600,"Applicant Reactions to Social Media Assessments: Effects of Social Media Type, Social Media Self-Efficacy, and Minority Status",2023-07-20,2023,journal article,Employee Responsibilities and Rights Journal,08927545; 15733378,Springer Science and Business Media LLC,United States,Yalçın Açıkgöz; Kelly Mollica; H. Kristl Davison; Christopher J. Hartwell; Shawn M. Bergman,,37,2,175,199,Social media; Psychology; Context (archaeology); Selection (genetic algorithm); Social psychology; Public relations; Political science; Biology; Artificial intelligence; Computer science; Paleontology; Law,,,,,,http://dx.doi.org/10.1007/s10672-023-09463-4,,10.1007/s10672-023-09463-4,,,0,000-372-139-527-745; 005-342-889-945-238; 006-640-512-010-741; 008-067-721-725-042; 010-463-238-266-540; 012-490-843-105-493; 012-962-546-610-525; 014-421-888-020-841; 018-562-220-621-588; 019-499-972-170-14X; 019-783-169-497-440; 020-920-321-477-73X; 021-505-462-060-522; 029-156-561-004-890; 029-616-037-908-310; 029-738-221-279-29X; 031-660-009-212-375; 035-155-847-581-653; 036-144-087-731-26X; 039-220-792-411-73X; 044-303-208-810-470; 049-978-637-772-131; 055-644-659-012-456; 057-873-610-597-256; 058-995-889-689-191; 059-512-296-148-063; 066-026-545-914-022; 066-966-449-054-333; 067-879-875-552-475; 068-248-769-538-173; 068-521-492-322-55X; 069-880-555-414-007; 073-367-969-825-057; 075-328-954-406-07X; 078-521-337-426-853; 082-650-408-432-907; 085-314-932-092-087; 085-325-129-192-111; 085-976-337-113-296; 086-576-276-763-837; 087-413-838-393-840; 088-331-205-815-991; 092-198-005-719-748; 098-812-782-282-208; 108-252-690-885-579; 109-805-554-909-285; 112-459-137-740-561; 118-982-233-651-328; 127-320-942-013-98X; 129-383-470-359-421; 133-592-123-407-746; 138-815-256-594-36X; 157-842-799-474-279; 166-837-634-143-48X; 175-135-825-955-421; 194-404-808-962-285,4,false,,
145-921-887-390-649,Social Media im Versicherungswesen - Social-Media-Kampagnen durchführen,,2017,book chapter,Social Media im Versicherungswesen,,VVW,,Stefan Jauernig; Germot Heisenberg; Maren Selbst; Silke Wiegand,,,,57,69,,,,,,http://link.springer.com/content/pdf/10.33283/978-3-86298-459-6_4,http://dx.doi.org/10.33283/978-3-86298-459-6_4,,10.33283/978-3-86298-459-6_4,2954640952,,0,,0,false,,
146-063-915-313-455,Social Media,2016-08-01,2016,book,,,,,Peggy J. Parks,,,,,,Sociology; Media studies; Social media,,,,,https://www.amazon.com/Social-Media-Digital-Issues-Peggy/dp/1601529929,https://www.amazon.com/Social-Media-Digital-Issues-Peggy/dp/1601529929,,,3093286668,,0,,1,false,,
146-253-478-765-994,Social Media in Social Work Practice,,2019,book,,,"SAGE Publications, Inc.",,Joanne Westwood,,,,,,,,,,,,http://dx.doi.org/10.4135/9781529714555,,10.4135/9781529714555,,,0,,10,false,,
146-305-785-641-256,Social Media,2012-03-22,2012,other,The International Encyclopedia of Communication,,Wiley,,Nina Haferkamp,"<jats:p>The term “social media” is one of the buzzwords that emerged after 2005, when O'Reilly's postulates on the next generation of the →<jats:ext-link xmlns:xlink=""http://www.w3.org/1999/xlink"" xlink:href=""urn:x-wiley:9781405186407:xml-component:wbieci067"">Internet</jats:ext-link>came into focus. To this day, there is no generally accepted definition of the term. Thus, “social media” is best used as an umbrella term, comprising various digital devices and services whose specific characteristics make it possible to distinguish them from other forms of media (Lietsala &amp; Sirkkunen 2008). In its core meaning, “social media” is closely allied to the terms<jats:italic>Web 2.0</jats:italic>and<jats:italic>social web</jats:italic>. However, while these describe the novelty of the Internet's second generation, the term “social media” covers the specific types of participatory digital media.</jats:p>",,,,,Social media; Novelty; Term (time); The Internet; Meaning (existential); World Wide Web; Sociology; Citizen journalism; Digital media; Focus (optics); Social web; Computer science; Media studies; Psychology; Social psychology; Physics; Quantum mechanics; Psychotherapist; Optics,,,,,,http://dx.doi.org/10.1002/9781405186407.wbiecs133,,10.1002/9781405186407.wbiecs133,,,0,000-413-878-399-917; 004-703-839-233-296; 030-336-959-693-984; 044-720-803-880-69X; 079-165-350-150-79X; 164-233-751-793-174,0,false,,
146-835-112-186-437,Social Media,,2014,book chapter,X.media.press,14393107; 25233998,Springer Berlin Heidelberg,,Joachim Böhringer; Peter Bühler; Patrick Schlaich; Dominik Sinner,,,,383,427,Humanities; Political science; Art,,,,,,http://dx.doi.org/10.1007/978-3-642-54583-2_7,,10.1007/978-3-642-54583-2_7,,,0,,0,false,,
147-952-256-017-332,Social media and social change in Iraq,2020-11-29,2020,book chapter,Routledge Handbook on Arab Media,,Routledge,,Ahmed Al-Rawi,,,,112,122,Sociology; Social change; Media studies; Social media,,,,,https://www.taylorfrancis.com/books/e/9780429427084/chapters/10.4324/9780429427084-14 https://content.taylorfrancis.com/books/download?dac=C2018-0-87217-3&isbn=9780429427084&doi=10.4324/9780429427084-14&format=pdf,http://dx.doi.org/10.4324/9780429427084-14,,10.4324/9780429427084-14,3101073910,,0,,0,false,,
148-177-407-984-306,Social Media,,2017,book chapter,Encyclopedia of Educational Philosophy and Theory,,Springer Singapore,,Michael A. Peters,,,,2181,2181,Social media; Sociology; Computer science; World Wide Web,,,,,,http://dx.doi.org/10.1007/978-981-287-588-4_100995,,10.1007/978-981-287-588-4_100995,,,0,,0,false,,
148-627-137-738-863,The Social Capital of Locative Social Media,2015-05-27,2015,book chapter,Locative Social Media,,Palgrave Macmillan,,,,,,,,Social capital; Locative case; Social media; Sociology; Computer science; Linguistics; Social science; World Wide Web; Philosophy,,,,,,http://dx.doi.org/10.1057/9781137456113.0009,,10.1057/9781137456113.0009,,,0,,0,false,,
148-671-875-695-488,Social Media,2018-05-30,2018,book chapter,Handbuch Staat,,Springer Fachmedien Wiesbaden,,Daniel Michelis; Thomas Schildhauer,,,,1203,1209,Social media; Sociology; Political science; Law,,,,,,http://dx.doi.org/10.1007/978-3-658-20744-1_108,,10.1007/978-3-658-20744-1_108,,,0,036-405-405-476-261; 154-378-408-069-810,0,false,,
148-898-581-943-833,Media Literacy and the Role of Social Media,,2015,other,A Guided Inquiry Approach to Teaching the Humanities Research Project,,"ABC-CLIO, LLC",,,,,,14,17,Media literacy; Social media; Literacy; Sociology; Media studies; Psychology; Computer science; World Wide Web; Pedagogy,,,,,,http://dx.doi.org/10.5040/9798400660542.ch-005,,10.5040/9798400660542.ch-005,,,0,,0,false,,
148-898-901-471-047,social media: GET SOCIAL,2026-01-02,2026,journal article,Nursery World,00296422; 20599358,Mark Allen Group,,Fliss Stubbs,"<jats:p>;                     In the first of her monthly columns,;                     <jats:italic>;                       <jats:bold>Fliss Stubbs</jats:bold>;                     </jats:italic>;                     , social media expert at Ovivio (formerly Blossom Educational), which provides nursery management software, reveals the basics of using social media;                   </jats:p>",2026,1,52,52,Social media; Sociology; Public relations; Psychology; Social group; Social relation; Social psychology; Social competence; Social change; Social position; Work (physics); Media studies,,,,,,http://dx.doi.org/10.12968/nuwa.2026.1.52,,10.12968/nuwa.2026.1.52,,,0,,0,false,,
149-018-329-840-11X,Was It Social Media?,2026-02-17,2026,book chapter,Beyond Woke and Anti-Woke,,Bristol University Press,,,,,,129,142,,,,,,,http://dx.doi.org/10.2307/jj.31913408.11,,10.2307/jj.31913408.11,,,0,,0,false,,
149-145-348-555-957,Social Media,,2022,other,The Book  of  Non-Binary Joy,,Hodder & Stoughton Ltd,,,,,,157,168,Social media; Computer science; World Wide Web,,,,,,http://dx.doi.org/10.5040/9781805016380.ch-011,,10.5040/9781805016380.ch-011,,,0,,0,false,,
149-269-434-691-693,Social media,2023-02-23,2023,book chapter,Encyclopedia of Human Resource Management,,Edward Elgar Publishing,,Maria Khan,"Thoroughly revised and updated to include contemporary terms that have gained importance such as furlough, unconscious bias, platform work, and Great Resignation, this second edition of the Encyclopedia of Human Resource Management is an authoritative and comprehensive reference resource comprising almost 400 entries on core HR areas and concepts.",,,365,367,Encyclopedia; Unconscious mind; Resource (disambiguation); Sociology; Psychology; Computer science; Library science; Psychoanalysis; Computer network,,,,,,http://dx.doi.org/10.4337/9781800378841.s.21,,10.4337/9781800378841.s.21,,,0,,0,false,,
149-334-196-735-213,Social Media? It's Serious!: Understanding the Dark Side of Social Media,2018-07-28,2018,,Social Science Research Network,,,,Christian V. Baccarella; Timm F. Wagner; Jan Kietzmann; Ian P. McCarthy,"Research and practice have mostly focused on the “bright side” of social media, aiming to understand and help in leveraging the manifold opportunities afforded by this technology. However, it is increasingly observable that social media present enormous risks for individuals, communities, firms, and even the whole of society. Examples for this “dark side” of social media include cyberbullying, addictive use, trolling, online witch hunts, fake news, and privacy abuse. In this article, we aim to illustrate the multidimensionality of the dark side of social media and describe the related various undesirable outcomes. To do this, we adapt the established social media honeycomb framework to explain the dark side implications of each of the seven functional building blocks: conversations, sharing, presence, relationships, reputation, groups, and identity. On the basis of these reflections, we present a number of avenues for future research, so as to facilitate a better understanding and use of social media.",,,,,Internet privacy; Sociology; Unintended consequences; Identity (social science); Witch; Fake news; Reputation; Social media; Great Rift,,,,,https://papers.ssrn.com/sol3/papers.cfm?abstract_id=3221756,https://papers.ssrn.com/sol3/papers.cfm?abstract_id=3221756,,,3125350759,,0,,1,false,,
149-466-494-865-969,Social media,,2012,book chapter,Study Skills Connected,,Macmillan Education UK,,Stella Cottrell; Neil Morris,,,,121,140,Social media; Sociology; Computer science; World Wide Web,,,,,,http://dx.doi.org/10.1007/978-1-137-01944-8_7,,10.1007/978-1-137-01944-8_7,,,0,,0,false,,
149-645-364-886-079,THE Social Media,2019-11-07,2019,book chapter,How Language Makes Meaning,,Cambridge University Press,,Herbert L. Colston,,,,142,179,Psychology; Media studies; Social media,,,,,https://www.cambridge.org/core/books/how-language-makes-meaning/social-media/9B75659FBA00F97EE4771062D8BF3497,http://dx.doi.org/10.1017/9781108377546.009,,10.1017/9781108377546.009,3021519015,,0,000-021-035-987-822; 000-187-125-818-002; 000-812-191-389-788; 000-936-399-406-684; 001-277-929-009-767; 001-349-204-666-030; 001-417-877-621-947; 001-960-956-104-213; 002-403-674-950-053; 002-784-006-186-792; 003-205-743-866-816; 003-207-239-678-073; 003-275-573-740-308; 004-047-507-185-774; 005-077-599-978-061; 005-239-617-528-259; 005-338-820-188-038; 006-235-212-260-571; 006-701-189-911-326; 007-265-749-705-116; 007-346-327-861-13X; 007-617-305-327-800; 008-109-588-796-484; 008-206-248-558-425; 008-304-005-539-173; 008-388-217-158-023; 008-442-134-596-663; 008-509-621-744-399; 008-842-478-832-669; 008-931-939-581-52X; 010-092-914-441-501; 010-096-324-445-316; 010-237-707-608-596; 010-359-109-762-564; 010-415-589-914-54X; 011-678-487-015-763; 011-804-786-120-250; 012-264-883-705-703; 012-596-024-357-190; 013-470-482-700-091; 015-568-486-607-837; 015-686-038-438-678; 016-999-728-488-449; 017-058-110-794-550; 017-061-626-012-473; 017-566-034-385-19X; 018-323-430-842-460; 018-402-662-106-361; 019-106-031-692-253; 019-274-183-388-456; 019-466-132-452-522; 019-503-680-201-230; 019-916-362-373-710; 021-273-494-153-31X; 022-079-600-478-714; 022-085-582-945-331; 023-085-075-503-121; 023-338-534-450-472; 023-468-224-001-319; 023-610-805-000-597; 023-662-697-677-385; 023-724-905-057-780; 024-543-660-106-68X; 026-148-760-768-392; 026-237-757-990-077; 027-989-336-164-55X; 028-678-032-921-396; 029-600-733-827-93X; 030-299-276-922-91X; 031-003-966-899-578; 031-295-021-757-404; 031-315-672-305-546; 031-822-874-407-838; 031-993-055-816-423; 033-876-732-822-32X; 034-446-630-476-346; 034-520-222-312-601; 035-049-842-555-780; 035-289-246-991-837; 035-405-220-804-816; 035-461-647-159-736; 036-261-332-209-516; 036-901-142-048-478; 037-141-112-468-997; 039-880-629-639-412; 040-144-487-620-942; 040-661-870-633-506; 040-732-807-571-803; 041-223-679-918-77X; 041-349-639-552-498; 042-629-485-516-832; 043-018-076-185-925; 043-955-014-793-956; 044-869-557-042-249; 044-911-148-841-361; 045-293-650-357-509; 046-894-179-583-765; 047-501-760-416-959; 047-948-709-272-786; 049-011-874-610-187; 049-120-586-184-593; 049-325-626-588-234; 049-656-617-031-027; 050-172-679-932-204; 051-240-542-477-659; 051-243-776-179-308; 052-537-201-445-396; 052-897-444-567-792; 053-190-857-911-122; 053-375-963-517-752; 053-867-894-946-895; 054-633-640-025-660; 054-895-403-742-236; 057-008-570-833-341; 057-507-771-214-439; 059-203-960-528-437; 059-676-280-235-155; 059-764-282-049-102; 060-198-608-370-054; 061-522-269-431-809; 062-444-228-277-812; 062-468-588-286-671; 062-494-850-314-850; 062-993-113-237-572; 063-142-220-065-391; 064-465-589-694-692; 068-716-512-851-839; 069-768-326-831-915; 070-948-119-351-699; 070-988-530-653-765; 071-479-562-473-479; 071-761-270-342-134; 072-345-502-712-370; 072-863-769-923-847; 073-346-485-917-569; 074-654-013-696-180; 075-329-675-400-155; 077-125-521-977-814; 078-733-814-442-042; 079-082-832-462-880; 079-411-873-269-096; 081-759-973-258-860; 082-230-693-618-354; 082-384-285-515-550; 082-961-029-312-751; 083-576-525-215-614; 083-852-447-525-024; 084-387-795-172-400; 084-657-245-131-433; 084-806-484-909-392; 086-926-618-862-948; 086-997-876-461-897; 088-674-049-875-152; 089-121-538-188-923; 089-186-447-935-329; 089-287-166-693-274; 090-706-669-884-477; 090-979-742-650-946; 091-655-430-132-23X; 092-103-298-913-805; 092-976-522-052-986; 092-980-232-675-482; 093-052-993-121-50X; 094-695-262-507-412; 095-402-755-328-994; 095-870-048-847-549; 097-099-207-291-047; 098-822-179-367-273; 099-027-265-100-878; 099-341-601-753-102; 100-667-314-955-16X; 102-891-483-972-664; 105-191-830-811-999; 106-114-739-579-751; 106-555-526-547-493; 106-730-846-793-648; 107-110-695-255-154; 108-768-640-850-148; 108-799-273-798-297; 108-831-403-994-702; 109-822-950-874-533; 109-952-547-753-737; 110-530-359-022-262; 112-218-616-506-249; 112-371-017-718-363; 113-621-535-284-10X; 114-756-165-439-761; 116-559-384-537-310; 118-594-637-306-825; 121-690-746-732-549; 122-681-419-383-945; 122-803-514-025-639; 123-292-231-234-443; 123-465-839-824-508; 126-750-533-494-886; 129-334-614-124-656; 129-690-412-676-218; 129-784-098-202-977; 129-798-101-246-127; 132-015-967-443-265; 132-304-384-756-332; 134-152-373-636-450; 135-130-858-046-271; 136-843-620-629-238; 143-136-659-573-359; 144-646-019-966-556; 146-753-446-418-104; 147-850-228-550-204; 148-456-243-594-732; 150-441-917-302-282; 152-016-578-323-067; 153-898-784-767-64X; 156-279-676-077-39X; 161-585-020-264-412; 163-801-326-141-454; 164-348-466-925-780; 173-116-259-873-15X; 175-298-427-219-177; 176-969-940-199-286; 177-566-723-823-695; 180-623-711-043-583; 180-743-662-747-811; 185-204-708-046-121; 185-262-241-436-155; 187-298-198-255-232; 191-483-561-332-335; 192-912-254-785-499,0,false,,
150-052-534-540-030,What’s ‘Social’ About Social Media?,2020-06-12,2020,book chapter,Cultural Studies and Transdisciplinarity in Education,23457708; 23457716,Springer Nature Singapore,,Harry T. Dyer,"This chapter explores what it means to be ‘social’ online. We begin with a discussion of the manner in which our online social experiences, expectations, and engagements are enmeshed with extant socio-cultural resources in various ways. The discussion then moves to consider the various ways of engaging with social media beyond networking and peer interaction, before moving on to consider the importance of research exploring the ways social media is engaged with beyond content production alone. The chapter makes a clear call for a move away from big data research which at best places undue emphasis on content production and at worst wilfully misrepresents online user experiences. Finally, this chapter presents research exploring how young people negotiated the social milieu online and how they engaged with the various social media platforms they used.",,,71,91,Social environment; Sociology; Extant taxon; Content production; Peer interaction; Public relations; Social media; Big data,,,,,https://link.springer.com/chapter/10.1007%2F978-981-15-5716-3_4,http://dx.doi.org/10.1007/978-981-15-5716-3_4,,10.1007/978-981-15-5716-3_4,3034922185,,0,005-904-924-690-544; 009-411-185-431-88X; 010-905-377-805-765; 011-583-615-433-555; 012-067-307-092-678; 012-117-697-504-027; 013-689-877-115-790; 014-417-071-113-46X; 016-646-741-165-050; 017-338-705-704-282; 018-435-011-268-747; 019-071-160-939-489; 019-619-140-122-499; 020-893-397-813-41X; 026-985-906-372-744; 027-565-392-964-763; 029-225-047-884-166; 031-761-580-680-162; 034-851-299-848-734; 035-956-607-375-885; 038-730-398-403-209; 041-731-146-798-331; 047-095-348-172-293; 048-360-840-889-692; 052-659-353-485-720; 053-358-866-193-237; 054-793-459-695-718; 055-608-305-730-778; 056-693-489-643-622; 057-725-940-777-685; 059-736-425-951-200; 064-643-809-560-020; 075-605-057-579-627; 078-396-264-355-635; 080-031-102-566-333; 082-368-020-720-073; 083-710-073-933-408; 086-467-863-838-546; 089-664-321-015-205; 092-247-213-128-836; 095-694-352-968-185; 096-211-426-092-815; 098-695-329-391-326; 101-660-215-626-912; 103-613-237-805-541; 105-086-884-496-117; 105-343-277-688-98X; 110-421-399-026-847; 116-531-199-649-463; 122-598-416-211-948; 126-325-738-795-861; 130-922-030-616-696; 132-815-627-785-782; 140-737-474-595-038; 141-787-092-960-601; 141-957-043-181-029; 146-729-206-030-354; 147-800-221-033-823; 148-029-709-206-425; 148-434-640-575-95X; 164-233-751-793-174; 165-278-276-844-619; 165-907-153-473-247; 177-009-926-873-682; 180-517-926-710-882,0,false,,
150-622-593-968-047,Praxishandbuch Social Media Recruiting - Praxishandbuch Social Media Recruiting,,2014,journal article,,,Springer Fachmedien Wiesbaden,,Ralph Dannhäuser,,,,,,Sociology; Media studies; Social media,,,,,https://EconPapers.repec.org/RePEc:spr:sprbok:978-3-658-16281-8 https://link.springer.com/10.1007/978-3-658-16281-8,http://dx.doi.org/10.1007/978-3-658-01844-3,,10.1007/978-3-658-01844-3,2503526174,,0,,6,false,,
150-739-154-149-866,"Social Media, Social Movements and Democratization",,2019,other,Social Media and Democratization in Iraqi Kurdistan,,The Rowman & Littlefield Publishing Group,,,,,,81,100,Democratization; Social media; Social movement; Political science; Sociology; Democracy; Politics; Law,,,,,,http://dx.doi.org/10.5040/9781978729544.ch-3,,10.5040/9781978729544.ch-3,,,0,,0,false,,
150-783-647-391-077,Social media and adult social work,2020-07-15,2020,book chapter,Social Media and Social Work,,Policy Press,,Peter Buzzi; Sharon Allen,,,,93,112,Social media; Sociology; Computer science; World Wide Web,,,,,,http://dx.doi.org/10.2307/j.ctv13qfvk3.9,,10.2307/j.ctv13qfvk3.9,,,0,,1,false,,
150-987-817-393-951,Alcohol Portrayals on Social Media (Social Media),2022-05-27,2022,journal article,DOCA -  Database of Variables for Content Analysis,26738597,DOCA,,Nicola Döring; Roberto Walter,"<jats:p>The depiction of alcohol is the focus of a growing number of content analyses in the field of social media research. Typically, the occurrence and nature of alcohol representations are coded to measure the prevalence, normalization, or even glorification of alcohol and its consumption on different social media platforms (Moreno et al., 2016; Westgate &amp; Holliday, 2016) and smartphone apps (Ghassemlou et al., 2020). But social media platforms and smartphone apps also play a role in the prevention of alcohol abuse when they disseminate messages about alcohol risks and foster harm reduction, abstinence, and sobriety (Davey, 2021; Döring &amp; Holz, 2021; Tamersoy et al., 2015; Westgate &amp; Holliday, 2016).;  ; Field of application/theoretical foundation:; Social Cognitive Theory (SCT; Bandura 1986, 2009) as the dominant media effects theory in communication science, is applicable and widely applied to social media representations of alcohol: According to SCT, positive media portayals of alcohol and attractive role models consuming alcohol can influence the audience’s relation to alcohol. That’s why positive alcohol portayals in the media are considered a public health threat as they can foster increased and risky alcohol consumption among media users in general and young people in particular. The negative health impact predicted by SCT depends on different aspects of alcohol portrayals on social media that have been traditionally coded in manual content analyses (Beullens &amp; Schepers, 2013; Mayrhofer &amp; Naderer, 2019; Moreno et al., 2010) and most recently by studies relying on computational methods for content analysis (e.g. Ricard &amp; Hassanpour, 2021). Core aspects of alcohol representations on social media are: a) the type of communicator / creator of alcohol-related social media content, b) the overall valence of the alcohol portrayal, c) the people consuming alcohol, d) the alcohol consumption behaviors, e) the social contexts of alcohol consumption, f) the types and brands of consumed alcohol, g) the consequences of alcohol consumption, and h) alcohol-related consumer protection messages in alcohol marketing (Moreno et al., 2016; Westgate &amp; Holliday, 2016).; For example, a normalizing portrayal shows alcohol consumption as a regular and normal behavior of diverse people in different contexts, while a glorifying portrayal shows alcohol consumption as a behavior that is strongly related to positive effects such as having fun, enjoying social community, feeling sexy, happy, and carefree (Griffiths &amp; Casswell, 2011). While criticism of glorifying alcohol portrayals in entertainment media (e.g., music videos; Cranwell et al., 2015), television (e.g., Barker et al., 2021), and advertising (e.g., Curtis et al., 2018; Stautz et al., 2016) has a long tradition, the concern about alcohol representations on social media is relatively new and entails the phenomenon of alcohol brands and social media influencers marketing alcohol (Critchlow &amp; Moodie, 2022; Turnwald et al., 2022) as well as ordinary social media users providing alcohol-related self-presentations (e.g., showing themselves partying and drinking; Boyle et al., 2016). Such alcohol-related self-presentations might elicit even stronger identification and imitation effects among social media audiences compared to regular advertising (Griffiths &amp; Casswell, 2011).; Because of its psychological and health impact, alcohol-related social media content – and alcohol marketing in particular – is also an issue of legal regulation. The World Health Organization states that “Europe is the heaviest-drinking region in the world” and strongly advocates for bans or at least stricter regulations of alcohol marketing both offline and online (WHO, 2020, p. 1). At the same time, the WHO points to the problem of clearly differentiating between alcohol marketing and other types of alcohol representations on social media.; Apart from normalizing and glorifying alcohol portayals, there are also anti-alcohol posts and comments on social media. They usually point to the health risks of alcohol consumption and the dangers of alcohol addiction and, hence, try to foster harm reduction, abstincence and sobriety. While such negative alcohol portayals populate different social media platforms, an in-depth investigation of the spread, scope and content of anti-alcohol messages on social media is largely missing (Davey, 2021; Döring &amp; Holz, 2021; Tamersoy et al., 2015).;  ; References/combination with other methods of data collection:; Manual and computational content analyses of alcohol representations on social media platforms can be complemented by qualitative interview and quantitative survey data addressing alcohol-related beliefs and behaviors collected from social media users who a) create and publish alcohol-related social media content and/or b) are exposed to or actively search for and follow alcohol-related social media content (e.g., Ricard &amp; Hassanpour, 2021; Strowger &amp; Braitman, 2022). Furthermore, experimental studies are helpful to directly measure how different alcohol-related social media posts and comments are perceived and evaluated by recipients and if and how they can affect their alcohol-related thoughts, feelings, and behaviors (Noel, 2021). Such social media experiments can build on respective mass media experiments (e.g., Mayrhofer &amp; Naderer, 2019). Insights from content analyses help to select or create appropriate stimuli for such experiments. Last but not least, to evaluate the effectiveness of alcohol marketing regulations, social media content analyses conducted within a longitudinal or trend study design (including measurements before and after new regulations came into effect) should be preferred over cross-sectional studies (e.g., Chapoton et al., 2020).;  ; Example Studies for Manual Content Analyses:; ; ; ; ; ; Coding Material; ; ; Measure; ; ; Operationalization (excerpt); ; ; Reliability; ; ; Source; ; ; ; ; a) Creators of alcohol-related social media content; ; ; ; ; Extensive explorations on Facebook, Instagram and TikTok; ; ; Creators of alcohol-related social media content on Facebook, Instagram and TikTok; ; ; Polytomous variable “Type of content creator” (1: alcohol industry; 2: media organization/media professional; 3: health organization/health professional; 4: social media influencer; 5: ordinary social media user; 6: other); ; ; Not available; ; ; Döring &amp; Tröger (2018);  ; Döring &amp; Holz (2021); ; ; ; ; b)     Valence of alcohol-related social media content; ; ; ; ; N = 3 015 Facebook comments;  ; N = 100 TikTok videos; ; ; Valence of alcohol-related social media content (posts or comments); ; ; Binary variable “Valence of alcohol-related social media content” (1: positive/pro-alcohol sentiment; 2: negative/anti-alcohol sentiment); ; ; Cohen’s Kappa average of .72 for all alcohol-related variables in codebook*; ; ; Döring &amp; Holz (2021);  ; *Russell et al. (2021); ; ; ; ; c) People consuming alcohol; ; ; ; ; N = 160 Facebook profiles (profile pictures, personal photos, and text); ; ; Portrayal of people consuming alcohol on Facebook profiles; ; ; Binary variable “Number of persons on picture” (1: alone; 2: with others); ; ; Cohen’s Kappa &gt; .90; ; ; Beullens &amp; Schepers (2013); ; ; ; ; d) Alcohol consumption behaviors; ; ; ; ; N = 160 Facebook profiles (profile pictures, personal photos, and text); ; ; Type of depicted alcohol use/consumption; ; ; Polytomous variable “Type of depicted alcohol use/consumption” (1: explicit use such as depiction of person drinking alcohol; 2: implicit use such as depiction of alcohol bottle on table; 3: alcohol logo only); ; ; Cohen’s Kappa = .89; ; ; Beullens &amp; Schepers (2013); ; ; ; ; N = 100 TikTok videos;  ; ; ; Multiple alcoholic drinks consumed per person; ; ; Binary variable “Multiple alcoholic drinks consumed per person” as opposed to having only one drink or no drink per person (1: present; 2: not present); ; ; Cohen’s Kappa average of .72 for all alcohol-related variables in codebook; ; ; Russell et al. (2021); ; ; ; ; N = 100 TikTok videos; ; ; Alcohol intoxication; ; ; Binary variable “Alcohol intoxication” (1: present; 2: not present); ; ; Cohen’s Kappa average of .72 for all alcohol-related variables in codebook; ; ; Russell et al. (2021); ; ; ; ; N = 4 800 alcohol-related Tweets; ; ; Alcohol mentioned in combination with other substance use; ; ; Binary variable “Alcohol mentioned in combination with tobacco, marijuana, or other drugs” (1: yes; 2: no); ; ; Cohen’s Kappa median of .73 for all pro-drinking variables in codebook; ; ; Cavazos-Rehg et al. (2015); ; ; ; ; e) Social contexts of alcohol consumption; ; ; ; ; N = 192 Facebook and Instagram profiles (profile pictures, personal photos, and text); ; ; Portrayal of social evaluative contexts of alcohol consumption on Facebook and Instagram profiles; ; ; Polytomous variable “Social evaluative context” (1: negative context such as someone looking disapprovingly at a drunk person; 2: neutral context such as no explicit judgment or emotion is shown; 3: positive context such as people laughing and toasting with alcoholic drinks); ; ; Cohen’s Kappa ranging from .68 to .91 for all variables in codebook; ; ; Hendriks et al. (2018), based on previous work by Beullens &amp; Schepers (2013); ; ; ; ; N = 51 episodes with a total of N = 1 895 scenes of the American adolescent drama series “The OC”; ; ; Portrayal of situational contexts of alcohol consumption in scenes of a TV series; ; ; Polytomous variable “Setting of alcohol consumption” (1: at home; 2: at adult / youth party; 3: in a bar; 4: at work; 5: at other public place);  ; Polytomous variable “Reason of alcohol consumption” (1: celebrating/partying; 2: habit; 3: stress relief; 4: social facilitation); ; ; Cohen’s Kappa for setting of alcohol consumption .90;  ; Cohen’s Kappa for reason of alcohol consumption .71; ; ; Van den Bulck et al. (2008); ; ; ; ; f) Types and brands of consumed alcohol; ; ; ; ; N = 17 800 posts of Instagram influencers and related comments; ; ; Portrayal of different alcohol types and alcohol brands in Instagram posts;  ; ; ; Polytomous variable “Alcohol type” (1: wine; 2: beer; 3: cocktails; 4: spirits; 5: non-alcoholic drinks/0% alcohol);  ; Binary variable “Alcohol brand visibility” (1: present if full brand name, recognizable logo, or brand name in header or tag are visible; 2: non-present);  ; String variable “Alcohol brand name” (open text coding); ; ; Krippendorff’s Alpha ranging from .69 to 1.00 for all variables in codebook; ; ; Hendriks et al. (2019); ; ; ; ; g) Consequences of alcohol consumption; ; ; ; ; N = 400 randomly selected public MySpace profiles; ; ; Portayal of consequences of alcohol consumption on MySpace profiles;  ; ; ; Five individually coded binary variables for different consequences associated with alcohol use (1: present; 2: not present):;  ; a) “Positive emotional consequence highlighting positive mood, feeling or emotion associated with alcohol use”;  ; b) “Negative emotional consequence highlighting negative mood, feeling or emotion associated with alcohol use”;  ; c) “Positive social consequences highlighting perceived social gain associated with alcohol use”;  ; d) “Negative social consequences highlighting perceived poor social outcomes associated with alcohol use”;  ; e) “Negative physical consequences describing adverse physical consequences or outcomes associated with alcohol use”; ; ; Cohen’s Kappa ranging from 0.76 to 0.82 for alcohol references and alcohol use; ; ; Moreno et al. (2010); ; ; ; ; h) Alcohol-related consumer protection messages in alcohol marketing; ; ; ; ; N = 554 Tweets collected from 13 Twitter accounts of alcohol companies in Ireland; ; ; Alcohol-related consumer protection messages in alcohol marketing (covers both mandatory and voluntary messages depending on national legislation);  ; ; ; Four individually coded binary variables for different alcohol-related consumer protection messages in alcohol marketing (1: present; 2: not present):;  ; a) “Warning about the risks/danger of alcohol consumption”;  ; b) “Warning about the risks/danger of alcohol consumption when pregnant”;  ; c) “Warning about the link between alcohol consumption and fatal cancers”;  ; d) “Link/reference to website with public health information about alcohol”; ; ; Not available;  ; ; ; Critchlow &amp; Moodie (2022); ; ; ; ; ;  ; The presented measures were developed for specific social media platforms, but are so generic that they can be used across different social media platforms and even across mass media channels such as TV, cinema, and advertisement. The presented measures cover different aspects of media portrayals of alcohol and can be used individually or in combination. Depending on the research aim, more detailed measures can be developed and added: for example, regarding the media portrayal of people consuming alcohol, additional measures can code people’s age, gender, ethnicity and further characteristics relevant to the respective research question. In the course of a growing body of content analyses addressing alcohol-related prevention messages on social media, respective measures can be added as well.;  ; References; Bandura, A. (1986). Social foundations of thought and action: A social cognitive theory. Prentice-Hall.; Bandura, A. (2009). Social cognitive theory of mass communication. In J. Bryant &amp; M. B. Oliver (Eds.), Communication series. Media effects: Advances in theory and research (3rd ed., pp. 94–124). Routledge.; Barker, A. B., Britton, J., Thomson, E., &amp; Murray, R. L. (2021). Tobacco and alcohol content in soap operas broadcast on UK television: A content analysis and population exposure. Journal of Public Health (Oxford, England), 43(3), 595–603. https://doi.org/10.1093/pubmed/fdaa091; Boyle, S. C., LaBrie, J. W., Froidevaux, N. M., &amp; Witkovic, Y. D. (2016). Different digital paths to the keg? How exposure to peers' alcohol-related social media content influences drinking among male and female first-year college students. Addictive Behaviors, 57, 21–29. https://doi.org/10.1016/j.addbeh.2016.01.011; Beullens, K., &amp; Schepers, A. (2013). Display of alcohol use on Facebook: A content analysis. Cyberpsychology, Behavior and Social Networking, 16(7), 497–503. https://doi.org/10.1089/cyber.2013.0044; Cavazos-Rehg, P. A., Krauss, M. J., Sowles, S. J., &amp; Bierut, L. J. (2015). ""Hey everyone, I'm drunk."" An evaluation of drinking-related Twitter chatter. Journal of Studies on Alcohol and Drugs, 76(4), 635–643. https://doi.org/10.15288/jsad.2015.76.635; Chapoton, B., Werlen, A.‑L., &amp; Regnier Denois, V. (2020). Alcohol in TV series popular with teens: A content analysis of TV series in France 22 years after a restrictive law. European Journal of Public Health, 30(2), 363–368. https://doi.org/10.1093/eurpub/ckz163; Cranwell, J., Murray, R., Lewis, S., Leonardi-Bee, J., Dockrell, M., &amp; Britton, J. (2015). Adolescents' exposure to tobacco and alcohol content in YouTube music videos. Addiction (Abingdon, England), 110(4), 703–711. https://doi.org/10.1111/add.12835; Critchlow, N., &amp; Moodie, C. (2022). Consumer protection messages in alcohol marketing on Twitter in Ireland: A content analysis. Drugs: Education, Prevention and Policy, 1–8. https://doi.org/10.1080/09687637.2022.2028730; Curtis, B. L., Lookatch, S. J., Ramo, D. E., McKay, J. R., Feinn, R. S., &amp; Kranzler, H. R. (2018). Meta-analysis of the association of alcohol-related social media use with alcohol consumption and alcohol-related problems in adolescents and young adults. Alcoholism, Clinical and Experimental Research, 42(6), 978–986. https://doi.org/10.1111/acer.13642; Davey, C. (2021). Online sobriety communities for women's problematic alcohol use: A mini review of existing qualitative and quantitative research. Frontiers in Global Women's Health, 2, 773921. https://doi.org/10.3389/fgwh.2021.773921; Döring, N., &amp; Tröger, C. (2018). Zwischenbericht: Durchführung und Ergebnisse der summativen Evaluation des Facebook-Kanals „Alkohol? Kenn dein Limit.“ [Intermediate report: Implementation and results of the summative evaluation of the Facebook channel ""Alcohol? Know your limit.""].; Döring, N., &amp; Holz, C. (2021). Alkohol in sozialen Medien: Wo ist der Platz für Prävention? [Alcohol in social media: Where is the space for prevention?]. Bundesgesundheitsblatt, Gesundheitsforschung, Gesundheitsschutz, 64(6), 697–706. https://doi.org/10.1007/s00103-021-03335-8; Ghassemlou, S., Marini, C., Chemi, C., Ranjit, Y. S., &amp; Tofighi, B. (2020). Harmful smartphone applications promoting alcohol and illicit substance use: A review and content analysis in the United States. Translational Behavioral Medicine, 10(5), 1233–1242. https://doi.org/10.1093/tbm/ibz135; Griffiths, R., &amp; Casswell, S. (2010). Intoxigenic digital spaces? Youth, social networking sites and alcohol marketing. Drug and Alcohol Review, 29(5), 525–530. https://doi.org/10.1111/j.1465-3362.2010.00178.x; Hendriks, H., van den Putte, B., Gebhardt, W. A., &amp; Moreno, M. A. (2018). Social drinking on social media: Content analysis of the social aspects of alcohol-related posts on Facebook and Instagram. Journal of Medical Internet Research, 20(6), e226. https://doi.org/10.2196/jmir.9355; Hendriks, H., Wilmsen, D., van Dalen, W., &amp; Gebhardt, W. A. (2019). Picture me drinking: Alcohol-related posts by Instagram influencers popular among adolescents and young adults. Frontiers in Psychology, 10, 2991. https://doi.org/10.3389/fpsyg.2019.02991; Mayrhofer, M., &amp; Naderer, B. (2019). Mass media as alcohol educator for everyone? Effects of portrayed alcohol consequences and the influence of viewers’ characteristics. Media Psychology, 22(2), 217–243. https://doi.org/10.1080/15213269.2017.1378112; Moreno, M. A., Briner, L. R., Williams, A., Brockman, L., Walker, L., &amp; Christakis, D. A. (2010). A content analysis of displayed alcohol references on a social networking web site. The Journal of Adolescent Health: Official Publication of the Society for Adolescent Medicine, 47(2), 168–175. https://doi.org/10.1016/j.jadohealth.2010.01.001; Moreno, M. A., D’Angelo, J., &amp; Whitehill, J. (2016). Social media and alcohol: Summary of research, intervention ideas and future study directions. Media and Communication, 4(3), 50–59. https://doi.org/10.17645/mac.v4i3.529; Noel, J. K. (2021). Using social media comments to reduce alcohol purchase intentions: An online experiment. Drug and Alcohol Review, 40(6), 1047–1055. https://doi.org/10.1111/dar.13262; Ricard, B. J., &amp; Hassanpour, S. (2021). Deep learning for identification of alcohol-related content on social media (Reddit and Twitter): Exploratory analysis of alcohol-related outcomes. Journal of Medical Internet Research, 23(9), e27314. https://doi.org/10.2196/27314; Russell, A. M., Davis, R. E., Ortega, J. M., Colditz, J. B., Primack, B., &amp; Barry, A. E. (2021). #Alcohol: Portrayals of alcohol in top videos on TikTok. Journal of Studies on Alcohol and Drugs, 82(5), 615–622. https://doi.org/10.15288/jsad.2021.82.615; Stautz, K., Brown, K. G., King, S. E., Shemilt, I., &amp; Marteau, T. M. (2016). Immediate effects of alcohol marketing communications and media portrayals on consumption and cognition: A systematic review and meta-analysis of experimental studies. BMC Public Health, 16, 465. https://doi.org/10.1186/s12889-016-3116-8; Strowger, M., &amp; Braitman, A. L. (2022). Using social network methodology to examine the effects of exposure to alcohol-related social media content on alcohol use: A critical review. Experimental and Clinical Psychopharmacology. Advance online publication. https://doi.org/10.1037/pha0000561; Tamersoy, A., Choudhury, M. de, &amp; Chau, D. H. (2015). Characterizing smoking and drinking abstinence from social media. HT '15: The Proceedings of the 26th ACM Conference on Hypertext and Social Media, 2015, 139–148. https://doi.org/10.1145/2700171.2791247; Turnwald, B. P., Anderson, K. G., Markus, H. R., &amp; Crum, A. J. (2022). Nutritional analysis of foods and beverages posted in social media accounts of highly followed celebrities. JAMA Network Open, 5(1), e2143087. https://doi.org/10.1001/jamanetworkopen.2021.43087; Van den Bulck, H., Simons, N., &amp; van Gorp, B. (2008). Let's drink and be merry: The framing of alcohol in the prime-time American youth series The OC. Journal of Studies on Alcohol and Drugs, 69(6), 933–940. https://doi.org/10.15288/jsad.2008.69.933; Westgate, E. C., &amp; Holliday, J. (2016). Identity, influence, and intervention: The roles of social media in alcohol use. Current Opinion in Psychology, 9, 27–32. https://doi.org/10.1016/j.copsyc.2015.10.014; World Health Organization Regional Office for Europe (WHO). (2020). Alcohol marketing in the WHO European Region: update report on the evidence and recommended policy actions. https://apps.who.int/iris/bitstream/handle/10665/336178/WHO-EURO-2020-1266-41016-55678-eng.pdf?sequence=1&amp;isAllowed=y</jats:p>",,,,,Social media; Psychology; Social psychology; Health communication; Harm; Public health; Medicine; Computer science; World Wide Web; Nursing; Communication,alcohol; social media; public health; social cognitive theory,,,,https://www.hope.uzh.ch/doca/article/download/3678/2620 https://doi.org/10.34778/5h,http://dx.doi.org/10.34778/5h,,10.34778/5h,,,0,,1,true,,bronze
151-025-943-648-424,Social Media,,2016,reference entry,The SAGE Deaf Studies Encyclopedia,,"SAGE Publications, Inc",,,,,,,,Social media; Computer science; World Wide Web,,,,,,http://dx.doi.org/10.4135/9781483346489.n286,,10.4135/9781483346489.n286,,,0,,0,false,,
151-257-526-608-416,Social Media,,2017,book,,,"ABC-CLIO, LLC",,Kelli S. Burns,"<JATS1:p>Social media is arguably one of the most powerful technology-enabled innovations since the Internet itself. This single-volume book provides a broad and easily understandable discussion of the evolution of social media; related problems and controversies, especially for youth; key people and organizations; and useful social media data.</JATS1:p>; 					<JATS1:p>Social media is an integral part of people's lives. More than half of the world's 2.4 billion Internet users sign in to a social network regularly—a figure that continues to grow. More than half of online adults now use two or more social media sites; 71 percent of Internet users are on Facebook. This book surveys the history of social media, addresses the power of social media for positive change, describes the problems and controversies social media have caused, and suggests potential solutions to these issues.</JATS1:p>; 					<JATS1:p>Geared toward students and general readers, this accessibly written book covers such topics as the link between social media and body image, the psychological affects of social media use, online conversations about sexual assault, corporate use of social media data, political campaigning through social media, fan tweeting during television shows, and crisis communication through social media. Readers will also gain insights into the range of serious problems related to social media, including privacy concerns, social media addiction, social media hoaxes and scams, the pressure to project an ideal self, the curation of content presented on social media, cyberbullying, sexting, Facebook depression and envy, online shaming, and the impact of social media use on communication skills.</JATS1:p>",,,,,Social media; The Internet; Media system dependency theory; Sociology; Media studies; Political science; Internet privacy; Public relations; World Wide Web; Computer science; Law,,,,,,http://dx.doi.org/10.5040/9798216015888,,10.5040/9798216015888,,,0,,13,false,,
151-325-371-968-477,Social Media,,2023,journal article,Zeitschrift für Empirische Kulturwissenschaft,27521591; 27521605,Waxmann,,Hannah Kanz,,2023,2,254,257,Social media; Sociology; Business; Computer science; World Wide Web,,,,,,http://dx.doi.org/10.31244/zekw/2023/02.10,,10.31244/zekw/2023/02.10,,,0,,1,true,,gold
151-396-855-736-152,Social Media and Social Entrepreneurship,2022-05-13,2022,book chapter,Research Anthology on Social Media Advertising and Building Consumer Relationships,,IGI Global,,Md Nazmul Islam; Vivek Chitran,"<jats:p>Information plays an important role in the individual lives of people, and social media as an aspect of online information phenomenon is an exciting topic to explore in terms of its impact on social entrepreneurship. Many theoretical fields have contributed to the development of social entrepreneurship, looking in particular at the financial, political, and psychological impacts. This chapter is unique since it focuses on social enterprises and the impact of evolving technologies on social entrepreneurship. This chapter contributes to the literature on social media usage in social enterprises and offers a better understanding of the issues in the specific context of developing countries. </jats:p>",,,867,886,Social entrepreneurship; Social media; Entrepreneurship; Phenomenon; Politics; Context (archaeology); Public relations; Sociology; Political science; Geography; Epistemology; Philosophy; Archaeology; Law,,,,,https://www.igi-global.com/gateway/chapter/full-text-pdf/305374 https://doi.org/10.4018/978-1-6684-6287-4.ch048,http://dx.doi.org/10.4018/978-1-6684-6287-4.ch048,,10.4018/978-1-6684-6287-4.ch048,,,0,000-560-310-452-279; 001-332-294-088-869; 003-072-360-490-122; 003-572-823-536-969; 006-004-046-750-883; 006-424-752-858-630; 006-992-056-496-766; 008-494-891-665-093; 011-854-399-312-637; 014-701-446-924-938; 015-290-690-766-84X; 018-554-278-801-442; 019-009-914-357-809; 019-304-136-778-106; 019-351-780-953-747; 020-919-160-769-185; 021-343-821-598-449; 021-370-797-634-596; 021-693-018-121-203; 023-030-735-174-717; 024-333-789-579-773; 025-131-600-747-587; 026-286-663-760-327; 027-345-955-290-869; 027-382-072-154-540; 031-280-178-543-445; 031-346-991-003-774; 031-375-264-007-43X; 032-923-818-280-579; 034-984-021-608-647; 037-001-219-469-821; 037-689-233-081-784; 037-797-147-899-641; 037-883-543-796-688; 038-828-854-401-342; 038-857-456-239-709; 039-261-735-614-275; 039-649-908-108-68X; 040-941-216-468-661; 044-830-058-905-232; 046-190-583-477-889; 047-632-131-014-965; 048-057-547-134-862; 050-646-618-831-76X; 052-607-378-703-830; 053-028-759-424-819; 053-138-383-618-443; 053-978-756-157-224; 056-248-624-912-931; 057-673-613-246-287; 058-003-131-930-805; 058-396-147-049-73X; 058-715-638-366-92X; 058-752-048-402-647; 059-391-804-608-671; 060-208-223-735-266; 065-344-432-250-044; 069-339-888-384-98X; 069-399-774-153-002; 069-911-352-592-451; 070-512-992-139-986; 071-436-508-746-368; 072-805-675-615-426; 073-207-429-286-125; 074-080-300-205-671; 074-952-420-427-653; 075-137-158-381-578; 080-142-224-521-995; 083-367-838-358-412; 083-780-301-983-874; 086-977-004-835-128; 087-278-526-597-052; 087-558-664-457-396; 089-268-091-390-223; 089-899-409-845-357; 090-944-153-185-134; 091-088-770-374-990; 092-337-413-719-20X; 092-870-527-883-812; 093-200-687-277-946; 098-254-294-866-868; 098-608-473-668-301; 103-909-450-051-614; 105-000-368-880-390; 110-155-145-890-88X; 114-161-421-425-80X; 114-615-552-424-958; 115-133-512-157-837; 115-494-129-294-314; 117-247-209-405-680; 117-845-300-015-296; 118-471-860-201-057; 119-603-102-564-121; 122-557-043-912-651; 126-172-614-426-795; 128-747-011-397-89X; 128-822-791-855-261; 129-407-585-475-696; 129-449-173-572-356; 130-826-522-688-952; 143-665-452-123-215; 149-089-922-697-21X; 151-099-418-883-719; 158-117-404-192-782; 164-233-751-793-174; 170-314-039-553-953; 173-842-936-972-347; 174-261-907-321-722; 176-342-659-552-616; 184-280-105-967-245; 186-608-526-449-728,0,true,,bronze
151-494-602-329-830,Social Media,,2015,reference entry,"The SAGE Encyclopedia of Alcohol: Social, Cultural, and
                    Historical Perspectives",,"SAGE Publications, Inc.",,James A. Nicholls,,,,,,Social media; Sociology; Computer science; World Wide Web,,,,,,http://dx.doi.org/10.4135/9781483331096.n445,,10.4135/9781483331096.n445,,,0,,0,false,,
151-589-931-351-790,Social Media,2016-06-17,2016,book chapter,Business Guide für strategisches Management,,Springer Fachmedien Wiesbaden,,Alfred-Joachim Hermanni,,,,205,214,Social media; Sociology; Computer science; World Wide Web,,,,,,http://dx.doi.org/10.1007/978-3-658-12521-9_34,,10.1007/978-3-658-12521-9_34,,,0,,0,false,,
152-113-146-015-372,Social Media,2022-11-29,2022,book chapter,"How to Be a Multi-Hyphenate in the Theatre Business: Conversations, Advice, and Tips from ""Dear Multi-Hyphenate""",,Focal Press,,Michael Kushner,,,,142,155,Social media; Sociology; Computer science; World Wide Web,,,,,,http://dx.doi.org/10.4324/9781003254744-14,,10.4324/9781003254744-14,,,0,,0,false,,
152-195-684-390-614,LibGuides: Social Media : Current Social Media Channels,2012-09-11,2012,libguide,,,,,Sarah Clark,The following guide contains links to the various social media channels operated by the individual University of Manitoba Libraries locations.,,,,,Advertising; Sociology; Current (fluid); Media studies; Social media,,,,,http://libguides.lib.umanitoba.ca/c.php?g=298424,http://libguides.lib.umanitoba.ca/c.php?g=298424,,,1493746086,,0,,0,false,,
152-372-104-164-843,The media and modernity: a social theory of the media,1996-09-01,1996,journal article,Choice Reviews Online,00094978; 15238253,American Library Association,,,,34,1,34,106-34-0106,,,,,,,http://dx.doi.org/10.5860/choice.34-0106,,10.5860/choice.34-0106,,,0,,0,false,,
152-409-948-922-110,Social Media,,2016,other,The Blackwell Encyclopedia of Sociology,,Wiley,,James Slevin,"<jats:title>Abstract</jats:title>;           <jats:p>;             Communication is a central feature of all forms social life. The study of the relationship between modern societies and the development of modern communication media has become a key area of sociological interest. The phrase;             <jats:italic>social media</jats:italic>;             indicates an intensification of this development, relationship, and interest. Despite all the popular attention they receive, social media and the impact of their development and use remain poorly understood. A major challenge in defining social media is the argument that all media are social in that they are developed and used by people and enable various forms of social action and interaction. In order to understand social media as a new development in communication and highlight their key characteristics from a sociological perspective, we must first dwell on the separate terms;             <jats:italic>social</jats:italic>;             and;             <jats:italic>media</jats:italic>;             , then progress from there.;           </jats:p>",,,1,5,Social media; Argument (complex analysis); Sociology; Phrase; Social change; Action (physics); Perspective (graphical); Key (lock); Political science; Computer science; Law; Computer security; Physics; Artificial intelligence; Quantum mechanics; Chemistry; Biochemistry,,,,,,http://dx.doi.org/10.1002/9781405165518.wbeos0843,,10.1002/9781405165518.wbeos0843,,,0,002-959-181-325-747; 033-564-192-428-491; 193-087-323-191-168,0,false,,
153-475-361-283-999,LibGuides. Use technology and social media for Church contexts. Social Media.,2015-10-27,2015,,,,,,Judith Bright,,,,,,Sociology; Public relations; Media; Social media; Social engagement,,,,,,,,,2586405445,,0,,0,false,,
153-691-995-082-255,SOCIAL MEDIA IN A SOCIAL PHENOMENON : SOCIAL MEDIA IN THE ENTRAINMENT OF CONTENTION TO INNOVATION Research-in-Progress,,2012,,,,,,Inchan Kim,"In this inductive theory building paper, I examine the impact of social media on a social phenomenon. I particularly focus on a social phenomenon that concerns firms—the entrainment of contention to innovation. The entrainment of contention to innovation is defined as the alignment of the pace and/or timing of contention (e.g., opposition, petition, protest) with those of firms’ innovation. To examine the impact of social media on that entrainment, I first examine the entrainment of contention to innovation in general and then look into the innovation-contention entrainment by innovation type. Based on this, I finally examine the societal impact of social media. I focus on the energy sector and gather such qualitative data as patents, news releases, and the texts on social media. I perform a content analysis on those data and graphically analyze the outcomes of the content analysis. Preliminary findings will be presented at the conference.",,,,,Content analysis; Political science; Pace; Social phenomenon; Opposition (politics); Energy sector; Public relations; Social media; Societal impact of nanotechnology; Qualitative property,,,,,,,,,2514273036,,0,000-349-063-470-889; 002-222-845-974-541; 004-877-141-524-091; 007-228-335-617-068; 009-341-865-954-683; 011-088-825-646-470; 011-854-399-312-637; 013-626-518-527-912; 014-958-720-393-070; 016-645-049-084-460; 016-701-585-169-39X; 019-213-371-166-819; 020-040-134-885-513; 025-647-318-427-325; 025-672-508-607-970; 026-714-849-546-589; 028-225-953-363-219; 028-533-267-193-795; 031-049-198-247-334; 031-135-060-533-849; 031-591-505-799-439; 032-441-975-325-943; 038-331-461-602-414; 038-559-893-059-743; 042-481-000-165-926; 043-355-129-668-785; 049-284-392-574-383; 049-474-600-062-452; 050-401-332-990-575; 050-637-867-432-140; 054-490-292-419-376; 054-999-061-518-619; 055-437-376-486-473; 055-498-815-134-39X; 060-313-330-059-915; 072-095-284-020-560; 073-631-229-986-98X; 077-502-054-898-084; 079-618-323-935-873; 080-522-845-100-928; 093-595-547-783-985; 093-958-450-144-132; 095-351-506-342-659; 099-222-258-328-915; 099-609-400-470-338; 101-370-225-468-158; 103-804-660-323-269; 104-555-465-516-286; 108-176-097-105-621; 109-554-935-361-651; 109-717-160-516-307; 118-642-807-049-571; 119-785-396-462-592; 123-135-143-033-968; 126-163-175-983-404; 127-314-112-167-962; 129-940-708-767-580; 130-214-513-751-756; 134-943-724-578-274; 137-604-167-004-552; 138-343-025-816-073; 140-486-923-452-46X; 141-367-968-781-245; 141-908-559-768-997; 150-159-684-039-09X; 154-149-120-536-396; 162-290-133-902-677; 179-340-333-094-635; 180-373-229-924-527; 187-746-548-399-41X; 189-666-076-231-530; 193-209-346-564-011,0,false,,
153-881-098-391-442,Social Media and Politics : the Potential of Social Media for Education and Civic Engagement,2024-04-01,2024,journal article,International Journal For Multidisciplinary Research,25822160,International Journal for Multidisciplinary Research (IJFMR),,Imtiyala Aier -,"<jats:p>This paper looks at the links between educating people and getting involved in politics to show how social media can help these areas. This study looks into how online social networks make it easier for people to get involved in politics in ways other than voting. This study looks at how social media affects democratic accountability, information sharing, and public participation by using ideas from organisational studies, media studies, and political science. This study looks into how young Jordanians' use of social media affects their voting habits, their membership in political groups, and their involvement in protests. This study uses quantitative analysis of poll data to show that among Jordanian teens and young adults aged 18 to 30, there are strong links between being politically active and using social media. The results show that social media can help young people become more publicly active, informed, and involved. However, polarisation and false information can also make this harder. Because gender affects the link between political participation and social media use, it is important to use targeted strategies that aim to reduce demographic differences. According to the study, social media can have an effect on current politics. It also calls for smart use of social media to avoid any bad effects.</jats:p>",6,2,,,Civic engagement; Social media; Politics; Social engagement; Sociology; Political science; Media studies; Public relations; Social science; Law,,,,,https://www.ijfmr.com/papers/2024/2/16036.pdf https://doi.org/10.36948/ijfmr.2024.v06i02.16036,http://dx.doi.org/10.36948/ijfmr.2024.v06i02.16036,,10.36948/ijfmr.2024.v06i02.16036,,,0,,0,true,cc-by-sa,hybrid
154-061-178-923-43X,Social Media Is NOT that Bad! The Lexical Quality of Social Media,2021-08-03,2021,journal article,Proceedings of the International AAAI Conference on Web and Social Media,23340770; 21623449,Association for the Advancement of Artificial Intelligence (AAAI),,Luz Rello; Ricardo Baeza-Yates,"<jats:p>;       ;         There is a strong correlation between spelling errors and web text content quality. Using our lexical quality measure,  based in a small corpus of spelling errors, we present an estimation of the lexical quality of the main Social Media sites. This paper presents an updated and complete analysis of the lexical quality of Social Media written in English and Spanish, including how lexical quality changes in time.;       ;     </jats:p>",6,1,559,562,,,,,,,http://dx.doi.org/10.1609/icwsm.v6i1.14339,,10.1609/icwsm.v6i1.14339,,,0,,0,false,,
154-551-939-540-348,Rechtshandbuch Social Media - Rechtshandbuch Social Media,,2015,book,,,Springer Berlin Heidelberg,,Gerrit Hornung; Ralf Müller-Terpitz,,,,,,Sociology; Media studies; Social media,,,,,https://core.ac.uk/display/42985811 https://link.springer.com/10.1007/978-3-642-38192-8 http://ub-madoc.bib.uni-mannheim.de/37706/ https://madoc.bib.uni-mannheim.de/47717/,http://dx.doi.org/10.1007/978-3-642-38192-8,,10.1007/978-3-642-38192-8,2504483166,,0,,8,false,,
154-963-581-143-284,MARKING SOCIAL ISSUE ON SOCIAL MEDIA,,2016,,,,,,Ayu Amalia,,,,,,Sociology; Media studies; Social media; Social issues,,,,,http://repository.umy.ac.id/handle/123456789/31175,http://repository.umy.ac.id/handle/123456789/31175,,,3005514598,,0,,0,false,,
154-967-687-552-308,SOCIAL MEDIA,2022-08-03,2022,journal article,Zenodo (CERN European Organization for Nuclear Research),,,,MANASIJ MANDAL,"Now that social media applications are available on mobile phones, it is not only feasible to communicate via this smart device but also to forge partnerships that will benefit numerous individuals around the nation and the globe. Nevertheless, despite all these benefits, there are still many gaps that negatively impact people's psychological, physical, and social well-being. Both benefits and drawbacks of social media exist. Because of this, negative things frequently occur on social media. Social media now makes it feasible for anyone to observe a wide range of terrible incidents. All that can be said is that social media should be used to promote worldwide harmony",,,,,Social media; Sociology; Computer science; World Wide Web,,,,,https://zenodo.org/record/6956428,http://dx.doi.org/10.5281/zenodo.6956428,,10.5281/zenodo.6956428,,,0,,0,true,cc-by,green
154-985-073-030-627,Social media,2018-09-03,2018,book chapter,"Advances in Social Media for Travel, Tourism and Hospitality",,Routledge,,Ulrike Gretzel,,,,157,235,Social media; Geography; Computer science; World Wide Web,,,,,,http://dx.doi.org/10.4324/9781315565736-14,,10.4324/9781315565736-14,,,0,052-379-112-078-976,0,false,,
155-289-100-065-524,Research Guides: Social Media for Unions: Unions and Social Media,2012-11-27,2012,libguide,,,,,Julie Peters,"Companion guide for SMLR Workshop, Social Media Workshop for Labor Activists, April 26, 2013. This guide will also be useful to labor groups at the first (or second) step towards developing a social media strategy.",,,,,Political economy; Political science; Public relations; Social media; Labor history; Labor relations,,,,,http://libguides.rutgers.edu/c.php?g=337137&p=2268957,http://libguides.rutgers.edu/c.php?g=337137&p=2268957,,,1409709726,,0,,0,false,,
155-868-696-912-46X,Social Media and Media Literacy in Thailand,2014-01-31,2014,,,,,,Nudee Nupairoj,,,,,,Sociology; Media studies; Social media; Media literacy,,,,,http://papers.iafor.org/wp-content/uploads/papers/mediasia2013/MediAsia2013_0094.pdf https://papers.iafor.org/submissionmediasia2013_0094/,https://papers.iafor.org/submissionmediasia2013_0094/,,,3024993193,,0,056-886-017-536-221; 141-476-745-360-673; 163-822-317-190-150,0,false,,
156-082-750-231-641,Social media,2020-01-31,2020,dataset,AccessScience,,McGraw-Hill Professional,,Ramón A. Mata-Toledo; Pranshu Gupta,"AccessScience is an authoritative and dynamic online resource that contains incisively written, high-quality educational material covering all major scientific disciplines. An acclaimed gateway to scientific knowledge, AccessScience is continually expanding the ways it can demonstrate and explain core, trustworthy scientific information that inspires and guides users to deeper knowledge.",,,,,Trustworthiness; Gateway (web page); Resource (disambiguation); Social media; Sociology of scientific knowledge; Social knowledge; Computer science; Quality (philosophy); World Wide Web; Sociology; Data science; Knowledge management; Epistemology; Internet privacy; Social science; Philosophy; Computer network,,,,,,http://dx.doi.org/10.1036/1097-8542.630752,,10.1036/1097-8542.630752,,,0,,0,false,,
156-181-678-439-651,Social media,2022-11-23,2022,journal article,Zenodo (CERN European Organization for Nuclear Research),,,,Siti Nur Cholisa Hamid,Merupakan dataset dari literatur review tentang hukum Cyber dan Social Media,,,,,Social media; Sociology; Computer science; World Wide Web,,,,,https://zenodo.org/record/7359473,http://dx.doi.org/10.5281/zenodo.7359473,,10.5281/zenodo.7359473,,,0,,0,true,cc-by,green
156-678-318-015-234,Personal Branding on Social Media and Social Media Based Entrepreneurship,,2017,dissertation,,,,,Jenni Vilander,,,,,,Sociology; Personal branding; Public relations; Social media; Entrepreneurship,,,,,https://www.theseus.fi/bitstream/10024/138917/1/Vilander_Jenni.pdf https://www.theseus.fi/handle/10024/138917,https://www.theseus.fi/handle/10024/138917,,,2783096402,,0,,0,false,,
156-804-262-588-336,Digital Marketing and Social Media: A Review: Digital Marketing and Social Media,2021-09-22,2021,,,,,,Yüksel Akay Ünvan; Yuliya Badlo,"Nowadays it is not possible to foreseen future prospects of business and trade development without realizing the role and importance of platforms that thousands of people use on a daily basis, for both: producers and consumers. Social and digital marketing offers great opportunities for companies to increase their brand awareness and sales. The use of social media has changed customer behaviour and consequently the way companies do business. That is why it remains necessary to further analyse current state of the existing platforms that determines success of online marketing. It is proposed to overview current and future trends in this field. Obtained results state that the communication of the consumer with brands through social media has a positive effect on customer-based brand value. It is considered that it creates a strong connection between customers and the company.",1,1,61,66,Business; Brand awareness; Marketing; Brand equity; Field (Bourdieu); Online advertising; Social media; Digital marketing,,,,,https://ebt.rs/journals/index.php/conf-proc/article/view/83,https://ebt.rs/journals/index.php/conf-proc/article/view/83,,,3209915687,,0,,0,false,,
157-018-403-156-069,Social media and social work,2016-01-05,2016,journal article,Children and Young People Now,17558093; 25157582,Mark Allen Group,,Linda Kim-Newby,"<jats:p> Social media can present difficult challenges for people working in the family courts, so how can practitioners use it securely? </jats:p>",2016,1,31,31,Social media; Sociology; Work (physics); Social work; Public relations; Internet privacy; Psychology; Computer science; Political science; World Wide Web; Engineering; Law; Mechanical engineering,,,,,,http://dx.doi.org/10.12968/cypn.2016.1.31,,10.12968/cypn.2016.1.31,,,0,,0,false,,
157-056-611-300-894,Social media and social work regulation,2020-07-15,2020,book chapter,Social Media and Social Work,,Policy Press,,Claudia Megele; Lyn Romeo; Peter Buzzi,"The effective regulation of professionalism and digital practice in an increasingly mediated world, one dominated by a rapidly changing socio-technological, cultural and practice landscape, presents significant and evolving challenges and opportunities spanning from frontline practice to strategic management of services and from education to employment and regulation of social work. However, the notion of digital practice in social work is relatively new; indeed, it was only in 2012 when for the first time in social work, Megele (2012) used and defined the terms e-professionalism and digital professionalism in social work and social care. Eight years may not seem very long, but in social media terms it represents a relatively long time, with significant changes in technology over that period. In December 2012, a working group from the British Association of Social Workers (BASW) produced BASW’s first social media policy with the following purpose: The purpose of this policy is to clarify what BASW considers to be the professional responsibilities of social workers and social work students, in relation to the increasing use of social media. As a professional body across the UK, BASW has developed a policy to support members to use social media appropriately and ensure practice is based on the BASW Code of Ethics. (BASW, 2012a) This was an important step at the time and already within that policy BASW recognised the importance of e-professionalism and digital professionalism in social work: One of the key messages to emerge from developing the policy is the need for all social workers to be ‘e-professionals’, a term used particularly by one of our group, Claudia Megele.",,,177,206,Social media; Sociology; Computer science; World Wide Web,,,,,,http://dx.doi.org/10.51952/9781447327400.ch008,,10.51952/9781447327400.ch008,,,0,,0,false,,
157-332-049-812-750,Social Media For Social Justice,2014-08-18,2014,,,,,,Jessica Esch,,,,,,Social inertia; Social environment; Social position; Social work; Political science; Social change; Social science; Social sustainability; Social philosophy; Social psychology; Social engagement,,,,,https://dune.une.edu/ssw_artisttalks/4/,https://dune.une.edu/ssw_artisttalks/4/,,,603515774,,0,,0,false,,
157-615-040-732-543,Social Media Analytics: Data Utilization of Social Media for Research,2019-09-02,2019,journal article,Journal of Information Systems and Informatics,26564882; 26565935,Asosiasi Doktor Sistem Informasi Indonesia,,Ria Andryani; Edi Surya Negara; Dendi Triadi,"The amount of production data generated by social media opportunities that can be exploited by various parties, both government and private sectors to produce the information. Social media data can be used to know the behavior and public perception of the phenomenon or a particular event. To obtain and analyze social media data needed depth knowledge of Internet technology, social media, databases, data structures, information theory, data mining, machine learning, until the data and information visualization techniques. In this research, social media analysis on a particular topic and the development of prototype devices software used as a tool of social media data retrieval or retrieval of data applications. Social Media Analytics (SMA) aims to make the process of analysis and synthesis of social media data to produce information can be used by those in need. SMA process is done in three stages, namely: Capture, Understand and Present. This research is exploratorily focused on understanding the technology that became the basis of social media using various techniques exist and is already used in the study of social media analytic previously.",1,2,193,205,The Internet; Data structure; Data analysis; Data science; Social media analytics; Computer science; Process (engineering); Social media; Event (computing); Data retrieval,Social Media; Data Analytics; Data Mining; Research; Twitter,,,,http://journal-isi.org/index.php/isi/article/view/23 http://journal-isi.org/index.php/isi/article/download/23/19,http://dx.doi.org/10.33557/journalisi.v1i2.23,,10.33557/journalisi.v1i2.23,2971246837,,0,005-698-012-833-552; 007-273-616-035-681; 022-797-845-739-616; 036-419-801-312-717; 042-888-961-521-664; 054-077-900-571-47X; 055-991-707-073-365; 088-559-265-130-928; 091-471-298-569-066; 092-000-655-260-215; 092-614-171-723-187; 095-542-146-127-120; 097-189-879-294-258; 131-541-508-054-002; 157-830-071-305-060; 164-358-983-475-721,25,true,cc-by,gold
157-636-242-465-773,Social Media,2019-05-23,2019,book chapter,Encyclopedia of Evolutionary Psychological Science,,Springer International Publishing,,Amy Jia Ying Lim; Jose C. Yong,,,,1,6,Social media; Sociology; Psychology; Computer science; World Wide Web,,,,,,http://dx.doi.org/10.1007/978-3-319-16999-6_3847-1,,10.1007/978-3-319-16999-6_3847-1,,,0,009-983-500-820-732; 010-288-997-521-244; 010-579-674-819-599; 020-734-897-077-190; 022-382-601-023-449; 023-580-881-535-628; 024-060-676-564-865; 024-186-665-573-356; 034-508-415-101-374; 046-507-381-044-05X; 048-360-840-889-692; 049-004-045-436-622; 056-140-668-052-051; 062-334-480-533-235; 070-834-477-577-81X; 081-602-815-382-545; 085-970-686-565-381; 087-193-355-461-149; 099-176-192-168-28X; 119-664-156-603-48X; 128-144-943-186-053; 129-622-494-365-311; 137-750-631-368-452; 143-063-847-531-047; 148-246-156-831-853; 149-129-580-926-820,1,false,,
157-703-682-812-596,Social Media,2020-01-31,2020,book chapter,Winning American Hearts and Minds,,Springer Singapore,,Xiuli Wang,,,,75,88,Social media; Globe; Diplomacy; Public diplomacy; China; Political science; Publics; Government (linguistics); Public relations; Media studies; Sociology; Politics; Psychology; Law; Linguistics; Philosophy; Neuroscience,,,,,,http://dx.doi.org/10.1007/978-981-15-3184-2_6,,10.1007/978-981-15-3184-2_6,,,0,014-894-177-575-621; 028-580-693-618-348; 047-591-642-125-028; 097-511-376-327-399; 100-526-454-012-420; 156-198-391-062-712,0,false,,
157-995-580-638-889,LibGuides: Social media: Social bookmarking,2011-08-01,2011,libguide,,,,,Diane Bell,,,,,,Internet privacy; World Wide Web; Bookmarking; Computer science; Social media; Social media optimization; Social computing,,,,,http://libguides.city.ac.uk/socialmedia/social-bookmarking,http://libguides.city.ac.uk/socialmedia/social-bookmarking,,,492302184,,0,,0,false,,
158-119-471-735-336,Social Media and Social Movements,2015-12-22,2015,book chapter,The Routledge Companion to Social Media and Politics,,Routledge,,Natalie Pang; Debbie Goh,"In Singapore, the average social media penetration rate is 70 per cent, one of the highest in Asia, with Facebook being the most popular, followed by Instagram and Twitter. With the mass adoption of social media, much has been said about the robustness and the inclusiveness of the online space as a sustainable public sphere. The chapter provides some propositions by which social media shape collective action and social movements. The small-world concept developed by Chatman may provide further clues for understanding the function of online enclaves as multiple publics, their use of social media, and their implications for social movement. With social media bringing about 'new' kinds of spaces in which online discourse about salient issues can flourish, they can function as 'weak publics', which function as spaces of deliberation and discourse, participated in by private individuals and performing discursive checks on the decisions made by the state.",,,248,258,Social media; Sociology; Psychology; Political science; Law,,,,,,http://dx.doi.org/10.4324/9781315716299-18,,10.4324/9781315716299-18,,,0,,1,false,,
158-634-713-618-025,Social media,,2012,journal article,New Scientist,02624079; 13648500,Elsevier BV,United States,John Hudson,,214,2865,32,33,Social media; Media studies; Sociology; Computer science; World Wide Web,,,,,,http://dx.doi.org/10.1016/s0262-4079(12)61292-5,,10.1016/s0262-4079(12)61292-5,,,0,,0,false,,
158-915-777-024-681,Social Media,,2013,reference entry,Sociology of Work: An Encyclopedia,,"SAGE Publications, Inc.",,,,,,,,Social media; Sociology; Computer science; World Wide Web,,,,,,http://dx.doi.org/10.4135/9781452276199.n284,,10.4135/9781452276199.n284,,,0,,3,false,,
158-923-733-200-09X,Social Media,2018-06-12,2018,book chapter,Intercultural Public Relations,,Routledge,,Lan Ni; Qi Wang; Bey-Ling Sha,,,,279,301,Social media; Psychology; Sociology; Computer science; World Wide Web,,,,,,http://dx.doi.org/10.4324/9781315641737-10,,10.4324/9781315641737-10,,,0,103-442-231-076-233,0,false,,
159-076-396-602-988,Social Media and Social Movements,2016-09-04,2016,journal article,Sociology Compass,17519020,Wiley,United States,Dustin Kidd; Keith McIntosh,"What role does social media play in social movements and political unrest? Twitter, Facebook, Instagram, and Google have all been cited as important components in social revolutions, including those in Tunisia, Egypt, Iceland, Spain, and the global Occupy movement. This essay explores social science claims about the relationship between social networking and social movements. It examines research done on the relationship between social networking, the promotion of activism, and the offline participation in the streets. Can the technology of social networking help activists to achieve their goals? If so, is it just one of many tools they may use, or is the technology so powerful that the right use will actually tip the scales in favor of the social movement? This scholarship divides into optimistic, pessimistic, and ambivalent approaches, turning on an oft-repeated question: will the revolution be tweeted?",10,9,785,794,Social movement; Social position; Sociology; Social change; Media studies; Social science; Social media; Social philosophy; Social computing; Resource mobilization; Social order,,,,,https://onlinelibrary.wiley.com/doi/abs/10.1111/soc4.12399 http://onlinelibrary.wiley.com/doi/10.1111/soc4.12399/abstract,http://dx.doi.org/10.1111/soc4.12399,,10.1111/soc4.12399,2508981046,,0,018-006-400-477-002; 029-623-147-030-84X; 031-799-603-014-829; 043-592-433-302-840; 046-841-674-135-16X; 062-088-177-577-20X; 073-963-625-800-623; 081-804-327-612-546; 092-417-387-490-914; 102-236-174-473-502; 123-712-326-236-343; 123-719-664-817-660; 127-434-329-832-608; 129-578-331-734-615,93,false,,
159-850-667-216-254,Social Penetration by Social Media Usage,2016-09-28,2016,journal article,GSTF Journal on Media & Communications,23356626,Global Science and Technology Forum,,Yudi Perbawaningsih,"<jats:title>Abstract</jats:title><jats:p>Indonesia has a cultural value that women must be married. Therefore, women above 25 years and do not yet show signs for getting married will be the society’s gossip.To overcome the issues, parents usually help find a mate for her daughter, known as “match” or “forced marriages” regardless she is willing or not. On the other hand, women who looking for a mate through a dating agency are also considered as not good. In this condition, social media in Indonesia is very welcomed. The development of interpersonal relationship process becomes easier and faster.</jats:p><jats:p>Through conversation analysis the research shows that the social media changes the way we communicate and build interpersonal relation. It also changes the characters and the quality of interpersonal relationships. In the context of intercultural communication,symbols of communication are strongly bound by any culture, rather than inter-cultural relations based on conventional media.</jats:p>",3,1,,,,,,,,,http://dx.doi.org/10.7603/s40874-016-0007-7,,10.7603/s40874-016-0007-7,,,0,076-296-609-999-890,1,false,,
160-536-673-876-072,Impact of Social Media on Communication and Business - Social Media and Communication,,,book chapter,Impact of Social Media on Communication and Business,,IGI Global,,Bu Zhong,,,,1682,2433,Internet privacy; Computer-mediated communication; Sociology; Mass communication; Communication studies; Social information processing; Social media; Media relations; Political communication,,,,,http://services.igi-global.com/resolvedoi/resolve.aspx?doi=10.4018/978-1-4666-9518-4,http://dx.doi.org/10.4018/978-1-4666-9518-4.les3,,10.4018/978-1-4666-9518-4.les3,2485792118,,0,,0,false,,
160-700-278-026-715,Social media paralanguageEmoji in social media communication 🤓,2024-11-29,2024,book chapter,Innovations and Challenges in Social Media Discourse Analysis,,Routledge,,Michele Zappavigna; Andrew S. Ross,,,,127,163,Social media; Social communication; Sociology; Computer science; Communication; World Wide Web,,,,,,http://dx.doi.org/10.4324/9781003257516-6,,10.4324/9781003257516-6,,,0,,0,false,,
160-725-106-709-895,LawLibGuides: SOCIAL MEDIA AND THE LAW: Social Media and Investigative Activities,2016-07-14,2016,,,,,,Ashley Jenkins,Sources and Articles on the many ways and uses Social Media is being used and effecting law Social Media and Investigative Activities,,,,,Sociology; Law; Social science; Social media; Media relations,,,,,,,,,2559792268,,0,,0,false,,
160-751-053-244-340,Social Media,2024-04-23,2024,book chapter,Internet and Gender in Kazakhstan,,Routledge,,Jasmin Dall'Agnola,,,,89,109,Social media; Sociology; Computer science; World Wide Web,,,,,,http://dx.doi.org/10.4324/9781003469339-5,,10.4324/9781003469339-5,,,0,,0,false,,
160-932-270-092-294,Fx Media(Campus Social Media),2021-05-30,2021,,,,,,Kanakaveti Narasimha Dheeraj; Goutham. R.J; Arthi. L; Arthi. L Goutham. R. J,"Agriculture is said to be the backbone of the economy. Farmers toil hard with different kinds of crops to make good and healthy food for the country. There are more existing systems but uses outdated machine-learning techniques based on RNN( Recurrent neural network) which makes the process slower and more time-consuming. Here We are proposing a new CNN(Convolutional neural network ) based system which is fast and gives accurate results within seconds. CNN is power-efficient and is more suitable for real-time implementation. In this project, we use CNN algorithms which is very much better than the RNN algorithms used in the existing system.More parameters will be taken for the consideration of prediction in the proposed system. And we use Random Forest Regression, Multiple Linear Regression",10,1,2,,Machine learning; Recurrent neural network; Artificial intelligence; Random forest; Very Much Better; Healthy food; Computer science; Process (engineering); Linear regression; Social media; Convolutional neural network,,,,,https://ijcionline.com/abstract/10221ijci15,https://ijcionline.com/abstract/10221ijci15,,,3216814393,,0,,0,false,,
160-971-077-518-371,LibGuides: Jackson/Social Media/Social Media History: Books,2018-10-30,2018,,,,,,Ann Haber,,,,,,Sociology; Media studies; Social media,,,,,,,,,2996721021,,0,,0,false,,
160-995-634-802-436,Social media,,2024,other,Digital Mediation,,Bloomsbury Publishing Plc,,,,,,273,288,Social media; Computer science; World Wide Web,,,,,,http://dx.doi.org/10.5040/9781526525772.chapter-019,,10.5040/9781526525772.chapter-019,,,0,,0,false,,
161-408-826-087-657,Social Media,2024-11-22,2024,book chapter,Teaching Public Administration with Pop Culture,,Routledge,,Erin L. Borry; Peter A. Jones,,,,105,127,Social media; Sociology; Computer science; World Wide Web,,,,,,http://dx.doi.org/10.4324/9781003362623-11,,10.4324/9781003362623-11,,,0,,0,false,,
161-619-817-243-654,Social media,2024-11-22,2024,book chapter,Digital Infrastructures for Business Innovation,,Routledge,,Magda David Hercheui; Tony Cornford,,,,103,114,Sociology,,,,,,http://dx.doi.org/10.4324/9781003385578-12,,10.4324/9781003385578-12,,,0,,0,false,,
161-714-389-568-940,Media Relations and Social Media,2025-02-13,2025,book chapter,Reputation Management,,Routledge,,Josh Rontal; Deirdre K. Breakenridge,"This chapter comprises two parts: media relations and social media. Main takeaways from the chapter include the following. Although distinct in many ways, media relations and social media relations should be based on the same planning, military style, that has produced the best communications over centuries. An organization must speak with one voice. There is a discussion of how the two functions should be organized, and case studies written by accomplished leaders make the point that just because there are many more outlets for social media does not mean the communication and reputation management practices are not the same. The authors provide five models of communication—four classic ones from Grunig–Hunt and a fifth, contemporary one from Edelman. The rise of advocacy journalism mandates that media relations people must be more careful than ever. However, a spokesperson’s job is to communicate, bearing in mind the exceptions provided in this chapter. How can fear of the media be overcome? Key subjects addressed include: COVID 19; generative AI; and the need to measure results. Expert perspectives include: one of the best-ever ‘Best Job in The World’ campaigns; and How to correct misinformation through segmentation.",,,95,144,Social media; Sociology; Media relations; Political science; Computer science; Public relations; World Wide Web,,,,,,http://dx.doi.org/10.4324/9781003441038-3,,10.4324/9781003441038-3,,,0,,0,false,,
161-953-045-373-777,Social purpose in a social media world,2015-09-14,2015,journal article,Journal of Global Responsibility,20412568,Emerald,,Kathleen M. Wilburn; Ralph Wilburn,"Purpose – The purpose of this paper is to illustrate the effects of social media on a company when stakeholders decide select companies are not living up to their corporate social responsibility (CSR) goals. As the number of CSR and sustainability reports on company Web sites increases, the more stakeholders, not just stockholders, know about a company’s commitment to CSR, and the more they can use social media to comment on those goals. It will describe three strategies for CSR initiatives that move beyond self-reporting of goals and progress: third party assessment, specialized certifications and partnerships to provide trustworthy data to stakeholders. Design/methodology/approach – The experiences of Nestle, Unilever, PepsiCo/Frito Lay and P & G are described. Key third-party assessors and their processes are described, as well as organizations who certify in specific areas. The importance of third-party assessment for CSR achievement is reinforced by examining the results of two reports on CSR reporti...",6,2,163,177,Shareholder; Corporate social responsibility; Business; Trustworthiness; Marketing; Stakeholder theory; Social marketing; Public relations; Certification; Social media; Sustainability,,,,,https://www.emerald.com/insight/content/doi/10.1108/JGR-07-2015-0011/full/html http://www.emeraldinsight.com/doi/ref/10.1108/JGR-07-2015-0011,http://dx.doi.org/10.1108/jgr-07-2015-0011,,10.1108/jgr-07-2015-0011,1519607294,,0,010-506-995-388-331; 011-851-005-825-349; 026-895-802-475-205; 035-795-888-211-806; 042-451-865-020-307; 062-510-039-717-367; 111-417-503-775-501; 137-673-909-106-507; 159-592-129-993-014; 184-412-641-422-080,4,false,,
162-190-942-083-888,The Effect of Social Media in Social Interaction: The deep research of social media impact S,2019-03-04,2019,journal article,Journal of science,,,,Farisha Sheza,"There are many variations of passages of Lorem Ipsum available, but the majority have suffered alteration in some form, by injected humour, or randomised words which don't look even slightly believable. If you are going to use a passage of Lorem Ipsum, you need to be sure there isn't anything embarrassing hidden in the middle of text. All the Lorem Ipsum generators on the Internet tend to repeat predefined chunks as necessary, making this the first true generator on the Internet. It uses a dictionary of over 200 Latin words, combined with a handful of model sentence structures, to generate Lorem Ipsum which looks reasonable. The generated Lorem Ipsum is therefore always free from repetition, injected humour, or non-characteristic words etc.",1,1,1,10,The Internet; Social relation; Repetition (rhetorical device); Sentence; Generator (computer programming); Computer science; Linguistics; Social media,,,,,https://demo.openjournaltheme.com/js/article/view/7 https://demo.openjournaltheme.com/js/article/download/8/7,https://demo.openjournaltheme.com/js/article/view/7,,,3126800843,,0,005-575-135-472-363; 011-309-727-811-58X,0,false,,
162-378-775-438-673,LibGuides: Online Reputation Management and Social Media: Social Media,2017-08-31,2017,,,,,,Andrea Wirth,,,,,,Sociology; Scholarly communication; Reputation management; Public relations; Social media,,,,,,,,,2958831720,,0,,0,false,,
162-388-672-207-142,Teaching Social Media Literacy with Storytelling and Social Media Curation,2017-06-13,2017,,,,,,Katarina Stanoevska-Slabeva,,,,,,Psychology; Library science; Storytelling; Media studies; Social media; Literacy,,,,,https://aisel.aisnet.org/cgi/viewcontent.cgi?article=1524&context=amcis2017 https://aisel.aisnet.org/amcis2017/TREOs/Presentations/8,https://aisel.aisnet.org/amcis2017/TREOs/Presentations/8,,,2729526828,,0,,2,false,,
162-413-701-643-78X,Social Media,,2012,journal article,e & i Elektrotechnik und Informationstechnik,0932383x; 16137620,Springer Science and Business Media LLC,Germany,Helmut Leopold,,129,2,59,59,Social media; Sociology; Computer science; World Wide Web,,,,,,http://dx.doi.org/10.1007/s00502-012-0080-6,,10.1007/s00502-012-0080-6,,,0,,0,false,,
162-483-337-724-842,Social Media und Social-Media-Marketing,2018-03-02,2018,book chapter,Social-Media-Marketing kompakt,,Springer Fachmedien Wiesbaden,,Ralf T. Kreutzer,"In diesem Kapitel wird aufgezeigt, was unter Social-Media zu verstehen ist und warum viele Unternehmen ihr Engagement im Social-Media-Marketing verstarken sollten. Diese Ausfuhrung basieren auf meinem Werk „Praxisorientiertes Online-Marketing, 2018“.",,,1,19,Political science; Media studies; Social media marketing; Social media,,,,,https://rd.springer.com/chapter/10.1007%2F978-3-658-21147-9_1 https://link.springer.com/10.1007/978-3-658-21147-9_1 https://link.springer.com/chapter/10.1007/978-3-658-33866-4_1,http://dx.doi.org/10.1007/978-3-658-21147-9_1,,10.1007/978-3-658-21147-9_1,2791837727,,0,174-504-375-009-001,4,false,,
162-750-104-837-049,Social media and the new social contract,2025-09-02,2025,book chapter,"Interconnected World, Lost Connections",,Routledge,,Sanjeev Kumar Mahajan; Vinay Sharma; Rabindranath Bhattacharyya; Himanshu Shekhar Mishra,"The fabric of life is what we wanted to discuss, not only because we were working on the subject area related to the fabric of life but also because social media is all about touching lives, or it is supposed to be like that. Our precedence was publishing our book Stop Predicting: Revisit Life Lessons from COVID-19, a very sensitive subject. The world had to pass through that, and almost every individual was touched upon by this pandemic. Probably no one on this earth would ever say they had any happy memories related to COVID-19. Having passed through this intense and sensitive period, we were thinking about finding a subject that touches all our lives and may positively affect us or is supposed to impact us positively, or at least we have been voluntarily associated with something like that. We started discussing what it could be, and social media was the obvious choice. We realised that we had developed a new social contract along with the development of social media or the expansion of social media and our adaptability towards social media. We realised that we are talking of amoebic growth, an unprecedented expansion and span that has no reversal and can only be discussed with the perspective of positive channelisation for meaningful usage and developing real connectivity and connections.",,,1,11,Social media; Social contract; Sociology; Business; Internet privacy; Political science; Computer science; World Wide Web; Law; Politics,,,,,,http://dx.doi.org/10.4324/9781003665229-1,,10.4324/9781003665229-1,,,0,,0,false,,
162-828-689-055-866,Social Media and Forecasting:What is the Predictive Power of Social Media,,2015,dissertation,,,,,Leah J. Schade,"The emergence and growing usage of Social Media has resulted in extremely vast amounts of data that can be collected and accumulated. Businesses are furthermore increasingly interested in using customer generated Social Media Data to generate useful insights about their customers. However, the data from Social Media platforms is very complex in nature and thus poses a variety of challenges which have to be overcome to successfully implement Social Media based forecasting.; The purpose of this paper is consequently to evaluate upon Data processing techniques that can be used to make predictions about future customer needs and future market trends. A critical literature review has discussed and critically elaborated on past findings in Social Media based forecasting, presented different data processing techniques, highlighted the importance of organizational prerequisites and pointed out limitations of making predictions based on data derived from Social Media activity. ; The results indicate that Social Media data can indeed be used to make predictions about market needs and market trends if analyzed in a professional manner. In an attempt to position this paper as helpful for practitioners a framework is proposed to enable effective forecasting with Social Media Data.",,,,,Engineering; Variety (cybernetics); Data processing; Position (finance); Data science; Predictive power; Customer needs; Market needs; Social media; Management science,,,,,https://essay.utwente.nl/67321/ https://essay.utwente.nl/67321/1/Schade_BA_MB.pdf,https://essay.utwente.nl/67321/,,,791861561,,0,001-619-124-305-400; 002-959-181-325-747; 006-158-002-569-400; 008-086-855-035-534; 009-399-911-901-403; 010-717-499-155-598; 011-790-119-790-846; 013-497-550-439-009; 015-824-189-961-274; 016-187-347-598-114; 016-207-850-794-302; 016-303-567-431-004; 020-929-604-021-127; 022-380-596-265-048; 023-062-004-155-746; 026-419-799-073-776; 027-809-636-618-428; 028-688-798-823-342; 029-019-936-854-242; 032-239-598-373-552; 032-360-580-391-140; 032-871-860-468-143; 033-814-645-019-674; 036-419-801-312-717; 036-524-855-605-974; 038-480-833-852-262; 039-488-251-179-058; 040-688-039-269-12X; 046-868-458-183-431; 048-342-053-340-554; 049-648-174-134-552; 055-786-472-104-055; 057-040-097-643-496; 065-531-320-329-624; 068-685-350-211-898; 068-975-313-800-517; 077-932-567-730-631; 083-078-291-268-876; 083-709-760-547-965; 095-735-422-971-186; 099-169-442-324-498; 103-334-865-036-964; 104-154-911-787-012; 107-936-425-848-751; 108-603-505-336-909; 118-642-807-049-571; 120-695-214-222-114; 120-827-721-750-044; 124-928-196-113-888; 131-803-513-768-170; 133-353-346-098-33X; 145-072-195-764-618; 152-860-206-499-313; 164-297-728-107-685; 172-479-605-145-099; 199-664-640-971-606,0,false,,
163-023-774-304-44X,Social Media as a Tool for Social Change,,2015,other,Sustainable Fashion  What's Next?,,Bloomsbury Publishing Inc,,Domenica Peterson,,,,76,99,Social media; Social change; Sociology; Data science; Computer science; World Wide Web; Political science; Law,,,,,,http://dx.doi.org/10.5040/9781501312250.ch-004,,10.5040/9781501312250.ch-004,,,0,,0,false,,
163-272-196-493-10X,"IN THE CONTEXT OF SOCIAL MEDIA ECONOMY AND MODERNITY: ""DE-IDENTIFICATION IN SOCIAL MEDIA""",2023-01-01,2023,journal article,DergiPark (Istanbul University),,,,Zuhal SÖNMEZER,"The aim of our study called de-identification in social media is to examine the identity presented in social media environments and the meanings of identity embedded in real life. In this context, the subjects of individual, society, identity and especially socializing are given importance. The concept of identity has been discussed by many sociologists. In the study, while social media environments are discussed in terms of the concept of modernity and social media economy, the importance of social media literacy is emphasized. In today's world, where self and socialization enter into a complex process with social media, the most important sign that individual spaces are enslaved under the name of freedom is evident with the time scales spent in these virtual networks. The intensity of the time spent supports the importance of these digital spaces for people. Therefore, the conscious use of social media is of great importance and it is essential to be a reader or user with a critical point of view. In this sense, the differences between the virtual identity and real identity were analyzed in the study. In the related study, the literature review method was used. In this context, the books and studies of experts and academics were consulted.",,,,,Modernity; Context (archaeology); Identification (biology); Social media; Sociology; Epistemology; Computer science; Geography; World Wide Web; Philosophy; Botany; Biology; Archaeology,,,,,https://zenodo.org/record/7497705,http://dx.doi.org/10.5281/zenodo.7497705,,10.5281/zenodo.7497705,,,0,,0,true,,green
163-490-072-260-705,Professional media as opposed to social media.,,2012,journal article,Implant dentistry,15382982; 10566163,Ovid Technologies (Wolters Kluwer Health),United States,Morton L. Perel,,21,6,441,441,Sociology; Media studies; Social media; Media relations,,"Communication; Computers, Handheld; Dentists; Humans; Internet; Periodicals as Topic; Publishing; Social Media; Software",,,https://www.ncbi.nlm.nih.gov/pubmed/23135146 http://europepmc.org/abstract/MED/23135146,http://dx.doi.org/10.1097/id.0b013e3182771635,23135146,10.1097/id.0b013e3182771635,2335128627,,0,,2,false,,
163-822-317-190-150,Social Media Roadmaps: Exploring the futures triggered by social media,,2008,,,,,,Toni Ahlqvist; Asta Bäck; Minna Halonen; Sirkka Heinonen,,,,,,Futures contract; Open innovation; Political science; Local environment; Public relations; Social media; Futures studies,,,,,https://cris.vtt.fi/en/publications/social-media-roadmaps-exploring-the-futures-triggered-by-social-m,https://cris.vtt.fi/en/publications/social-media-roadmaps-exploring-the-futures-triggered-by-social-m,,,2948121688,,0,006-723-343-687-981; 009-179-900-346-26X; 012-365-191-974-630; 013-230-579-306-696; 013-619-908-727-383; 020-749-054-636-988; 030-724-098-323-23X; 034-668-042-743-317; 037-123-795-095-798; 040-573-075-084-042; 047-143-285-580-575; 060-711-042-959-365; 065-008-107-640-281; 066-512-434-754-461; 069-642-092-678-562; 074-497-579-965-021; 092-103-924-433-359; 096-764-829-777-667; 124-666-840-218-537; 126-815-863-074-192; 133-552-695-077-344; 143-950-987-531-381; 160-955-652-938-12X; 168-078-938-925-868,124,false,,
163-907-858-259-811,"Social Media and Social Movements: News, identity, and the transformative power of social media",2013-06-30,2013,dissertation,,,,,J.J.N. Post,,,,,,Gender studies; Social movement; Political science; Social change; Identity (social science); Social media; Transformative learning; Resource mobilization; Social engagement; New media,,,,,https://dspace.library.uu.nl/handle/1874/277350,https://dspace.library.uu.nl/handle/1874/277350,,,68926664,,0,,0,false,,
164-024-103-279-264,Creation of a social media social venture,2016-03-25,2016,book chapter,Capitalizing on Creativity at Work,,Edward Elgar Publishing,,Benedicte Brøgger,,,,,,Business; Social venture; Public relations; Social media,,,,,https://www.elgaronline.com/view/edcoll/9781783476497/9781783476497.00035.xml https://china.elgaronline.com/view/edcoll/9781783476497/9781783476497.00035.xml https://www.elgaronline.com/view/9781783476497.00035.xml,http://dx.doi.org/10.4337/9781783476503.00035,,10.4337/9781783476503.00035,2795534839,,0,,1,false,,
164-194-108-641-041,"Social media use, social media engagement and corporate reputation",,2014,,,,,,Chs Dijkmans,,,,,,Business; Corporate reputation; Public relations; Social media,,,,,https://pure.buas.nl/en/publications/social-media-use-social-media-engagement-and-corporate-reputation,https://pure.buas.nl/en/publications/social-media-use-social-media-engagement-and-corporate-reputation,,,3205254032,,0,,0,false,,
164-272-816-397-124,Social Media,,2009,book chapter,Key Concepts in Public Relations,,SAGE Publications Ltd,,Bob Franklin; Mike Hogan; Quentin Langley; Nick Mosdell; Elliot Pill,,,,213,213,Social media; Business; Computer science; World Wide Web,,,,,,http://dx.doi.org/10.4135/9781446269084.n151,,10.4135/9781446269084.n151,,,0,,0,false,,
164-356-607-088-892,Media and Social Media,2022-09-06,2022,book chapter,Navigating Organized Urology,,Springer International Publishing,,Stacy Loeb,,,,161,169,Misinformation; Social media; Jargon; Public relations; Misconduct; Health care; Medical education; Institution; Medicine; Psychology; Political science; Philosophy; Linguistics; Law,,,,,,http://dx.doi.org/10.1007/978-3-031-05540-9_16,,10.1007/978-3-031-05540-9_16,,,0,000-362-743-704-841; 006-798-349-278-026; 006-798-453-674-846; 012-512-479-419-449; 012-642-082-894-773; 012-667-443-046-106; 014-616-928-549-716; 015-622-008-310-515; 019-044-146-255-239; 022-490-349-988-051; 027-022-871-005-163; 029-520-740-844-359; 029-550-978-225-547; 031-180-419-408-183; 039-174-846-980-416; 042-543-402-213-055; 049-902-212-921-284; 050-965-235-990-219; 056-672-835-542-654; 062-535-730-198-240; 064-613-834-363-312; 071-323-103-873-755; 071-373-057-355-564; 073-437-975-066-684; 101-210-815-524-743; 112-697-781-604-505,1,false,,
165-225-006-787-176,Social Media and Contemporary Mainstream Social Media Platforms,2024-07-26,2024,book chapter,Social Media and Criminal Justice,,Routledge,,Xiaochen Hu; Nicholas P. Lovrich,,,,26,43,Mainstream; Social media; Sociology; Media studies; Political science; Computer science; World Wide Web; Law,,,,,,http://dx.doi.org/10.4324/9781003360049-3,,10.4324/9781003360049-3,,,0,,0,false,,
165-505-807-788-001,Social Media,2024-03-25,2024,book chapter,Rethinking Media Studies,,Routledge India,,John Robert Clammer,"“Social Media” – the interactive personal communication networks enabled by cheap and easy access to the Internet – are now a ubiquitous part of our cultural lives. Exemplified by platforms such as Facebook, Instagram, and LinkedIn, and expanding to such media as Skype for free audio and video conversations, and its rival, the widely used “app,” WhatsApp accessible to anyone with a mobile phone. YouTube creates a way of not only accessing huge volumes of information and entertainment (movies, music, TED talks, how-to-do-it postings covering a large range of crafts and activities), but also allows users to post their own content. Online news streamed by most major media companies, is having the common effect of driving out of circulation print newspapers. Other user-generated knowledge bases, such as the widely accessed Wikipedia encyclopedia, have transformed the ways of life of many of us. Not surprisingly, this is often termed the “digital revolution.” Thinking back just a decade, anyone can see how deep and extensive this transformation has been. Increasingly we communicate by email, to the extent that many conventional postal services have shrunk, or home-deliveries have been discontinued (and the art of letter writing has precipitously declined), we shop online with gigantic companies like Amazon, which began as a book-seller, but now supplies virtually everything that a courier can transport, order food from Swiggy or from restaurants via an app on our mobile phones, make our tax returns online, and book our air or rail ticket the same way. The digital revolution has extended itself, whether we like it or not, into almost every area of life.",,,271,279,Social media; Sociology; Computer science; World Wide Web,,,,,,http://dx.doi.org/10.4324/9781032632667-21,,10.4324/9781032632667-21,,,0,,0,false,,
165-545-616-720-932,Social Media Analytics Strategy - Social Media Analytics Strategy,,2017,book,,,Apress,,Alex Gonçalves,,,,,,Data science; Business intelligence; Social media analytics; Computer science; Analytics,,,,,https://link.springer.com/10.1007/978-1-4842-3102-9,http://dx.doi.org/10.1007/978-1-4842-3102-9,,10.1007/978-1-4842-3102-9,2769101288,,0,,5,false,,
165-551-565-190-599,Social Media,,2013,other,Keeping Up the Kardashian Brand,,Rowman & Littlefield,,,,,,69,102,Social media; Sociology; Computer science; World Wide Web,,,,,,http://dx.doi.org/10.5040/9781666999686.ch-4,,10.5040/9781666999686.ch-4,,,0,,0,false,,
166-171-947-255-126,Social media consensus paper causes social media uproar,2025-05-22,2025,dataset,AAAS Articles DO Group,,American Association for the Advancement of Science (AAAS),,,,,,,,Social media; Internet privacy; Data science; Computer science; World Wide Web; Sociology,,,,,,http://dx.doi.org/10.1126/science.zhbibcz,,10.1126/science.zhbibcz,,,0,,0,false,,
166-207-652-428-060,Social Media,2018-08-22,2018,other,The International Encyclopedia of Strategic Communication,,Wiley,,Chiara Valentini,"<jats:p>Social media are defined as Internet‐based applications that allow users to create, exchange, or simply consume user‐generated content, that is, content created by individuals themselves. Examples include blogs, wikis, Rich Site Summary (RSS) feeds, and social networking sites, as well as user‐generated content aggregators, such as Yelp and TripAdvisor, and location‐based applications, such as Google Places or Foursquare. The growing diffusion and adoption of social media in many societies have made the social media environment an attractive marketplace for organizations wishing to gain visibility and reach out directly to large groups of publics and stakeholders. Social media bring communication and relational opportunities but also challenges to strategic communication professionals. This entry reviews and discusses central features of social media and their role in strategic communication.</jats:p>",,,1,13,Social media; Visibility; RSS; User-generated content; Social media optimization; The Internet; Publics; Business; World Wide Web; Computer science; Internet privacy; Political science; Geography; Politics; Law; Meteorology,,,,,,http://dx.doi.org/10.1002/9781119010722.iesc0162,,10.1002/9781119010722.iesc0162,,,0,007-962-762-039-748; 011-854-399-312-637; 015-376-691-106-023; 023-946-742-251-207; 025-297-121-635-051; 032-211-516-787-141; 032-793-012-614-717; 033-564-192-428-491; 040-941-216-468-661; 042-109-901-957-786; 045-537-286-590-678; 054-369-594-978-670; 057-182-645-993-352; 066-305-683-408-39X; 073-864-183-619-822; 083-925-625-829-149; 090-246-926-492-294; 105-024-980-716-243; 106-788-076-645-674; 164-233-751-793-174; 182-585-752-811-014,7,false,,
166-898-366-271-838,LibGuides: Introduction to Social Media: Social media sites,2013-03-11,2013,,,,,,Caroline Ball,These pages are intended to support academic staff interested in the use of social media to develop a professional online research presence and consider the issues inherent in working in such an open manner online. An introduction to the different kind of social media sites available,,,,,Sociology; Online research methods; Public relations; Social media,,,,,,,,,2956449019,,0,,0,false,,
166-986-144-979-128,The Impact of Social Media on Social Activism,,2022,conference proceedings article,"Advances in Social Science, Education and Humanities Research",23525398,Atlantis Press,,Yuxuan Shen,"The emerge of social media like Twitter takes the traditional storytelling to a new level. The existence of it impacts greatly on various social movements, including Black Lives Matter. It changes how the movement is created, distributed and discussed. This research, through methods of specific case studies and secondary data research, focuses on these changes by specifically studying the case of how Twitter's distinctive features, functions and algorithms are involved in Black Lives Matter. The result of the study indicates that Twitter's features and algorithms changed the way media and individual users behave. It impacts on characteristics of the news being distributed, enlarges mass discussion of these information, and gives more chances for individuals to speak out. Accordingly, all of these aspects significantly stimulated, strengthened and sped up the formation of the Black Lives Matter movement.",,,,,Social media; Computer science; Social activism; Internet privacy; World Wide Web; Political science; Politics; Law,Black Lives Matter; Twitter; Social media; Algorithms,,,,https://www.atlantis-press.com/article/125968690.pdf https://doi.org/10.2991/assehr.k.220105.174,http://dx.doi.org/10.2991/assehr.k.220105.174,,10.2991/assehr.k.220105.174,,,0,,1,true,cc-by-nc,gold
167-367-030-405-947,Social Media,,2016,reference entry,The SAGE Encyclopedia of Corporate Reputation,,"SAGE Publications, Inc.",,,,,,,,Social media; Sociology; Computer science; World Wide Web,,,,,,http://dx.doi.org/10.4135/9781483376493.n290,,10.4135/9781483376493.n290,,,0,,0,false,,
167-780-556-898-626,Social Innovation and Social Media - Social Media for Social Innovation. Towards a Multi-Layered Analytic Framework,2011-07-06,2011,conference proceedings,,,,,Elena Pavan; Mario Diani; Claudia Padovani,"This paper proposes a preliminary conceptual approach for studying how social media (i.e., a class of specific Internet-based communication tools) can be strategically employed to promote social innovation (i.e., the actual consolidation of norms guiding democratic and participated policy-making processes). To this aim, we propose to overcome monolithic conceptions of Internet users, uses and politics thus grounding empirical studies on the joint observation of a) the type of users; b) the type of Internet-enabled communication; c) the different facets of political processes; d) the multi-level nature of contemporary politics",,,28,31,The Internet; Empirical research; Sociology; Consolidation (business); Social innovation; Conceptual approach; Social media; Democracy; Knowledge management; Politics,,,,,http://eprints.biblio.unitn.it/2103/1/techRep456.pdf https://www.research.unipd.it/handle/11577/2486613 https://dblp.uni-trier.de/db/conf/icwsm/sism2011.html#PavanDP11 http://eprints.biblio.unitn.it/2103/ https://www.aaai.org/ocs/index.php/ICWSM/ICWSM11/paper/viewFile/3863/4382,https://www.research.unipd.it/handle/11577/2486613,,,135522794,,0,004-667-335-021-825; 011-854-399-312-637; 013-641-602-269-253; 015-376-691-106-023; 016-389-097-477-525; 020-913-424-096-627; 060-760-379-279-622; 075-810-114-252-915; 076-567-340-284-754; 098-048-715-996-47X; 109-888-960-411-745; 111-215-405-719-009; 128-587-897-876-303,1,false,,
167-873-375-407-018,Consumer Ties and Social Media Consumer Culture in Social Media Networks,,2022,book chapter,The SAGE Handbook of Social Media Marketing,,SAGE Publications Ltd,,Duygu Akdevelioglu; Alladi Venkatesh,,,,58,71,Social media; Consumer Culture; Advertising; Business; Interpersonal ties; Sociology; Political science; Social science; Law,,,,,,http://dx.doi.org/10.4135/9781529782493.n4,,10.4135/9781529782493.n4,,,0,,3,false,,
168-425-704-203-268,Social media: towards a social media maturity model,2012-06-07,2012,dissertation,,,,,J. van de Kerkhof,,,,,,Business; Public relations; Social media; Capability Maturity Model; Social engagement,,,,,,,,,155994515,,0,008-065-210-453-904; 009-102-007-193-066; 011-854-399-312-637; 018-144-164-705-098; 018-200-206-237-100; 019-226-991-602-231; 019-706-757-416-919; 023-274-238-167-517; 031-049-198-247-334; 033-658-810-907-084; 036-032-621-688-585; 042-563-324-024-387; 042-839-170-894-498; 047-432-934-587-71X; 048-322-307-535-215; 048-423-767-900-669; 049-284-392-574-383; 049-853-172-597-388; 053-110-248-501-301; 061-102-373-569-364; 061-121-849-203-75X; 062-869-395-559-925; 071-664-532-653-502; 077-387-372-159-534; 079-618-323-935-873; 080-142-224-521-995; 080-369-204-314-020; 081-742-118-812-76X; 083-925-625-829-149; 084-696-537-066-014; 089-660-604-434-145; 090-893-260-571-367; 100-599-630-406-718; 105-538-647-305-887; 114-615-552-424-958; 118-007-769-066-377; 127-348-106-892-557; 139-473-547-290-023; 141-601-200-804-924; 142-307-734-443-448; 143-877-511-039-908; 150-475-108-194-600; 155-082-103-601-38X; 158-618-842-336-251; 163-543-396-595-110; 172-479-605-145-099; 172-999-637-082-271; 187-308-427-951-036,2,false,,
169-081-520-915-084,Social Media and Social Movement,2025-12-31,2025,journal article,PCD Journal,20850441; 20850433,Universitas Gadjah Mada,,Rafi Baihaqi,"<jats:p>This study analyses the strategies of the Orang Tua Bergerak movement in advocating against the alleged wrongful arrest in the Gedongkuning klitih case of 2022 by employing both digital (online) and direct (offline) methods. Using a qualitative approach and content analysis, this study identifies the strategic and communicative practices developed by the movement in collaboration with cross-movement actors. The findings reveal three key points. First, Orang Tua Bergerak utilised social media platforms, including Instagram, X, and Facebook, to disseminate digital posters, online writings, petitions, and documentary videos. These outputs incorporated injustice framing, aimed at mobilising broader solidarity and drawing attention from diverse movements. Second, the participation of cross-movement networks amplified public sympathy and encouraged the circulation of injustice narratives, which increased societal awareness of the Gedongkuning incident. Third, the heightened public attention was strategically leveraged by Orang Tua Bergerak to conduct direct advocacy at local and national levels, including hearings, discussions, and the Kamisan protest. These findings show how digital mobilisation complements direct action in sustaining advocacy and amplifying social justice campaigns. This study contributes theoretically by conceptualising the transition from digital activism to direct collective action within hybrid social movement frameworks.</jats:p>",13,2,183,228,Social movement; Social media; Solidarity; Injustice; Sympathy; Sociology; Public relations; Direct action; Action (physics); Collective action; Political science; Digital media; Alternative media; Communicative action; Qualitative research; Media studies; Social engagement; Public opinion; Stakeholder; Social change; Agency (philosophy); Movement (music); Economic Justice,,,,,https://journal.ugm.ac.id/v3/PCD/article/download/24936/6622 https://doi.org/10.22146/pcd.v13i2.24936,http://dx.doi.org/10.22146/pcd.v13i2.24936,,10.22146/pcd.v13i2.24936,,,0,,0,true,cc-by,gold
169-239-859-624-718,Current Trends in Social Media and Social Media History,2015-10-28,2015,,,,,,Erin L. Belfort,,,,,,Developmental psychology; Current (fluid); Psychology; Social media; Social psychology,,,,,,,,,2596412803,,0,,0,false,,
169-332-763-798-058,Social Media,2023-03-01,2023,book chapter,SPRING Forward,,CRC Press,,Catherine Liggett; Kathryn Vidlock,"Chapter 14 provides information for local programs on using social media. Young adults and teens are more likely to use social media for updates and reminders, so social media is a great way to reinforce positive body image and nutrition.",,,183,187,Social media; Sociology; Political science; Law,,,,,,http://dx.doi.org/10.1201/b23228-14,,10.1201/b23228-14,,,0,,0,false,,
169-460-194-449-806,Social media,2026-01-05,2026,book chapter,Research Methods in Applied Linguistics,2590096x,John Benjamins Publishing Company,,Rhonda Oliver; Sender Dovchin,"<jats:title>Abstract</jats:title>;                   <jats:p>This chapter explores social media as a site for applied linguistics research and the methods that; 								are used for such studies. To date, the majority of social media studies have examined platforms such as Facebook,; 								YouTube, and Twitter/X. Increasingly, however, researchers are also exploring platforms such as Instagram, WhatsApp,; 								and Tik Tok, among others. Topics for study include how language is used — including translanguaging — and how users; 								create their cultural and linguistic identities via different platforms and how learners can develop and expand their; 								language and literacy. We outline the different ways data are captured and the various methods used for analysis; 								(e.g., meta-analysis, discourse analysis, ethnographic approaches). We exemplify these, and the different theoretical; 								frameworks used by describing five different studies. We also provide commentary on some of the ethical issues and; 								challenges related to social media research. We conclude by providing suggestions for future research.</jats:p>",,,103,122,Social media; Sociology; Ethnography; Linguistics; Media studies; Sociolinguistics; Discourse analysis; Identity (music); Computer-mediated communication; Media linguistics; Computer science; On Language; Social identity theory; Applied linguistics; Public relations,,,,,,http://dx.doi.org/10.1075/rmal.15.06oli,,10.1075/rmal.15.06oli,,,0,000-444-859-849-865; 003-104-381-847-534; 013-004-904-784-777; 019-953-630-342-172; 022-506-933-519-856; 024-753-484-805-232; 041-561-395-988-567; 042-538-783-497-920; 044-689-203-984-206; 051-155-798-069-230; 053-344-281-899-069; 068-823-780-893-860; 069-594-537-690-350; 078-884-435-690-175; 094-024-805-430-873; 095-454-500-568-413; 100-656-988-498-109; 104-518-708-305-502; 114-397-318-401-421; 132-645-065-149-063; 133-203-833-994-04X; 137-265-484-728-69X; 149-684-571-438-318; 152-951-037-340-013; 171-747-577-782-876; 172-322-647-313-50X; 186-217-798-026-966,0,false,,
169-481-352-738-375,LibGuides. Social Media. Social Media Sources.,2012-10-29,2012,,,,,,Eric Deatherage,,,,,,Sociology; Media studies; Social media,,,,,,,,,2193712582,,0,,0,false,,
169-521-010-828-446,Social Media,,2015,book chapter,Social Media and the Transformation of Interaction in Society,23281405; 23281413,IGI Global,,Arleen Cuevas; Fritz Kohle,"<jats:p>Social media has become ubiquitous in the daily personal lives of students and teachers alike. But the question remains if social media should be integrated effectively in higher education or if it should be left out in the realm outside the classroom. This paper explores how students use social media in school, whether or not they find social media useful in the learning process and provides further discussion on the importance of adopting a social media strategy in the education sector. The authors facilitated a study in 2010 and a follow-up survey in 2011 to students taking the course International Media and Entertainment Management at NHTV Breda University of Applied Sciences in the Netherlands to assess how students are using social media in a learning environment. The study reveals a need for social media to be used as a learning tool in order to promote active participation through content creation and encourage a virtual space for dynamic dialogue which in turn helps link formal and informal learning connecting students, teachers, and colleagues around the world. But more complex issues such as privacy, copyright, policing and governance of social media needs to be addressed. </jats:p>",,,15,23,,,,,,,http://dx.doi.org/10.4018/978-1-4666-8556-7.ch002,,10.4018/978-1-4666-8556-7.ch002,,,0,011-854-399-312-637; 030-336-959-693-984; 048-728-681-069-63X; 080-599-783-436-156; 085-042-532-842-188; 098-239-767-726-094; 182-563-522-303-973,0,false,,
170-297-457-975-807,Social Media,,2020,book chapter,"Communication Skills in Nursing, Health and Social Care",,SAGE Publications Ltd,,,,,,,,Social media; Sociology; Media studies; Public relations; Internet privacy; The Internet; Political science; Advertising; Computer science; Key (lock); Context (archaeology),,,,,,http://dx.doi.org/10.4135/9781036232481.n45,,10.4135/9781036232481.n45,,,0,,0,false,,
170-333-233-322-773,Social Media,2019-05-02,2019,book,,,,,Mark Fajir,,,,,,Sociology; Media studies; Social media,,,,,https://www.amazon.com/Social-Media-Mark-Fajir-ebook/dp/B07RD5XCBQ,https://www.amazon.com/Social-Media-Mark-Fajir-ebook/dp/B07RD5XCBQ,,,3158427029,,0,,0,false,,
171-391-815-306-038,"Socially Aware, Media Savvy: Social Media Strategy",,2013,report,,,IEDP Ideas for Leaders,,,"Companies can no longer control their communications with their customers. Social media tools have enabled information to be generated from within the marketplace by consumers themselves. This shift of power presents significant challenges for companies that fail to come to terms with it. But for those that do embrace social media, the rewards can be great. Different methods of collaboration and innovation are becoming ever more prevalent and companies are increasingly realizing the commercial gains that can be achieved through these new business models.",,,,,Social media; Plan (archaeology); Control (management); Power (physics); Key (lock); Public relations; Business; Computer science; World Wide Web; Political science; History; Computer security; Archaeology; Physics; Quantum mechanics; Artificial intelligence,,,,,,http://dx.doi.org/10.13007/111,,10.13007/111,,,0,,1,false,,
171-548-943-518-126,Social Media,2015-10-07,2015,book chapter,The World Bank Group A to Z 2016,,The World Bank,,World Bank,"Notes that the World Bank Group shares live updates and interacts with audiences through events and various social media platforms including Facebook, Twitter, Tumblr, Instagram, LinkedIn, Google Plus, RSS, YouTube, Flickr, blogs, and mobile applications.",,,163b,163b,Social media; Sociology; Computer science; World Wide Web,,,,,,http://dx.doi.org/10.1596/978-1-4648-0484-7_social_media,,10.1596/978-1-4648-0484-7_social_media,,,0,,0,false,,
171-723-044-877-200,"Social Media, Sociality, and Survey Research",2013-09-25,2013,book,,,,,Craig A. Hill; Elizabeth Dean; Joseph Murphy,"Provides the knowledge and tools needed for the future of survey researchThe survey research discipline faces unprecedented challenges, such as falling response rates, inadequate sampling frames, and antiquated approaches and tools. Addressing this changing landscape,Social Media, Sociality, and Survey Researchintroduces readers to a multitude of new techniques in data collection in one of the fastest developing areas of survey research.The book is organized around the central idea of a ""sociality hierarchy"" in social media interactions, comprised of three levels: broadcast, conversational, and community based.Social Media, Sociality, and Survey Researchoffers balanced coverage of the theory and practice of traditional survey research, while providing a conceptual framework for the opportunities social media platforms allow. Demonstrating varying perspectives and approaches to working with social media, the book features:New ways to approach data collection using platforms such as Facebook and TwitterAlternate methods for reaching out to interview subjectsDesign features that encourage participation with engaging, interactive surveysSocial Media, Sociality, and Survey Researchis an important resource for survey researchers, market researchers, and practitioners who collect and analyze data in order to identify trends and draw reliable conclusions in the areas of business, sociology, psychology, and population studies. The book is also a useful text for upper-undergraduate and graduate-level courses on survey methodology and market research.",,,,,Data collection; Conceptual framework; Psychology; Sociality; Sampling frame; Market research; Population; Public relations; Social media; Survey methodology,,,,,http://onlinelibrary.wiley.com/doi/10.1002/9781118751534.ch1/summary https://www.rti.org/publication/social-media-sociality-and-survey-research-0 https://www.amazon.com/Social-Media-Sociality-Survey-Research-ebook/dp/B00FGRAAYS https://onlinelibrary.wiley.com/doi/10.1002/9781118751534.ch1,https://www.rti.org/publication/social-media-sociality-and-survey-research-0,,,1547167592,,0,002-388-755-855-143; 002-541-304-332-19X; 003-907-444-664-25X; 005-359-069-913-40X; 006-369-072-945-600; 006-526-828-073-395; 008-614-330-256-947; 010-316-790-248-063; 012-166-176-597-134; 013-739-975-544-663; 013-905-127-310-224; 014-578-805-664-269; 016-207-850-794-302; 019-421-003-324-437; 022-695-368-457-175; 025-054-778-872-944; 025-681-583-337-725; 026-638-390-961-620; 026-991-233-963-849; 028-317-581-588-561; 029-146-382-619-09X; 031-693-310-151-111; 032-076-713-459-56X; 032-633-471-673-414; 034-610-642-794-888; 037-953-280-240-354; 038-914-528-451-863; 041-240-161-546-865; 042-774-887-807-019; 043-672-010-922-124; 046-986-705-393-370; 058-908-476-132-24X; 063-220-776-108-87X; 070-748-634-220-216; 076-332-961-585-270; 079-387-498-214-933; 084-872-408-556-754; 088-468-023-330-43X; 099-976-101-564-793; 101-375-865-591-894; 103-769-029-355-735; 106-810-930-415-279; 118-579-235-414-334; 123-562-347-550-226; 129-672-985-661-508; 133-255-055-209-635; 138-645-745-964-115; 143-130-252-514-560; 154-347-956-753-822; 164-233-751-793-174; 183-554-039-411-423; 193-842-824-822-761,44,false,,
171-745-483-205-139,LibGuides: Social Media: Social networking,2017-07-27,2017,,,,,,Marcelita Castillo,,,,,,Internet privacy; Information technology; Sociology; Social media,,,,,,,,,3013399558,,0,,0,false,,
171-851-717-735-538,Social Media,,2022,other,The Computer,,Greenwood,,,,,,187,218,Social media; Sociology; Computer science; World Wide Web,,,,,,http://dx.doi.org/10.5040/9798400629945.ch-008,,10.5040/9798400629945.ch-008,,,0,,0,false,,
171-872-113-415-755,Social Media Platforms and Its Impaction Social Media Marketing,2025-05-31,2025,journal article,JNNCE Journal of Engineering and Management,25820079,"JNNCE Journal of Engineering and Management - JJEM, JNN College of Engineering",,Vinayh. B.; Santhosha .,,SP04,,581,585,Social media; Social media marketing; Social marketing; Social media optimization; Business; Advertising; Digital marketing; Marketing; Sociology; Computer science; World Wide Web,,,,,,http://dx.doi.org/10.37314/jjem.sp0463,,10.37314/jjem.sp0463,,,0,,0,true,,gold
171-925-659-261-483,Social Media Storms - Reflective and resilient leadership of social media storms,2021-08-25,2021,book chapter,Social Media Storms,,Routledge,,Pernille Rydén; Muhammad Ismail Hossain; Efthymia Kottika; Vatroslav Škare,,,,111,127,Storm; Sociology; Media studies; Social media,,,,,http://dx.doi.org/10.4324/9780367853297-6-6,http://dx.doi.org/10.4324/9780367853297-6-6,,10.4324/9780367853297-6-6,3173371388,,0,,0,false,,
172-093-893-518-299,LibGuides. Spring Symposium on Social Media. Understanding Social Media.,2016-05-10,2016,,,,,,Matthew Regan,This guide provides resources to enhance understanding and encourage use of social media. Learn more about what social media is and how social media works.,,,,,Sociology; Spring (hydrology); Media studies; Social science; Social media,,,,,,,,,2739069450,,0,,0,false,,
172-486-641-544-711,Social Media,,2013,reference entry,Encyclopedia of Public Relations,,"SAGE Publications, Inc.",,Robert L.Heath,,,,,,Social media; Computer science; World Wide Web,,,,,,http://dx.doi.org/10.4135/9781452276236.n457,,10.4135/9781452276236.n457,,,0,,2,false,,
172-815-075-645-749,Social media narratives and media prosumer,2018-11-30,2018,,,,,,Gerardo Karbaum Padilla,,,,,,Sociology; Narrative; Prosumer; Media studies; Social media,,,,,https://www.scipedia.com/public/Padilla_CONTRERAS_YALICO_2018a,https://www.scipedia.com/public/Padilla_CONTRERAS_YALICO_2018a,,,2902538035,,0,,0,false,,
172-936-056-455-553,Social networks and social media interventions,2015-03-06,2015,book chapter,Guide to Health Informatics,,CRC Press,,,,,,352,369,Social media; Psychological intervention; Sociology; Psychology; Computer science; World Wide Web; Psychiatry,,,,,,http://dx.doi.org/10.1201/b13617-26,,10.1201/b13617-26,,,0,,0,false,,
173-015-710-128-320,Social Media,2015-02-14,2015,book chapter,Health Informatics,14311917; 21973741; 21973733,Springer International Publishing,,John S. Luo; Brian N. Smith,,,,183,197,Social media; Internet privacy; The Internet; World Wide Web; Health care; Personally identifiable information; Health information; New media; Public relations; Business; Psychology; Computer science; Political science; Computer security; Law,,,,,,http://dx.doi.org/10.1007/978-3-319-14109-1_9,,10.1007/978-3-319-14109-1_9,,,0,068-280-302-857-779; 074-650-175-856-409; 084-062-823-642-188,4,false,,
173-324-496-553-949,Social Media,,2016,book chapter,Building a Professional Teaching Identity on Social Media,,SensePublishers,,Janine S. Davis,"Simply the act of committing the names of social networks to print seems slightly foolish, as the details and even existence of the following will certainly change with time. Nevertheless, there are some basic considerations of different social media platforms that, when compared, offer a broader view of the purpose of these forms of computer-mediated communication (CMC).",,,11,20,Social media; Computer science; Sociology; Internet privacy; World Wide Web,,,,,,http://dx.doi.org/10.1007/978-94-6300-702-3_3,,10.1007/978-94-6300-702-3_3,,,0,,29,false,,
173-530-332-306-789,LibGuides: LinkedIn and Social Media: Social Media,2016-02-03,2016,,,,,,Caroline Culver,,,,,,Sociology; Media studies; Social media; Social media optimization,,,,,,,,,2345726188,,0,,0,false,,
173-551-656-537-279,Social Computing in Social Media,,2014,,,,,,Madhu Kumari,,,,,,Sociology; Public relations; Social media; Social computing; Social network; Social engagement,,,,,http://textanalytics.in/wm/MadhuKumari.pdf,http://textanalytics.in/wm/MadhuKumari.pdf,,,2604203752,,0,004-158-248-842-144; 062-911-207-191-884,0,false,,
174-109-469-858-338,Social Media and Social Movements,,2012,,,,,,Ginevra Corinna Elvira Adamoli,,,,,,Social movement; Political economy; Sociology; Social change; Social media; Resource mobilization,,,,,http://diginole.lib.fsu.edu/islandora/object/fsu%3A183217/datastream/PDF/view https://fsu.digital.flvc.org/islandora/object/fsu%3A183217/ http://diginole.lib.fsu.edu/islandora/object/fsu%3A183217,https://fsu.digital.flvc.org/islandora/object/fsu%3A183217/,,,2477103673,,0,,0,false,,
174-300-465-353-987,The Media and Social Media,2018-04-05,2018,component,,,Commonwealth Secretariat,,,,,,,,,,,,,,http://dx.doi.org/10.14217/62d6994e-en,,10.14217/62d6994e-en,,,0,,0,false,,
174-417-782-470-65X,Social Media Metrics – Cum masori eficienta in Social Media?,,2010,,,,,,null AnaMatei,,,,,,,,,,,http://www.anamatei.ro/2010/10/17/social-media-metrics-cum-masori-eficienta-in-social-media/,http://www.anamatei.ro/2010/10/17/social-media-metrics-cum-masori-eficienta-in-social-media/,,,2239346821,,0,,0,false,,
174-567-139-433-263,Environmental Social Movements and Social Media,2021-12-08,2021,book chapter,The Handbook of International Trends in Environmental Communication,,Routledge,,Jill E. Hopke; Lauren Paris,"Social media applications and platforms enable like-minded individuals, including environmental activists to connect with each other across time and space divisions, enabling the more rapid diffusion of social movement tactics and coordinated campaigns. Climate change is a crucial issue to consider from an environmental justice perspective, in that the differing historical responsibilities and impacts are reflective of global power inequities. Applied to environmental action and social movement organizing, disruptive social media virality consists of the potential for marginalized, or otherwise underrepresented populations, such as Indigenous communities, youth, and others, to turn to digital and social media apps and platforms to connect with like-minded individuals and collectives. The struggle by the Standing Rock Sioux Tribe in North Dakota to stop the DAPL, which reached its height in late 2016, was centered on environmental justice and Indigenous rights. Youth activism links both the Standing Rock struggle and youth climate strikes together seeking a better future for current and future generations.",,,357,372,Social media; Sociology; Political science; Law,,,,,,http://dx.doi.org/10.4324/9780367275204-26,,10.4324/9780367275204-26,,,0,,10,false,,
175-098-468-679-333,Social Media,,2016,reference entry,The SAGE Encyclopedia of Online Education,,"SAGE Publications, Inc.",,Melissa Venable,,,,,,Social media; Sociology; Computer science; World Wide Web,,,,,,http://dx.doi.org/10.4135/9781483318332.n327,,10.4135/9781483318332.n327,,,0,,0,false,,
175-269-733-285-292,Social Media,2011-04-06,2011,book chapter,Reputation Management,,Routledge,,By Laurel Hart,"Before the 2008 primary season began, the generally acknowledged frontrunner for the Democratic nomination for President was Senator Hillary Clinton, the junior senator from New York State and spouse of former President Bill Clinton. People had heard of the even-more junior senator from Illinois, Senator Barack Obama, in part because of the rousing speech he gave at the 2004 Democratic Convention. Many viewed his candidacy as the aspiration of an upstart, running before he’d put in his due time at a lower level of the political ladder.",,,140,161,Social media; Sociology; Psychology; Computer science; World Wide Web,,,,,,http://dx.doi.org/10.4324/9780203876862-11,,10.4324/9780203876862-11,,,0,,0,false,,
175-325-578-033-223,Media and social media,,2025,book chapter,UK Politics,,SAGE Publications Ltd,,Clare Llewellyn; Cristian Vaccari,,,,,,,,,,,,http://dx.doi.org/10.4135/9781036235574.n17,,10.4135/9781036235574.n17,,,0,,0,false,,
175-441-314-976-576,Social Media and Social Isolation,2024-01-24,2024,dataset,Zenodo (CERN European Organization for Nuclear Research),,,,Tyler Horan,,,,,,Isolation (microbiology); Social media; Social isolation; Sociology; Computer science; World Wide Web; Psychology; Biology; Microbiology; Psychotherapist,,,,,https://zenodo.org/doi/10.5281/zenodo.10562835,http://dx.doi.org/10.5281/zenodo.10562835,,10.5281/zenodo.10562835,,,0,,0,true,cc-by,green
175-626-614-511-827,LibGuides: Social Work: Social Media,2011-03-07,2011,,,,,,Kathy Lowe,,,,,,Sociology; Social work; Media studies; Social media,,,,,,,,,2956105989,,0,,0,false,,
175-758-826-630-750,Social Media,2025-08-06,2025,book chapter,Kommunale Politik und Verwaltung,27305309; 27305317,Springer Fachmedien Wiesbaden,,Marion Effing,,,,63,118,Social media; Sociology; Computer science; World Wide Web,,,,,,http://dx.doi.org/10.1007/978-3-658-49244-1_3,,10.1007/978-3-658-49244-1_3,,,0,,0,false,,
175-866-186-375-859,Social media,2025-09-23,2025,book chapter,Social Media and the Reproduction of the Social Capital of the New Middle Class,,Routledge,,Guo Jin,,,,120,142,,,,,,,http://dx.doi.org/10.4324/9781003679684-5,,10.4324/9781003679684-5,,,0,,0,false,,
176-080-894-679-652,Social Media,2025-02-14,2025,book,,,Akademische Verlagsgemeinschaft München,,Eva Martha Eckkrammer; Sandra Steidel; Miriam Zapf; Pascale Erhart; Elke Höfler; Diana Vesga; Felix Röhricht; Lukas Fiedler; Benjamin Meisnitzer; Anne-Marie Lachmund,"<jats:p>This anthology brings together cutting-edge research and insightful analysis from experts in linguistics and foreign language education. Applying different methodological approaches to the analysis of social media, researchers from different fields explore how platforms like Twitter, Instagram, and YouTube are reshaping communication, language learning, and teaching methodologies. From the power of hashtags to the role of influencers, this collection reveals the profound impact of digital interactions on modern linguistics and foreign language education. Essential for educators, researchers, and social media enthusiasts, this book offers a fresh perspective on the evolving landscape of Romance languages (French, Spanish and Portuguese) in the digital age.</jats:p>",,,,,Influencer marketing; Portuguese; Social media; Perspective (graphical); Foreign language; Sociology; Linguistics; Computer science; Pedagogy; World Wide Web; Artificial intelligence; Relationship marketing; Business; Philosophy; Marketing management; Marketing,,,,,https://doi.org/10.23780/9783960916147 https://unipub.uni-graz.at/obvugrfodok/content/titleinfo/11531944/full.pdf https://resolver.obvsg.at/urn:nbn:at:at-ubg:3-25121,http://dx.doi.org/10.23780/9783960916147,,10.23780/9783960916147,,,0,,0,true,,gold
176-756-359-639-306,Social Media:,2020-11-27,2020,book chapter,Engaging Diverse Communities,,University of Massachusetts Press,,,,,,105,120,Social media; Sociology; Computer science; World Wide Web,,,,,,http://dx.doi.org/10.2307/j.ctv1d37dn4.10,,10.2307/j.ctv1d37dn4.10,,,0,,0,false,,
176-796-341-905-609,Social Media,,2018,reference entry,The SAGE Encyclopedia of the Internet,,"SAGE Publications, Inc.",,Andreas Kaplan,,,,,,Social media; Computer science; World Wide Web,,,,,,http://dx.doi.org/10.4135/9781473960367.n234,,10.4135/9781473960367.n234,,,0,,0,false,,
176-993-554-893-608,Social Media,2021-08-31,2021,book,,,Emerald Publishing Limited,,,"<jats:p>Social media is a multi-faceted tool that has been used by educators and/or their students in ways both beneficial and detrimental. Despite the ubiquitous nature of this tool, there is much research still needed on the multitude of ways that social media impacts education. This book presents research on the influences of social media on education, broadly construed. Specifically, the research included in this book is categorized into four broad areas, examining the educational influence of social media on youth and college students, professional development in content areas, higher education learning, and social justice and activism. Chapter authors emphasize the opportunities of social media use in education and provide recommendations for how to address challenges that may arise with social media integration into the teaching and learning setting. These authors also advocate for use of social media to grow and enhance professional interaction among educators, moving beyond the social aspect of these platforms to advocate for educational and societal change. Individuals working in K-12 schools, teacher education, teacher professional development, and higher education, including pharmacy, nursing, dental and medical education, as well as those in other educational settings can use these findings to support and guide integration of social media into teaching and learning as well as their professional practice.</jats:p>",,,,,Social media; Public relations; Multitude; Sociology; Professional development; Pedagogy; Social justice; Engineering ethics; Social learning; Social change; Professional learning community; Psychology; Social media optimization,,,,,,http://dx.doi.org/10.1108/978-1-64802-657-7,,10.1108/978-1-64802-657-7,,,0,,1,false,,
177-754-914-485-607,Social workers engagement with the social media,,2015,dissertation,,,,,Jasim Sarker,,,,,,Social environment; Social position; Sociology; Social work; Public engagement; Public relations; Social media; Social psychology; Social engagement,,,,,https://lauda.ulapland.fi/handle/10024/62313,https://lauda.ulapland.fi/handle/10024/62313,,,2278372428,,0,,0,false,,
179-014-686-425-600,Analysis of Museum Social Media Posts for Effective Social Media Management,2023-09-26,2023,book chapter,KAIST Research Series,22142541; 2214255x,Springer Nature Singapore,,Ji-Young Yun; Ji-Hyun Lee,,,,175,191,Upload; Social media; World Wide Web; Computer science; Advertising; Business,,,,,,http://dx.doi.org/10.1007/978-981-99-2314-4_11,,10.1007/978-981-99-2314-4_11,,,0,004-100-520-698-216; 015-808-856-453-477; 016-846-259-144-805; 018-324-983-863-039; 021-577-489-590-411; 024-872-007-500-825; 024-945-937-399-561; 041-819-753-547-549; 051-713-159-856-717; 053-139-545-155-774; 057-118-827-104-273; 060-425-089-644-005; 062-443-721-889-164; 085-264-008-227-991; 101-422-779-245-089; 131-407-045-602-166; 177-164-093-698-188,0,false,,
179-088-352-066-582,Social Media,2023-10-03,2023,other,A Companion to Contemporary Art in a Global Framework,,Wiley,,Derek Conrad Murray,,,,435,449,Conversation; Sociology; Ideology; Identity (music); Media studies; Aesthetics; Social media; The Internet; Visual culture; Politics; Psychology; Social science; Art; Political science; Communication; Anthropology; Computer science; Law; World Wide Web,,,,,https://onlinelibrary.wiley.com/doi/pdfdirect/10.1002/9781119841814.ch31 http://dx.doi.org/10.1002/9781119841814.ch31,http://dx.doi.org/10.1002/9781119841814.ch31,,10.1002/9781119841814.ch31,,,0,010-484-225-104-73X; 030-939-709-878-911; 034-142-497-138-889; 036-215-632-266-240; 084-903-640-306-396; 121-651-152-121-570; 143-104-176-280-280; 148-060-521-785-133; 153-050-381-932-999; 178-397-201-343-40X,0,true,,gold
179-168-002-337-637,Social media and social relationships,2016-02-29,2016,book chapter,Social Media in an English Village,,UCL Press,,,,,,92,121,Social media; Sociology; Computer science; World Wide Web,,,,,,http://dx.doi.org/10.2307/j.ctt1g69xs1.8,,10.2307/j.ctt1g69xs1.8,,,0,,1,true,cc-by-nc-nd,hybrid
179-334-826-108-344,From social media to social energy (ενέργεια) : the idea of the ‘social’ in “social media”,,2012,journal article,Global media journal,18352340,,,Hart Cohen,"My interest in this paper is to explore how the current extensive use of ‘social’ in its adjectival qualification of media, and transformation into a compound noun, has replaced a complex term and its preferred meanings. Within the current usages of “social media” such as with the popular platform Facebook, the ‘social’ collapses into a term of mediation and stands for the range of connecting instances in which media perform linkages across platforms and virtual places. In more recent journalistic contexts, the use of social media has been tied to the activation of political and grassroots movements: in the case of the so-called Arab Spring and the 2011 London Riots. Despite the clear differences in political motivation and organisational tactics, it is the use of social media that binds these events in the mainstream media account of them. I would argue then, that while the ease of formulation of messages within these platforms and applications constructs a wholly different and distorted idea of the social, the use of social media as a communalising tool is continuous with the intellectual traditions that made the ‘social’ a powerful concept for theorising and thinking about civilisational change.",6,1,,,Social entropy; Social relation; Sociology; Media system dependency theory; Social change; Media studies; Social media; Social philosophy; Social computing; Social psychology; Social order,,,,,http://www.hca.uws.edu.au/gmjau/archive/v6_2012_1/pdf/hart_cohen_RA_6_1_2012.pdf https://researchdirect.westernsydney.edu.au/islandora/object/uws:12950 https://researchdirect.westernsydney.edu.au/islandora/object/uws%3A12950/datastream/PDF/view,http://www.hca.uws.edu.au/gmjau/archive/v6_2012_1/pdf/hart_cohen_RA_6_1_2012.pdf,,,9402786,,0,005-079-826-680-011; 020-882-557-408-357,0,false,,
179-604-909-966-384,Social Media,2024-07-10,2024,other,The Blackwell Encyclopedia of Sociology,,Wiley,,Taylor Barrett,"<jats:p>This entry explores the ways in which social media influences social life, including its impact on individual identity, culture, the economy, and politics, and examines systematic methods for studying social media.</jats:p>",,,1,4,Social media; Computer science; World Wide Web,,,,,,http://dx.doi.org/10.1002/9781405165518.wbeos0843.pub2,,10.1002/9781405165518.wbeos0843.pub2,,,0,025-271-384-564-536; 037-774-166-958-30X; 056-013-809-784-765; 081-722-432-667-275; 182-585-752-811-014,0,false,,
179-609-442-077-323,Social Media,2016-10-23,2016,other,The International Encyclopedia of Communication Theory and Philosophy,,Wiley,,Hallvard Moe,"<jats:title>Abstract</jats:title>;           <jats:p>The term social media describes Internet‐based services that facilitate social networking as well as the creation and sharing of content among users. It is in no way a precise analytical term, but the phenomenon of social media grew during the first decade of the 21st century to become thoroughly integrated into various domains of public and private life. Academic definitions of the term have been somewhat pragmatic, as scholars have sought to make sense of the different ways in which the phenomenon affects media and communication structures, content, and uses. Research has covered a range of topics, including aspects of social media use in identity formation, and social media in political communication. The most concerted critique of social media as a phenomenon comes from critical political economy.</jats:p>",,,1,5,Phenomenon; Social media; Politics; Sociology; Media studies; The Internet; Public relations; Identity (music); Term (time); Media system dependency theory; Internet privacy; Media relations; Political science; Epistemology; Computer science; World Wide Web; Aesthetics; Law; Quantum mechanics; Philosophy; Physics,,,,,,http://dx.doi.org/10.1002/9781118766804.wbiect148,,10.1002/9781118766804.wbiect148,,,0,002-959-181-325-747; 006-675-160-632-95X; 014-233-244-749-962; 077-052-808-731-745; 164-233-751-793-174; 182-585-752-811-014,1,false,,
179-751-389-103-875,The Social Rules of Tourism Social Media,,2011,,,,,,Can-Seng Ooi; Ana Maria Munar,,,,,,Sociology; Tourism; Public relations; Social media,,,,,https://research.cbs.dk/en/publications/the-social-rules-of-tourism-social-media,https://research.cbs.dk/en/publications/the-social-rules-of-tourism-social-media,,,2915133609,,0,,0,false,,
180-042-965-470-176,Social Media,2021-05-27,2021,book chapter,Dictionary of Global Bioethics,,Springer International Publishing,,Henk ten Have; Maria do Céu Patrão Neves,,,,953,953,Social media; Internet privacy; Digital media; Computer science; Sociology; Advertising; World Wide Web; Business,,,,,,http://dx.doi.org/10.1007/978-3-030-54161-3_470,,10.1007/978-3-030-54161-3_470,,,0,,0,false,,
180-140-518-689-511,Social Media and Social Change,,2014,book chapter,Advances in Business Information Systems and Analytics,23273275; 23273283,IGI Global,,Lauri Goldkind; John G. McNutt,"<jats:p>Technological advances in communications tools, the Internet, and the advent of social media have changed the ways in which nonprofit organizations engage with their various constituents. Nonprofits now have a constellation of tools including: interactive social media sites, mobile applications (apps), Websites, and mash-ups that allow them to create a comprehensive system for mobilizing supports to advocate for changing public policies. From Facebook to Twitter and from YouTube to Pinterest, communicating to many via words and images has never been easier. The authors explore the history of nonprofit advocacy and organizing, describe the social media and technology tools available for moving advocacy goals forward, and conclude with some possible challenges that organizations considering these tools could face. </jats:p>",,,56,72,,,,,,,http://dx.doi.org/10.4018/978-1-4666-5974-2.ch004,,10.4018/978-1-4666-5974-2.ch004,,,0,003-907-444-664-25X; 011-854-399-312-637; 013-222-557-379-632; 015-885-658-844-070; 017-355-901-975-631; 023-908-499-276-959; 024-333-789-579-773; 025-529-418-280-941; 029-556-725-555-991; 035-004-714-066-879; 039-060-474-052-081; 044-720-803-880-69X; 062-023-595-341-948; 063-780-089-607-488; 075-425-759-877-444; 089-509-904-091-98X; 097-625-707-616-714; 107-239-095-426-244; 120-210-573-920-020; 151-297-123-875-524; 165-373-742-244-844,2,false,,
180-497-455-628-130,Swimming in the social media pool NTEU and social media,,2012,,,,,,Andrew Nette,"Whatever you may think about social media, its implications on your time management and the impact it has had on the use of the English language, there can be no denying platforms like Facebook and Twitter have the capacity to be powerful communication tools.",19,1,30,,World Wide Web; Publishing; Project commissioning; Time management; Political science; Media studies; English language; Social media,,,,,http://search.informit.com.au/documentSummary;dn=429647293476586;res=IELBUS;subject=Media,http://search.informit.com.au/documentSummary;dn=429647293476586;res=IELBUS;subject=Media,,,2247757287,,0,,0,false,,
180-589-722-357-813,Social Media,2022-11-01,2022,book chapter,Trafficking Data,,Oxford University PressNew York,,Aynne Kokas,"<jats:title>Abstract</jats:title>;                <jats:p>Despite their playful uses, social media platforms facilitate data trafficking from the United States to China. Using TikTok, Grindr, and WeChat as examples, this chapter examines how the pervasiveness of social platforms transforms them into critical infrastructure. Chinese firms can then traffic data through unclear notice and consent frameworks as well as opaque community standards. Even when government agencies force Chinese-owned social media firms to divest or change their ownership structure to meet US government demands, as was the case with Grindr and may be the case with TikTok, the companies still hemorrhage data. Chinese social media firms, by contrast, are not required to share their data with other national governments. The chapter argues that pervasive communication platforms generate strategically important data. Without careful transnational oversight, weak data protections can enable AI modeling and misinformation campaigns—or compromise whole communication systems.</jats:p>",,,94,116,Social media; Notice; Government (linguistics); Misinformation; Compromise; Business; Divestment; China; Public relations; Internet privacy; Political science; Computer science; Finance; Law; Philosophy; Linguistics,,,,,,http://dx.doi.org/10.1093/oso/9780197620502.003.0005,,10.1093/oso/9780197620502.003.0005,,,0,011-159-633-763-141; 012-023-516-506-617; 075-482-583-343-211; 084-137-201-248-171; 103-806-409-999-890; 125-654-748-417-064,0,false,,
181-391-080-565-137,Social Media,2014-10-05,2014,book chapter,Encyclopedia of Social Network Analysis and Mining,,Springer New York,,Reda Alhajj; Jon Rokne,,,,1819,1819,Social media; Sociology; Computer science; World Wide Web,,,,,,http://dx.doi.org/10.1007/978-1-4614-6170-8_100845,,10.1007/978-1-4614-6170-8_100845,,,0,,0,false,,
181-560-075-508-247,Introduction to Social Media Marketing - Introduction to Social Media Marketing,,2017,book,,,Apress,,Todd Kelsey,,,,,,Advertising; Business; Marketing science; Marketing; Influencer marketing; Social media marketing; Media management; Integrated marketing communications; Digital marketing,,,,,https://link.springer.com/10.1007/978-1-4842-2854-8,http://dx.doi.org/10.1007/978-1-4842-2854-8,,10.1007/978-1-4842-2854-8,2684038736,,0,,7,false,,
181-720-350-272-137,Social Media as Social Infrastructures,2022-01-05,2022,book chapter,The Social Media Debate,,Routledge,,Sarah Myers West,"Whether or not they’ve embraced this role, social media companies have long played an important role in shaping international politics. This chapter examines the political economy of social media companies by situating them as geopolitical actors. Drawing on several case studies, and emphasizing examples from outside of the US and EU, it provides an overview of several distinct issues posed by social media in different parts of the world. It concludes with a critical examination of the notion of social media companies as ‘social infrastructure’ - and how we can build beyond critique toward collective action to improve their accountability.",,,5,19,Social media; Business; Computer science; World Wide Web,,,,,,http://dx.doi.org/10.4324/9781003171270-2,,10.4324/9781003171270-2,,,0,,2,false,,
181-977-428-117-924,Social media as experiments in sociality,2018-07-25,2018,book chapter,,,,,Noortje Marres; Carolin Gerlitz,,,,,,Sociology; Sociality; Communication; Social media,,,,,http://wrap.warwick.ac.uk/103450/,http://wrap.warwick.ac.uk/103450/,,,2928508711,,0,,2,false,,
182-064-374-437-243,Social Media Social media is a necessary component of surgery practice,,2015,,,,,,Scott R. Steele; Ruth L. Bush; Serena Dasani; Kyle G. Cologne; Joshua I. S. Bleier; Tal Raphaeli; Rachel R. Kelz,"Social media is a necessary component of the practice of surgery. Each surgeon must embrace the power and potential of social media and serve as a guide or content expert for patients and other health care providers to facilitate and share responsible use of the various media available. Social media facilitates rapid communication of information not only across providers but also between patients and providers. The power of social media has the potential to improve consultation and collaboration, facilitate patient education, and expand research efforts; moreover, by harnessing its potential, the appropriate use of many of the avenues of social media also can be used to disseminate campaigns to increase disease awareness and communicate new research findings and best-practice guidelines. Because its reach is so broad within as well as outside the censorship of medical experts, professional oversight and engagement is required to maximize responsible use. Staying consistent with our history of surgery, rich in innovation and technologic advancement, surgeons must get to the front of this evolving field and direct the path of social media as it applies to the practice of surgery rather than take a passive role. (Surgery 2015;158:857-62.)",,,,,Dissemination; Surgery; Business; Health care; Power (social and political); Patient education; Disease; Field (Bourdieu); Social media; Censorship,,,,,,,,,2775752109,,0,011-549-506-610-859; 025-982-410-510-971; 026-281-202-937-596; 027-609-023-157-108; 027-966-925-325-153; 028-769-411-523-797; 050-551-791-664-051; 052-327-720-896-142; 063-383-457-997-055; 071-256-618-217-848; 092-707-583-183-466; 096-325-168-285-619; 124-935-679-723-950,0,false,,
182-699-185-251-924,Researching Social Media as if the Social Mattered,2015-07-01,2015,journal article,Social Media + Society,20563051,SAGE Publications,,Nick Couldry; José van Dijck,The institutions we have come to call “media” have been involved for over a century in providing an infrastructure for social life and have invested in a quite particular and privileged way of re-p...,1,2,2056305115604174,,Social entropy; Social technology; Sociology; Social change; Media studies; Social science; Social media; Social philosophy; Social transformation; Social network; Social order,personal data; social construction; the social; value,,,,https://core.ac.uk/display/35435724 https://dare.uva.nl/record/1/511273 https://doaj.org/article/2ed0e04b11004633b98055403f100b9c http://eprints.lse.ac.uk/62426/ https://www.mendeley.com/catalogue/7934687b-3c7e-3c8a-873e-6c4a2836bf9a/ https://cyberleninka.org/article/n/610599 https://pure.uva.nl/ws/files/2669520/171494_2056305115604174.full.pdf https://journals.sagepub.com/doi/pdf/10.1177/2056305115604174 https://www.narcis.nl/publication/RecordID/oai%3Adare.uva.nl%3Apublications%2F8ed55a4b-1ea7-4e20-84b6-871a2547989f http://sms.sagepub.com/content/1/2/2056305115604174.full http://journals.sagepub.com/doi/10.1177/2056305115604174 https://journals.sagepub.com/doi/full/10.1177/2056305115604174 https://core.ac.uk/download/35435724.pdf,http://dx.doi.org/10.1177/2056305115604174,,10.1177/2056305115604174,2133630487,,0,002-959-181-325-747; 004-367-418-984-702; 005-531-967-855-290; 007-562-452-184-146; 020-021-314-756-037; 023-329-057-242-368; 032-657-344-292-463; 033-867-872-018-03X; 042-455-371-986-61X; 044-536-362-052-353; 050-720-943-042-556; 064-914-386-311-322; 072-211-832-374-77X; 073-582-609-444-252; 078-638-623-710-053; 099-918-632-141-057; 111-874-333-679-800; 118-422-302-101-165; 122-872-065-590-93X; 131-327-886-456-888; 137-173-832-790-599; 140-977-764-872-470; 144-417-397-721-426; 150-216-523-291-508; 163-119-679-619-802; 170-713-689-484-265; 181-733-064-968-574; 182-585-752-811-014; 187-730-938-245-495; 188-831-073-299-425; 190-892-644-765-903; 191-131-217-903-080; 194-826-486-441-312; 195-479-079-021-68X; 197-807-928-280-487,75,true,"CC BY, CC BY-NC",gold
183-150-290-268-718,Social Media Storms - Understanding preconditions of social media storms,2021-08-25,2021,book chapter,Social Media Storms,,Routledge,,Pernille Rydén; Muhammad Ismail Hossain; Efthymia Kottika; Vatroslav Škare,,,,18,41,Storm; Public relations; Social media; History,,,,,http://dx.doi.org/10.4324/9780367853297-2-2,http://dx.doi.org/10.4324/9780367853297-2-2,,10.4324/9780367853297-2-2,3176006704,,0,,0,false,,
183-263-937-363-398,"Social Media, Sociality, and Survey Research",2013-09-30,2013,other,"Social Media, Sociality, and Survey Research",,Wiley,,Joe Murphy; Craig A. Hill; Elizabeth Dean,,,,1,33,,,,,,,http://dx.doi.org/10.1002/9781118751534.ch1,,10.1002/9781118751534.ch1,,,0,001-951-490-969-80X; 002-388-755-855-143; 003-907-444-664-25X; 005-359-069-913-40X; 006-526-828-073-395; 008-614-330-256-947; 012-166-176-597-134; 013-739-975-544-663; 013-905-127-310-224; 014-578-805-664-269; 022-695-368-457-175; 025-054-778-872-944; 025-681-583-337-725; 026-638-390-961-620; 026-991-233-963-849; 028-317-581-588-561; 029-146-382-619-09X; 032-076-713-459-56X; 032-633-471-673-414; 034-610-642-794-888; 035-578-306-266-567; 038-914-528-451-863; 041-240-161-546-865; 042-774-887-807-019; 043-672-010-922-124; 058-908-476-132-24X; 060-645-223-997-157; 063-220-776-108-87X; 070-748-634-220-216; 076-332-961-585-270; 079-387-498-214-933; 084-872-408-556-754; 088-468-023-330-43X; 089-186-329-877-770; 099-976-101-564-793; 101-375-865-591-894; 103-769-029-355-735; 106-545-147-531-505; 106-810-930-415-279; 107-014-079-534-651; 118-579-235-414-334; 122-147-900-444-759; 123-562-347-550-226; 138-645-745-964-115; 154-347-956-753-822; 164-233-751-793-174; 164-921-377-129-554; 189-404-871-071-249; 196-770-455-330-276,16,false,,
183-267-054-848-189,Social Media,,2023,book chapter,Marketing Communications,,SAGE Publications Ltd,,,,,,,,Social media; Sociology; Media studies; Public relations; Internet privacy; The Internet; Political science; Advertising; Computer science; Key (lock); Context (archaeology),,,,,,http://dx.doi.org/10.4135/9781036233747.n11,,10.4135/9781036233747.n11,,,0,,0,false,,
183-294-725-385-052,Social Media,2021-10-21,2021,book chapter,Eltern-Guide Social Media,,Springer Berlin Heidelberg,,Kathrin Habermann,,,,65,97,Humanities; Sociology; Psychology; Art,,,,,,http://dx.doi.org/10.1007/978-3-662-63532-2_3,,10.1007/978-3-662-63532-2_3,,,0,002-092-223-397-281; 008-503-223-330-679; 025-271-384-564-536; 104-263-716-759-940,4,false,,
183-510-407-713-907,LibGuides: Mass Media: Social Media,2011-02-24,2011,libguide,,,,,Heather Morgan,,,,,,Sociology; Media studies; Social media; Mass media,,,,,https://libguides.spokanefalls.edu/c.php?g=288738&p=1925123,https://libguides.spokanefalls.edu/c.php?g=288738&p=1925123,,,2608369042,,0,,0,false,,
183-519-553-130-081,LibGuides: Copy of Social media for research: Social media in teaching,2016-03-04,2016,libguide,,,,,Carol L. Bowers,,,,,,Sociology; Media studies; Social media,,,,,https://allenuniversity.libguides.com/c.php?g=464196&p=3173240,https://allenuniversity.libguides.com/c.php?g=464196&p=3173240,,,2955400497,,0,,0,false,,
183-645-373-696-384,Social media,2019-02-14,2019,book,,,,,Faustine Tarimo,,,,,,Sociology; Media studies; Social media,,,,,https://www.amazon.com/Social-media-Faustine-Tarimo/dp/3330014474,https://www.amazon.com/Social-media-Faustine-Tarimo/dp/3330014474,,,3158099950,,0,,0,false,,
184-275-972-035-546,Media Relations in the Social Media Age,2025-07-07,2025,book chapter,The Public Relations Handbook,,Routledge,,Philip Young,"This chapter examines one of the most visible manifestations of public relations activity. It looks at some of the cultural conventions of journalism and their implications for organisational communication, setting this in the context of a rapidly evolving media landscape.",,,157,166,Social media; Sociology; Psychology; Political science; Law,,,,,,http://dx.doi.org/10.4324/9781003517375-15,,10.4324/9781003517375-15,,,0,,1,false,,
184-470-851-054-998,Social Media,2015-11-06,2015,book,,,,,David Clark,,,,,,Sociology; Media studies; Social media,,,,,https://www.amazon.com/Social-Media-Bible-Really-About/dp/1846254507,https://www.amazon.com/Social-Media-Bible-Really-About/dp/1846254507,,,3109620259,,0,,0,false,,
184-482-901-133-204,Social student media: a syllabus of social media for student media,,2013,,,,,,Alyssa Lofgren Curran,,,,,,Journalism; Digital media; Political science; Community college; Public relations; Syllabus; Citizen media; Social media; Social media optimization; New media,,,,,https://scholarworks.calstate.edu/concern/theses/bc386m89p?locale=en,https://scholarworks.calstate.edu/concern/theses/bc386m89p?locale=en,,,592745113,,0,,0,false,,
184-596-446-527-521,Understanding the 'Social' in Social Media,,2021,book chapter,The Social Media Age,,SAGE Publications Ltd,,,,,,,,,,,,,,http://dx.doi.org/10.4135/9781036233860.n4,,10.4135/9781036233860.n4,,,0,,0,false,,
185-181-106-138-759,Social media of social mania,,2016,dissertation,,,,,P.K. Haveman,,,,,,Developmental psychology; Psychology; Mania; Social media; Social psychology,,,,,https://dspace.library.uu.nl/handle/1874/336110,https://dspace.library.uu.nl/handle/1874/336110,,,2519472836,,0,,0,false,,
185-472-613-832-219,Social Media in Social Movements,,2017,,,,,,Amanda Buday,,,,,,Social movement; Sociology; Media studies; Social media,,,,,https://scholars.fhsu.edu/times_talk_archive/5/,https://scholars.fhsu.edu/times_talk_archive/5/,,,2979929225,,0,,0,false,,
185-577-603-651-845,Social media,2015-06-28,2015,book,,,,,Michelle Thomas,,,,,,Sociology; Media studies; Social media,,,,,https://www.amazon.com/Social-media-Michelle-Thomas-ebook/dp/B010MGCWIO,https://www.amazon.com/Social-media-Michelle-Thomas-ebook/dp/B010MGCWIO,,,3157399197,,0,,0,false,,
185-688-237-469-876,The Effect of Social Media in Social Interaction,2019-03-04,2019,journal article,Journal of Education,00220574,,,David Zhar,,1,1,1,10,Social relation; Sociology; Social media; Social psychology,,,,,https://demo.openjournaltheme.com/index.php/joe/article/view/9,https://demo.openjournaltheme.com/index.php/joe/article/view/9,,,2938111815,,0,,0,false,,
185-710-703-249-263,Social Media,2020-11-03,2020,book chapter,Unassailable Ideas,,Oxford University PressNew York,,Ilana Redstone,"<jats:title>Abstract</jats:title>;                <jats:p>Social media have transformed the way we think and interact with others. Inhibitions are often far lower online than offline, leading to a greater tendency toward incivility. One of the most visible changes to public discourse in the social media age has been the rise of call-out culture, a term used to describe the use of social media to build a wave of public indignation regarding behavior deemed transgressive. Social media can act both directly (e.g., through call-out campaigns) and indirectly (through behavior modification aimed at avoiding social media opprobrium) to shape what happens on campus. While the social media–induced incentives for behavior modification apply generally, they operate particularly powerfully in academia because academic administrators, teachers, and researchers are by definition in the public eye. And, academic researchers are particularly exposed to the vicissitudes of social media not only because they are visible, but because the advancement of knowledge by its very nature requires making assertions that are new and that may be risky.</jats:p>",,,28,46,Social media; Sociology; Psychology; Computer science; World Wide Web,,,,,,http://dx.doi.org/10.1093/oso/9780190078065.003.0004,,10.1093/oso/9780190078065.003.0004,,,0,136-042-372-335-942,1,false,,
185-792-846-643-075,SOCIAL MEDIA AS A NEW FORM OF MEDIA,2020-04-23,2020,journal article,Gênero & Direito,21797137; 21770409,Universidade Federal da Paraíba,,Vugar Rahimzadeh Ganjali,"<jats:p>The use of electronic media and social networks, whose evolving roles are felt in the context of political issues and military crises, has largely supplanted traditional media in recent years. Today, people through their computers with having access to the internet can physically influence other people. However, these people may also be very sensitive to the external influences themselves.Today, just about anyone with a social media account and an access to an incredibly large audience has the capacity to become a journalist, which might lead to the creation of a whole new form of media.In today's world, traditional means of news dissemination are undergoing displacement. Internet resources are largely exceeding even the circulation of the world's leading newspapers by the number of their users, also becoming an arena for information conflicts. </jats:p>",9,3,,,,,,,,,http://dx.doi.org/10.22478/ufpb.2179-7137.2020v9n03.51935,,10.22478/ufpb.2179-7137.2020v9n03.51935,,,0,,0,false,,
186-059-361-729-625,Social media The influence of social media on marketing,,2012,,,,,,Thomas Osinga,,,,,,Advertising; Business; Social media; Media relations,,,,,http://edepot.wur.nl/218497 https://edepot.wur.nl/218497,https://edepot.wur.nl/218497,,,2185833803,,0,005-292-370-759-68X; 005-590-991-432-327; 011-854-399-312-637; 020-749-054-636-988; 021-592-428-534-032; 022-386-970-922-245; 043-848-702-610-312; 047-432-934-587-71X; 053-133-165-546-637; 086-632-666-767-159; 108-780-405-368-492; 117-749-666-787-207; 124-440-274-080-315; 145-072-195-764-618; 164-233-751-793-174,0,false,,
186-256-739-007-986,"Session details: Social media: Mobility, services and social media",2011-09-28,2011,conference proceedings article,Proceedings of the 15th International Academic MindTrek Conference: Envisioning Future Media Environments,,ACM,,Jari Jussila,,,,,,,,,,,,http://dx.doi.org/10.1145/3250567,,10.1145/3250567,,,0,,0,false,,
186-597-344-863-767,7. Social Media-Projekte: Arbeit und Social Media,,2022,book chapter,IT- und Datenschutz-Compliance für Unternehmen,,Richard Boorberg Verlag GmbH & Co KG,,Thomas A. Degen; Jochen Deister,,,,247,264,Political science,,,,,,http://dx.doi.org/10.5771/9783415071216-247,,10.5771/9783415071216-247,,,0,,0,false,,
186-610-338-865-153,Research/Subject Guides: Social Media: Social media for Researchers and Academics,2018-08-15,2018,,,,,,Michael Doheny,,,,,,Sociology; Subject (philosophy); Media studies; Social media,,,,,,,,,2951107555,,0,,0,false,,
186-753-634-104-074,"LibGuides. Social Media for Social Good, Media 21. Home.",2009-08-30,2009,,,,,,Anne Thiers,,,,,,Sociology; Media studies; Social media,,,,,,,,,2280880717,,0,,0,false,,
186-860-438-134-157,Social Media,,2014,book,,,Springer Fachmedien Wiesbaden,,Claudia Wyrwoll,,,,,,Social media; Sociology; Computer science; World Wide Web,,,,,,http://dx.doi.org/10.1007/978-3-658-06984-1,,10.1007/978-3-658-06984-1,,,0,,22,false,,
186-971-304-731-409,"Social Media, Interfacing Brands in Relation to the Social Media Ecosystem",,2021,book chapter,Research Anthology on Strategies for Using Social Media as a Service and Tool in Business,,IGI Global,,Ze Zook; Ben Salmon,"<jats:p>Much of the existing research in social media has been directed at examining the consequences of the interactive nature of the evolving medium and communication issues, with little to say about the impact of this medium on brands. Drawing on Fiske's relational model, this current chapter examines the interface between social media and brands, particularly on the breadth and the dimensions of the level of engagement. Social networks, such as Facebook and Twitter, are revolutionising the way companies market their products. New means of interaction and dialogue are used in part because of the inherent structure and features of these social media platforms. The chapter concludes by discussing the implications of the analysis for understanding of new terminology in the evolving marketing environment. </jats:p>",,,1271,1301,Interfacing; Social media; Terminology; Relation (database); Sociology; Business; Advertising; Computer science; World Wide Web; Database; Computer hardware; Linguistics; Philosophy,,,,,,http://dx.doi.org/10.4018/978-1-7998-9020-1.ch063,,10.4018/978-1-7998-9020-1.ch063,,,0,001-548-993-118-505; 005-628-669-515-774; 005-905-241-418-642; 007-443-775-795-273; 007-553-870-357-738; 008-267-969-991-009; 011-440-664-122-077; 011-854-399-312-637; 011-873-274-256-989; 018-604-040-079-093; 018-986-760-713-01X; 025-714-376-034-80X; 028-317-581-588-561; 036-231-434-293-010; 044-614-714-276-387; 045-915-695-569-808; 046-841-674-135-16X; 053-133-165-546-637; 056-180-425-832-375; 056-417-137-486-239; 065-384-721-135-671; 066-421-848-623-679; 066-810-642-558-903; 068-553-268-934-785; 069-364-374-389-50X; 072-372-122-494-678; 078-188-303-110-256; 080-142-224-521-995; 083-904-705-530-945; 084-994-760-072-228; 085-670-441-951-001; 095-247-309-600-014; 105-491-028-547-195; 107-869-572-964-552; 109-329-042-060-498; 113-544-364-174-558; 116-747-436-667-431; 129-950-789-945-99X; 130-726-745-557-054; 132-357-838-734-437; 134-115-618-621-757; 160-295-962-959-531,0,false,,
187-373-792-790-139,LibGuides: Jackson/Social Media/Social Media History: Websites,2018-10-30,2018,libguide,,,,,Jill Hanson,,,,,,Sociology; Media studies; Social media,,,,,http://woodward.libguides.com/socialmedia/websites,http://woodward.libguides.com/socialmedia/websites,,,2944248682,,0,,0,false,,
187-577-530-558-772,Social media,2023-11-03,2023,book chapter,Smashing Glass Ceilings: Empowering Women in Education,,Routledge,,Kate Jones,,,,97,110,Social media; Sociology; Computer science; World Wide Web,,,,,,http://dx.doi.org/10.4324/9781003380528-8,,10.4324/9781003380528-8,,,0,,0,false,,
187-809-377-769-054,Social Media,2021-12-31,2021,journal article,Journal of Arabic and Islamic Studies,0806198x,University of Oslo Library,,Albrecht Hofheinz,<jats:p>An array of Egyptian and Tunisian lifeworlds in 2016</jats:p>,21,,,,Social media; Sociology; Epistemology; Political science; Philosophy; Law,,,,,https://journals.uio.no/JAIS/article/download/9526/8079 https://doi.org/10.5617/jais.9526,http://dx.doi.org/10.5617/jais.9526,,10.5617/jais.9526,,,0,,0,true,cc-by,gold
187-971-142-211-684,Social Media,2015-03-24,2015,other,The Wiley Blackwell Encyclopedia of Consumption and Consumer Studies,,Wiley,,Andreas M. Kaplan,"<jats:title>Abstract</jats:title>;           <jats:p>;             Social media are a group of mobile and web applications which enable the creation and exchange of user‐generated content. In the following entry, the term;             <jats:italic>social media</jats:italic>;             is defined and differentiated from similar terms often incorrectly used as synonyms. A classification scheme for social media is presented by classifying them into six different groups: collaborative projects, blogs and microblogs, content communities, social networking sites, virtual games (;             <jats:styled-content style=""fixed-case"">MMORPGs</jats:styled-content>;             ), and social worlds. Furthermore, in the overview of the history of social media provided, it explains that their recent rise is nothing else than the internet going back to its roots. Finally, a particular focus is put on mobile social media, that is, social media running on mobile devices (smartphones, tablets), offering the possibility of location and time‐sensitive services.;           </jats:p>",,,1,5,Social media; Microblogging; World Wide Web; Computer science; Focus (optics); Social media optimization; Internet privacy; The Internet; Multimedia; Optics; Physics,,,,,,http://dx.doi.org/10.1002/9781118989463.wbeccs214,,10.1002/9781118989463.wbeccs214,,,0,011-854-399-312-637; 022-526-321-071-77X; 023-274-238-167-517; 036-032-621-688-585; 037-774-166-958-30X; 048-043-855-832-374; 048-080-116-934-783; 067-440-967-748-204; 067-456-294-675-552; 084-185-278-487-804; 134-115-618-621-757,3,false,,
188-930-093-216-360,Social Media Processing - Social Media Processing,,2017,book,Communications in Computer and Information Science,18650929; 18650937,Springer Singapore,Germany,Xueqi Cheng; Weiying Ma; Huan Liu; Huawei Shen; Shizheng Feng; Xing Xie,,,,,,Media studies; Computer science; Social media,,,,,https://link.springer.com/10.1007/978-981-10-6805-8,http://dx.doi.org/10.1007/978-981-10-6805-8,,10.1007/978-981-10-6805-8,3141794196,,0,,2,false,,
188-934-902-852-104,Social Media and Social Movements,2022-02-23,2022,journal article,Protest,26673711; 2667372x,Walter de Gruyter GmbH,,Lee Artz,"<jats:title>Abstract</jats:title>; <jats:p>This contribution assesses the function and use of corporate-run social media, including its efficacy for organizing social movements. An extended critique of Black Lives Matter considers the impact of its social media activities on mitigating racial inequality. Drawing from successful social movements, participatory democracy, mass physical protest, and independence from established political institutions appear as necessary ingredients for constructing social media strategies for social change.</jats:p>",1,2,248,271,Social movement; Sociology; Social media; Social change; New social movements; Citizen journalism; Social inequality; Social engagement; Politics; Political science; Political economy; Public relations; Social science; Inequality; Law; Mathematics; Mathematical analysis,,,,,,http://dx.doi.org/10.1163/2667372x-01030003,,10.1163/2667372x-01030003,,,0,,1,false,,
189-168-018-750-955,Social Media Research Network: Social Media Toolkit,2021-11-09,2021,preprint,,,Center for Open Science,,Akash Shroff; Chantelle A Roulston; Marian Ruiz; Sharon Chen,"<p>The Social Media Research Network was co-founded by Chantelle Roulston and Akash Shroff in August 2021 with the support of Dr. Jessica Schleider and the Lab for Scalable Mental Health (LSMH). Since 2018, LSMH has been recruiting adolescents and parents using social media—primarily Facebook and Instagram. As of September 2021, our social media presence has reached 1.4 million people across the world. More than 35,000 individuals have interacted with our posts and messages and more than 6,000 youth, young adults, and parents have completed our single-session interventions. We wanted to share our current success and improve our processes by forming a collaboration of psychology/adolescent development research labs.The SMRN Social Media Toolkit is designed to consolidate social media experiences and suggestions from various labs into a useful document for others to use. This is by no means an exhaustive list of social media platforms and suggestions. We have limited the toolkit to include the use of Facebook and Instagram, owned and trademarked by Meta Platforms, Inc.. Instagram and Facebook encompass a very large audience (diverse in age, location, and race/ethnicity). The platforms have a lot of overlap and have been successful in research efforts for the authors. This toolkit outlines broad concepts of branding, post design, and post management. It also provides details, suggestions, and tips on how to create an account, gain a following, increase engagement, and more on both Facebook and Instagram. . Lastly, it details the process of using paid Facebook and Instagram advertisements for research purposes (i.e., recruiting participants).The ultimate goal of SMRN is to increase collaboration across research groups so  that we can leverage the entire network’s social media presence to improve recruitment, science communication, and outreach efforts for all research groups involved. We hope this document will serve as a preliminary guide for the research groups within the network.</p>",,,,,Social media; Session (web analytics); Psychological intervention; Social network (sociolinguistics); Psychology; Public relations; Sociology; Internet privacy; World Wide Web; Computer science; Political science; Psychiatry,,,,,https://psyarxiv.com/wr74t/download https://doi.org/10.31234/osf.io/wr74t,http://dx.doi.org/10.31234/osf.io/wr74t,,10.31234/osf.io/wr74t,,,0,,0,true,cc-by,gold
189-542-226-542-98X,Social media,2023-09-28,2023,book chapter,The Media and Communications in Australia,,Routledge,,Tama Leaver,"Almost every Australian over the age of 13 is a social media user. Social and digital media has become part of the everyday landscape of social lives, politics, education and entertainment. Yet Australia’s relationship with the big platforms has become strained in the wake of the Cambridge Analytica scandal in which Facebook showed a lack of care for users’ personal data or the Australian News Media Bargaining Code debates which saw Facebook block news for all Australian users. Following the renewed global interest in government regulation of the major platforms, Australia’s relationships with social media is evolving in more complex directions.",,,231,240,Social media; Sociology; Computer science; World Wide Web,,,,,,http://dx.doi.org/10.4324/9781003280644-20,,10.4324/9781003280644-20,,,0,,1,true,,green
189-729-189-058-741,Social Media,2016-11-07,2016,book chapter,Culture and Human Rights: The Wroclaw Commentaries,,De Gruyter,,Umit Ozturk,,,,269,270,Social media; Sociology; Geology; Computer science; World Wide Web,,,,,https://core.ac.uk/download/60844315.pdf,http://dx.doi.org/10.1515/9783110432251-124,,10.1515/9783110432251-124,,,0,,0,false,,
189-981-563-697-83X,Social Media,,2022,book,,,Rowman & Littlefield,,Regina Luttrell,"<JATS1:p>Updated to reflect the latest technological innovations and challenges, the fourth edition of Social Media: How to Engage, Share, and Connect helps students understand and successfully use todays social media tools as PR professionals and personal users.</JATS1:p>;                   <JATS1:p>Regina (Gina) Luttrell presents a thorough history of social media and pioneers of the field within chapters on specific subjects such as content-sharing, crisis communication, ethics, sticky social media, and strategic campaigns. This book will become your go-to reference guide for all things social media-related as it applies to public relations and the everyday duties of PR professionals.</JATS1:p>;                   <JATS1:p>Features of the fourth edition include:</JATS1:p>;                   <JATS1:p>Chapter objectives and learning outcomesSocial Media Expert profilesTheory into Practice boxes#LRNSMPR (Learn Social Media and Public Relations) boxesComprehensive glossary of termsCoverage of additional social media channels (including Clubhouse and TikTok) and visual content in the social sphereNew appendix with social media guidelines template</JATS1:p>",,,,,,,,,,,http://dx.doi.org/10.5040/9798881830854,,10.5040/9798881830854,,,0,,0,false,,
190-128-305-115-953,The Media and Modernity: A Social Theory of the Media,,1997,journal article,The British Journal of Sociology,00071315; 14684446,JSTOR,United Kingdom,Sonia Livingstone; John Thompson,,48,1,164,164,Modernity; Social media; Media theory; Sociology; Media studies; Epistemology; Computer science; Philosophy; World Wide Web,,,,,,http://dx.doi.org/10.2307/591933,,10.2307/591933,,,0,,3,false,,
190-153-827-548-857,Social Media and Social Media Marketing,2023-03-25,2023,journal article,Zenodo (CERN European Organization for Nuclear Research),,,,Akash Jugal; Prashant G. Tandale,"Social media and social media marketing are sometimes used interchangeably, but two indeed are different. The purpose of this research paper is to revisit the literature on both concepts and correlates them in technical terminologies. We have studied the literature available on Social media first and identified the basic functionalities of it. Then the literature available on social media marketing helped us in identifying its dimensions. In conclusion section of the research paper we have correlated the two concepts and redefined social media marketing in technical terms.",,,,,Social media; Social media marketing; Social marketing; Social media optimization; Advertising; Sociology; Business; Marketing; Digital marketing; Computer science; World Wide Web,,,,,https://zenodo.org/record/7769690,http://dx.doi.org/10.5281/zenodo.7769690,,10.5281/zenodo.7769690,,,0,,0,true,cc-by,green
190-254-984-791-482,Session details: Social media: Social media serving the society,2011-09-28,2011,,,,,,Hannu kärkkäinen,,,,,,Psychology; Session (computer science); Media studies; Social media,,,,,https://dl.acm.org/doi/10.1145/3250565,https://dl.acm.org/doi/10.1145/3250565,,,3138983114,,0,,0,false,,
190-353-485-412-496,Social Media,2014-10-30,2014,book chapter,Convergent Journalism: An Introduction,,Routledge,,Sara Steffes Hansen;  Professor,"You likely use social media in your personal life, and perhaps even in professional settings like an internship or job. You are probably among the 73 percent of online adults using Facebook (among more than 1 billion global users) or 43 percent using multiple social sites, according to the Pew Research Center’s Internet Project. Platforms such as LinkedIn, Twitter, Instagram and Pinterest may also draw your attention through a mobile device. eMarketer describes mobile trends as making users “always on, always social” through smartphones and tablets. We are used to people making mobile status updates or uploading photos while walking to class, hanging out at the gym or celebrating with friends.",,,181,202,Social media; Sociology; Computer science; World Wide Web,,,,,,http://dx.doi.org/10.4324/9781315773490-16,,10.4324/9781315773490-16,,,0,,0,false,,
190-432-941-504-470,Social media.,2024-07-01,2024,editorial,Health care for women international,10964665; 07399332,Informa UK Limited,United Kingdom,Eleanor Krassen Covan,,45,8,841,842,Social media; Psychology; Medicine; Computer science; World Wide Web,,,,,,http://dx.doi.org/10.1080/07399332.2024.2357982,38949956,10.1080/07399332.2024.2357982,,,0,,0,false,,
190-599-036-813-622,Social Media,2019-01-22,2019,book chapter,99 Variations on a Proof,,Princeton University Press,,,,,,83,84,Social media; Sociology; Computer science; World Wide Web,,,,,,http://dx.doi.org/10.2307/j.ctvc77m52.40,,10.2307/j.ctvc77m52.40,,,0,,0,false,,
190-858-221-629-783,Study Guides: Digital & Social Media: Referencing for Digital & Social Media,2020-10-19,2020,libguide,,,,,Bec Dale,This guide will help DSM students find and evaluate key resources needed to successfully complete their assessments,,,,,World Wide Web; Key (cryptography); Computer science; Social media,,,,,https://studyguides.lib.uts.edu.au/dsm/referencing,https://studyguides.lib.uts.edu.au/dsm/referencing,,,3127544909,,0,,0,false,,
191-247-414-393-90X,LibGuides: Jackson/Social Media/Social Media History: Assignment,2018-10-30,2018,libguide,,,,,Ann Haber,,,,,,Sociology; Media studies; Social media,,,,,https://woodward.libguides.com/socialmedia,https://woodward.libguides.com/socialmedia,,,2904669252,,0,,0,false,,
191-358-637-808-131,Impact of media and social media on sports,2016-10-01,2016,journal article,International journal of applied research,,,,null Suman,,2,10,722,724,The Internet; Advertising; Sociology; Citizen media; Social media; Media relations; New media,,,,,,,,,2603206488,,0,,0,false,,
191-909-899-932-747,Social Intelligence and  Social Media,2023-11-20,2023,journal article,"Shanlax International Journal of Arts, Science and Humanities",25820397; 2321788x,Shanlax International Journals,,B. Annapoorani,"<jats:p>This paper explores the dynamic interplay between social intelligence and social media in the contemporary digital landscape. Social intelligence, defined as the ability to understand, navigate, and succeed in social situations, is significantly influenced by the pervasive presence of social media platforms. The essay delves into how social media shapes and is shaped by social intelligence, highlighting the reciprocal relationship between the two. It discusses the positive impact of social media in enhancing social intelligence through exposure to diverse perspectives, fostering communication skills and building cultural awareness. However, it also addresses the ethical considerations associated with leveraging social intelligence for influence through social media. The abstract emphasizes the need for responsible and transparent use of social intelligence in the digital realm, recognizing the transformative potential of this relationship on individual and collective social dynamics.</jats:p>",11,S1-Nov,72,76,Social media; Sociology; Psychology; Computer science; World Wide Web,,,,,https://shanlaxjournals.in/journals/index.php/sijash/article/download/6858/6520 http://dx.doi.org/10.34293/sijash.v11is1-nov.6858,http://dx.doi.org/10.34293/sijash.v11is1-nov.6858,,10.34293/sijash.v11is1-nov.6858,,,0,,0,true,cc-by-sa,gold
191-938-716-526-07X,Social Media,2024-05-28,2024,book chapter,Making an Impact Outside of the Classroom,,Routledge,,Starr Sackstein,,,,200,212,Social media; Sociology; Computer science; World Wide Web,,,,,,http://dx.doi.org/10.4324/9781003450702-10,,10.4324/9781003450702-10,,,0,,0,false,,
191-999-018-717-302,Social Media,2023-08-23,2023,reference entry,Oxford Research Encyclopedia of Anthropology,,Oxford University Press,,Kendra Calhoun,"<p>Foundational linguistic anthropological theories of community, identity, and multimodality, among other topics, offer invaluable insights into communicative practices on social media. Phenomena on social media also require researchers to continually adapt and update these theories—which were first conceptualized before social media became integral to everyday life—to account for the unique communicative possibilities afforded by constantly evolving digital technology. Like anthropological studies in in-person contexts, anthropological studies of language and culture online vary in scope, theoretical framing, and methodological approach depending on their central topics of inquiry. Social media can be studied within a primarily in-person ethnographic project as one of many sites of communication for members of a community in addition to (or overlapping with) contexts such as work, school, and the home. Social media can also be studied as primary sites of analysis through digital ethnographic approaches, typically focused on the communication patterns within a network or community of social media users on a single platform. Linguistic anthropological perspectives on social media are necessarily interdisciplinary, informed by scholarship in related fields including sociolinguistics, cultural anthropology, communication studies, and media studies. To this interdisciplinary understanding linguistic anthropology contributes a unique perspective attuned to the details of linguistic structure and the ways language and culture are mutually constitutive.</p>",,,,,Sociology; Ethnography; Sociolinguistics; Linguistic anthropology; Social media; Framing (construction); Scholarship; Sociocultural linguistics; Multimodality; Digital media; Linguistics; Epistemology; Anthropology; Pedagogy; Computer science; Philosophy; Comprehension approach; Political science; World Wide Web; Structural engineering; Engineering; Language education; Law,,,,,,http://dx.doi.org/10.1093/acrefore/9780190854584.013.602,,10.1093/acrefore/9780190854584.013.602,,,0,,1,false,,
192-153-798-191-344,LibGuides: Digital Media: Social Media,2011-08-11,2011,libguide,,,,,Mia Tignor,,,,,,Sociology; Digital media; Media studies; Social media,,,,,https://irsc.libguides.com/digitalmedia/socialmedia,https://irsc.libguides.com/digitalmedia/socialmedia,,,953056869,,0,,0,false,,
192-900-249-600-674,Social Innovation and Social Media - Social Media Revisited. User Generated Content as a Social Innovation for eInclusion,2011-07-06,2011,conference proceedings,,,,,Christoph Kaletka; Ralf Kopp; Bastian Pelka,"The paper raises the question whether Web 2.0 can be seen as a technological or a social innovation and describes interdependencies between these two phenomena. The paper argues that the core innovation of Web 2.0 is the communication of “user generated content” as a new social routine, which is largely congruent with the definition of “Web 2.0” in the communication science discourse (which the authors speak for). The authors distinguish between a technological and a social layer of this innovation. The concrete usage by a broad and heterogeneous audience of the different technologies is seen as the main driver for the spread of web 2.0 and the paradigmatic changes it exerts on numerous fields of life. While technology is seen as a “catalyst”, the innovation itself (user generated content) is considered a social one. In a final step, the paper describes the usage of social media in the field of adult learning and the way web 2.0 based learning principles can contribute to social inclusion. In “telecentres”, social media have started to prove their potential as easy-to-use applications for activating and integrating target groups with low ICT skills into the “digital society”.",,,,,User-generated content; World Wide Web; Interdependence; Principles of learning; Core (game theory); Field (Bourdieu); Computer science; Social web; Social media; Social Semantic Web; Knowledge management,,,,,https://www.aaai.org/ocs/index.php/ICWSM/ICWSM11/paper/view/3860 https://www.sfs.tu-dortmund.de/odb/Repository/Publication/Doc/1367/Social_Media_Revisited_Kaletka-Kopp-Pelka.pdf https://www.aaai.org/ocs/index.php/ICWSM/ICWSM11/paper/download/3860/4379 https://dblp.uni-trier.de/db/conf/icwsm/sism2011.html#KaletkaKP11 http://www.aaai.org/ocs/index.php/ICWSM/ICWSM11/paper/view/3860 http://www.sfs.tu-dortmund.de/odb/Repository/Publication/Doc/1367/Social_Media_Revisited_Kaletka-Kopp-Pelka.pdf,https://www.sfs.tu-dortmund.de/odb/Repository/Publication/Doc/1367/Social_Media_Revisited_Kaletka-Kopp-Pelka.pdf,,,2395679552,,0,010-397-566-866-868; 049-472-381-141-935; 052-968-301-157-193; 090-884-008-595-848; 091-677-557-570-277; 119-985-414-976-105; 147-722-214-225-404; 185-084-101-285-464,4,false,,
192-995-557-834-426,Social Media,,2012,journal article,Journal of the Dermatology Nurses' Association,1945760x; 19457618,Ovid Technologies (Wolters Kluwer Health),United States,,"Journal of the Dermatology Nurses’ Association 4(3):p 179-180, May/June 2012. | DOI: 10.1097/JDN.0b013e31825c518f",4,3,179,180,Social media; Sociology; Computer science; World Wide Web,,,,,,http://dx.doi.org/10.1097/jdn.0b013e31825c518f,,10.1097/jdn.0b013e31825c518f,,,0,,0,false,,
193-033-075-585-446,Social Media,2023-06-20,2023,book chapter,International Encyclopedia of Civil Society,,Springer International Publishing,,David A. Campbell,,,,1,8,Sociology,,,,,,http://dx.doi.org/10.1007/978-3-319-99675-2_9549-1,,10.1007/978-3-319-99675-2_9549-1,,,0,004-177-689-495-700; 007-325-935-616-303; 009-009-785-048-862; 015-636-300-622-759; 017-672-028-658-971; 024-333-789-579-773; 026-185-959-261-09X; 042-639-594-502-404; 046-114-673-435-960; 046-124-183-238-656; 050-232-469-272-182; 053-568-326-566-819; 055-284-564-886-963; 061-423-664-322-297; 067-106-577-202-827; 069-084-232-885-800; 082-412-865-471-238; 083-925-625-829-149; 087-564-715-242-696; 089-186-983-776-86X; 092-065-135-201-948; 092-867-655-633-343; 103-955-276-766-776; 106-044-733-397-016; 107-938-697-882-071; 109-012-575-149-844; 126-219-273-041-031; 153-570-077-189-896,0,false,,
193-222-933-023-056,"Social networks, social media, social change",2012-07-11,2012,book chapter,Advances in Design for Cross-Cultural Activities Part II,,CRC Press,,Jürgen Pfeffer; Kathleen M. Carley; null USA,"Social Media has been touted as the way in which social networks form and can be mobilized to effect social change. In particular, the Arab Spring 2011 has been heralded as a social media based social transformation. On the other hand, scientists and journalists concede social media a less important role in the spate of revolutions and uprisings. In this article we make a contribution to this discussion by analyzing structural change in Arabic written Twitter data and by comparing the results with data collected from traditional English written news sources. We orient this discussion by pointing out, using a simulation example, the socio-demographics internet penetration and literacy are critical to the impact of any media. Then, to illustrate our cross-cultural analysis approach we use news articles and tweets discussing Syria in December 2011. We are able to show that online and offline data is significantly correlated but the change can be measured earlier in online networks. If we assume that social media can react immediately to forerunners of social change and if we have the ability to identify structural change in social media networks in real-time, we get a step closer to predicting social change.",,,287,296,Social media; Social change; Sociology; Political science; Computer science; World Wide Web; Law,,,,,,http://dx.doi.org/10.1201/b12317-33,,10.1201/b12317-33,,,0,,0,false,,
193-645-981-319-534,Social Media Handbuch - Social-Media-Handbuch,,,book,,,,,Daniel Michelis,,,,,,Human–computer interaction; World Wide Web; Computer science; Social media,,,,,https://sfbs.tu-dortmund.de/handle/sfbs/637 https://eldorado.tu-dortmund.de/handle/2003/29426,http://dx.doi.org/10.17877/de290r-5974,,10.17877/de290r-5974,2205256052,,0,,15,false,,
193-863-857-795-969,Social Media,2021-04-02,2021,book chapter,Handwörterbuch des politischen Systems der Bundesrepublik Deutschland,,Springer Fachmedien Wiesbaden,,Christoph Bieber,,,,825,829,Political science; Humanities; Art,,,,,,http://dx.doi.org/10.1007/978-3-658-23666-3_148,,10.1007/978-3-658-23666-3_148,,,0,078-863-120-928-078; 164-233-751-793-174,0,false,,
195-173-012-852-233,Social media,2020-05-15,2020,book chapter,Creative research communication,,Manchester University Press,,Clare Wilkinson; Emma Weitkamp,"Social media provide a host of opportunities for research communicators. From pithy microblogs, such as Twitter, to more in depth personal blogs, and for those seeking more interaction, opportunities to interact with followers on Facebook. The chapter briefly considers traditional media, pointing those interested to useful resources before moving on to explore what a digital profile is. In this context, we explore the challenge of choosing tools wisely in an environment where your personal and professional lives can easily merge. The chapter then considers blogs, Facebook and similar sites, and the virtual world Second Life through the lens of media richness and social presence theories.",,,,,Social media; Merge (version control); Microblogging; Sociology; Computer science; World Wide Web; Digital media; Virtual world; Internet privacy; Human–computer interaction; Information retrieval,,,,,,http://dx.doi.org/10.7765/9781526153401.00013,,10.7765/9781526153401.00013,,,0,,0,false,,
195-173-860-081-670,Social-Media,2025-07-22,2025,book chapter,Online-Marketing-Management,,Springer Fachmedien Wiesbaden,,Frank Lampe,,,,123,274,Social media; Sociology; Computer science; World Wide Web,,,,,,http://dx.doi.org/10.1007/978-3-658-47970-1_7,,10.1007/978-3-658-47970-1_7,,,0,,0,false,,
195-217-688-533-429,Social Media and Social Justice Activism,2012-03-01,2012,,,,,,Leslie Regan Shade; Normand Landry,"In December 2010 a 26-year old unemployed Tunisian university graduate named Mohamed Bouazizi set himself on fire in protest after the fruits he was selling in the town of Sidi Bouzid were confiscated by government officials who alleged he was operating his stand without a license. Three weeks later he died in hospital, sparking massive street revolts by Tunisian citizens frustrated by government corruption and widespread unemployment. Tunisia’s repressive government intervened, imposing curfews, closing schools and universities, arresting citizens and violently setting the police onto the thousands of citizens who had taken to the street. Tunisia is infamous for its authoritarian media and internet system, decried by the International Federation of Journalists (IFJ) and its affiliate, the Syndicat national des journalistes tunisiens (SNJT) in their campaign for journalistic independence. ; 	; Initially Western mainstream media ignored the Tunisian protests, partly because of a lack of official information from the government, but citizens, using various social media, were able to spread timely information about the protests to the world, and mobilize Tunisian citizens and the Tunisian diaspora, including a large community in Montreal. Information was disseminated via Facebook (even after the government deleted pages critical of the government), WikiLeaks, the Tunisian blog Nawaat which posted amateur videos online, proxy servers that could bypass government monitoring, and Twitter – which was also able to more easily circumvent government censorship (Al Jazeera English 2011). After 23 years of autocratic rule, President Ben Ali fled the country, and the country is now undergoing a shift in governance, which Tunisians hope will usher in a reign of democratic transparency.; 	; Many Western commentators dubbed the actions in Tunisia “The Twitter Revolution,” celebrating the use of social media for mobilizing Tunisians and toppling the Ben Ali government. But others were more cautious, attributing the actions of Tunisians to “decades of frustration, not in reaction to a WikiLeaks cable, a denial-of-service attack, or a Facebook update” (Zuckerman 2011). Jillian York, also hesitant to ascribe power to networked technologies, remarked that “I am glad that Tunisians were able to utilize social media to bring attention to their plight. But I will not dishonor the memory of Mohamed Bouazizi–or the 65 others that died on the streets for their cause–by dubbing this anything but a human revolution” (York 2011).",,,,,Autocracy; Political science; Law; Mainstream; Diaspora; Media studies; Political corruption; Social media; Censorship; Democracy; Authoritarianism,,,,,https://r-libre.teluq.ca/993/,https://r-libre.teluq.ca/993/,,,2535154144,,0,,0,false,,
195-290-449-021-136,Social Media,2018-06-12,2018,book chapter,Encyclopedia of Social Network Analysis and Mining,,Springer New York,,Reda Alhajj; Jon Rokne,,,,2634,2634,Social media; Sociology; Computer science; World Wide Web,,,,,,http://dx.doi.org/10.1007/978-1-4939-7131-2_101125,,10.1007/978-1-4939-7131-2_101125,,,0,,0,false,,
195-363-165-253-706,Introduction of Social Media Platforms and Social Media Analytics for Social CRM,,2018,book chapter,Diverse Methods in Customer Relationship Marketing and Management,23275502; 23275529,IGI Global,,In Lee,"<jats:p>This chapter reviews customer relationship management, social media platforms, and social media analytics, and discusses how social media platforms and social media analytics are used to support social CRM. Social CRM emerged by integrating social media with customer relationship management. Social media offers companies an array of innovative ways to interact with their employees, customers, partners, and other stakeholders. As the user base of social media is growing rapidly, it is crucial for companies to understand their social media platforms, develop a plan to continually integrate social media with CRM, analyze social media data with social media analytics, and quickly respond to the needs of customers. To help CRM managers utilize social media analytics systematically, this chapter discusses various analytics methods and presents analytics processes for social media data. </jats:p>",,,92,108,Social media analytics; Social media; Analytics; Social media optimization; Business; Data science; Knowledge management; World Wide Web; Computer science,,,,,,http://dx.doi.org/10.4018/978-1-5225-5619-0.ch006,,10.4018/978-1-5225-5619-0.ch006,,,0,005-327-397-286-429; 005-884-693-980-505; 008-065-210-453-904; 008-352-003-656-014; 017-549-312-405-038; 021-071-579-349-893; 026-923-630-919-898; 027-716-643-908-930; 030-057-870-760-835; 030-861-607-302-260; 032-360-580-391-140; 036-419-801-312-717; 039-647-574-784-485; 041-216-566-003-260; 049-595-078-064-981; 051-891-351-506-911; 058-805-417-766-881; 065-632-539-882-89X; 066-161-756-679-01X; 068-594-712-864-148; 070-297-957-827-362; 076-131-586-054-505; 078-992-559-907-346; 080-142-224-521-995; 085-398-142-392-174; 087-800-867-622-147; 091-518-714-385-908; 098-726-384-857-319; 100-095-090-598-595; 110-334-690-718-237; 115-577-300-840-316; 119-762-316-782-552; 125-769-499-035-961; 129-295-395-843-511; 163-580-980-844-430; 164-324-137-680-114; 167-119-771-899-806; 180-533-045-857-868,1,false,,
195-564-090-886-146,Social Media Marketing | Social Media Management | Social Media Advertising | Social Media | veedoomedia,2017-04-01,2017,,,,,,null veedoomedia,"Engage Your Audience And Grow Your Clients List ... In today's ever changing world, where we are more connected to our technology than ever before, it has never been more important for businesses to engineer smart marketing strategies that will be able to target a specific audience.",,,,,Advertising campaign; Advertising; Political science; Public relations; Media; Citizen media; Social media; Media management; Social media optimization; Media relations; New media,,,,,,,,,2611541696,,0,,0,false,,
195-658-299-786-530,Social media,2016-11-10,2016,book chapter,Research in Landscape Architecture,,Routledge,,Ron van Lammeren; Simone Theile; Boris Stemmer; Diedrich Bruns,"Social media have serious impact on societal processes. Successful start-ups like Airbnb (https:// www.airbnb.com) to rent lodging facilities and Uber (https://www.uber.com) to arrange taxi transport heavily rely on social networking services. These start-ups show the power of contacting by internet and set processes in motion, known as 'disruptive innovation', where high technology successfully replaced low technology. The objective of this chapter is to examine how internet-based social media might be used to insert some 'disruptive innovations' into landscape architecture research. To explore innovative ways of enhancing the field's knowledge base researchers might, for example, be experimenting with 'crowdsourcing' and geo-social media. Social media might be useful as a source of data for project research (such as discovering what happens around a design or planning area) and as a data collection tool for academic research (for example, setting up a platform and inviting members of the public to make entries which become qualitative data sets). Findings from the recent Delphi study summarised in Chapter 6 and in Meijering et al. (2015) point to 'human dimensions of planning and design' as one of landscape architecture's most important and useful research challenges. Our starting claim is that research into this domain could benefit from the use of social media as a new resource. This chapter discusses social media as vehicles for knowledge acquisition through collaborative processes and it also presents methods to analyse data shared on social media sites.",,,136,160,Social media; Sociology; Computer science; World Wide Web,,,,,,http://dx.doi.org/10.4324/9781315396903-9,,10.4324/9781315396903-9,,,0,,0,false,,
195-758-965-395-944,"LibGuides: Alerts, RSS Feeds, and Social Media: Social Media",2016-04-13,2016,libguide,,,,,Rosalie Waller,,,,,,World Wide Web; RSS; Computer science; Social media,,,,,https://seneca.libguides.com/rss/socialmedia,https://seneca.libguides.com/rss/socialmedia,,,2989987282,,0,,0,false,,
196-052-727-140-542,Social Media and Social Work,2020-07-15,2020,book,,,Policy Press,,,"The COVID-19 pandemic has shed fresh light on the ways that social media and digital technologies can be effectively harnessed to support relationship-based social work practice. However, it has also highlighted the complex risks, ethics and practical challenges that such technologies pose. This book helps practitioners and students navigate this complex terrain and explore and build upon its multiple opportunities. It uses real-life examples to examine how practitioners can assess the impact of new technologies on their professional conduct and use them in a way that enhance public confidence and relationship-based practice. The authors explore how digital technologies can support multiple areas of service including social work with children, families and adults, mental health social work, youth justice and working with online communities. They also consider regulatory questions and provide a roadmap for good practice.",,,,,Social media; Work (physics); Sociology; Data science; Computer science; World Wide Web; Engineering; Mechanical engineering,,,,,,http://dx.doi.org/10.56687/9781447327400,,10.56687/9781447327400,,,0,,1,false,,
196-447-705-156-62X,Social Media,2024-07-22,2024,book chapter,Survey of Media,,Routledge,,Stacey O. Irwin,,,,171,180,Social media; Sociology; Political science; Computer science; World Wide Web,,,,,,http://dx.doi.org/10.4324/9781003397588-15,,10.4324/9781003397588-15,,,0,,0,false,,
196-689-940-682-752,Social Computing and Social Media,,2024,book,Lecture Notes in Computer Science,03029743; 16113349,Springer Nature Switzerland,Germany,International Conference on Social Computing and Social Media 2024 Washington; Adela Coman; Simona Vasilache; DC; Online HCI International Conference 2024 Washington,,,,,,Computer science; Social computing; Social media; Artificial intelligence; World Wide Web,,,,,https://link.springer.com/content/pdf/bfm:978-3-031-61281-7/1 https://doi.org/10.1007/978-3-031-61281-7,http://dx.doi.org/10.1007/978-3-031-61281-7,,10.1007/978-3-031-61281-7,,,0,,0,true,,bronze
196-727-041-712-748,Home. Social Work. Social Media.,2011-03-08,2011,libguide,,,,,Kathy Lowe,,,,,,Psychology; Social work; Social science; Economic growth; Social media,,,,,http://libguides.montevallo.edu/content.php?pid=194641&sid=2012909 https://libguides.montevallo.edu/content.php?pid=194641&sid=2012909,http://libguides.montevallo.edu/content.php?pid=194641&sid=2012909,,,470469633,,0,,0,false,,
196-931-535-366-054,Social Media,,2021,other,The Communicating Principal,,Rowman & Littlefield Publishers,,,,,,67,74,Social media; Sociology; Media studies; Public relations; Internet privacy; The Internet; Political science; Advertising; Computer science; Key (lock); Context (archaeology),,,,,,http://dx.doi.org/10.5040/9798216424345.ch-8,,10.5040/9798216424345.ch-8,,,0,,0,false,,
196-988-902-026-64X,Social Media,2023-12-08,2023,book chapter,Convergent Journalism: An Introduction,,Routledge,,Kristine Nicolini,"This chapter focuses on how social media can help students become a better journalist. It examines some professional uses of social media in the journalism environment. The chapter highlights the ways to produce news content with social media. It discusses the importance of engaging with audiences seeking news on various media platforms, while also providing tips on how students can build community interactions and relationships with those readers. The chapter outlines the ways in which social media and an increasing reliance on digital technology have led to massive changes in how we work in journalism and how society engages with our field. Social media also allows citizens to capture live events with mobile devices and then stream them live or upload the information to social sites. Students create user-generated content regularly when students post status updates on social network sites or upload visual content to these sites.",,,135,147,Social media; Computer science; World Wide Web,,,,,,http://dx.doi.org/10.4324/9781003402039-10,,10.4324/9781003402039-10,,,0,,0,false,,
197-307-184-500-270,Social media and social work regulation,2020-07-15,2020,book chapter,Social Media and Social Work,,Policy Press,,Claudia Megele; Lyn Romeo; Peter Buzzi,,,,177,206,Social media; Sociology; Work (physics); Political science; Computer science; World Wide Web; Engineering; Mechanical engineering,,,,,,http://dx.doi.org/10.56687/9781447327400-011,,10.56687/9781447327400-011,,,0,,0,false,,
198-223-820-658-676,Social Media,,2012,journal article,"AJN, American Journal of Nursing",0002936x; 15387488,Ovid Technologies (Wolters Kluwer Health),United States,Jenna Curran,"“Patient Privacy and Company Policy in Online Life” (iNurse, September 2011) is timely. Nurses should be able to use social media, such as Facebook and Twitter, to our benefit. However, there's no need to “push the envelope.” Some nurses may drink or swear outside the workplace, but it's not appropriate that we post such information online. We should think twice about what we're sharing and respect ourselves and our profession by holding ourselves to a higher standard and setting better examples. Jenna Curran, BSN, RN Whitman, MA",112,3,14,14,Curran; Social media; Psychology; Internet privacy; Nursing; Public relations; Sociology; Medicine; Computer science; Political science; World Wide Web; Botany; Biology,,,,,,http://dx.doi.org/10.1097/01.naj.0000412621.80261.b8,,10.1097/01.naj.0000412621.80261.b8,,,0,,0,false,,
198-467-896-673-451,LibGuides: Getting Started With Social Media: Social Media Strategy,2012-02-02,2012,libguide,,,,,Sally Neal,,,,,,Sociology; Media studies; Social media,,,,,http://libguides.butler.edu/c.php?g=34201&p=217766,http://libguides.butler.edu/c.php?g=34201&p=217766,,,2231352307,,0,,0,false,,
198-892-597-093-067,SOCIAL MEDIA FATIGUE AND ITS PERCEIVED EFFECTS ON ADVERTISING ON SOCIAL MEDIA,2020-06-05,2020,,,,,,Patrick Yoxall,,,,,,Advertising; Psychology; Social media,,,,,,,,,3033987166,,0,,0,false,,
199-083-227-723-021,Social Innovation and Social Media - Social Innovation Meets Social Media: A Framework Proposal,2011-07-06,2011,conference proceedings,,,,,Ricard Ruiz de Querol; Karolin Eva Kappler; Andreas Kaltenbrunner; Yana Volkovich; David Laniado,"In this paper, we describe the motivations for the organization of the SISoM-workshop on Social Innovation and Social Media, to be held in the context of the ICWSM 2011. We argue that social innovation and social media, two trends, that have started independently, are bound to increasingly overlap. Social innovators, as well as the growing number of public administrations fostering social innovation, regard social media as a potentially powerful communication and coordination tool. At the same time, it is argued that they will require functionalities and implement practices which differ from those prevalent in the most popular general purpose social media platforms. A theoretical framework and an initial set of research questions are proposed in order to address those matters, which are partially covered by the papers accepted as contributions to the workshop.",,,,,Social heuristics; Sociology; Media Lab Europe's social robots; Social change; Public relations; Social media; Social philosophy; Management science; Social computing; Social network; Social engagement,,,,,https://dblp.uni-trier.de/db/conf/icwsm/sism2011.html#QuerolKKVL11 https://www.aaai.org/ocs/index.php/ICWSM/ICWSM11/paper/viewFile/3856/4375,https://dblp.uni-trier.de/db/conf/icwsm/sism2011.html#QuerolKKVL11,,,107930777,,0,000-356-966-080-393; 002-537-364-980-875; 003-492-550-517-403; 025-637-276-259-327; 026-698-678-869-991; 041-144-498-882-442; 043-653-017-540-694; 047-556-937-668-608; 063-410-297-450-683; 070-250-403-460-329; 074-807-358-940-462; 077-409-282-526-614; 083-414-342-093-288; 101-784-521-469-032; 122-924-884-335-299; 143-746-304-932-541; 167-780-556-898-626; 192-900-249-600-674,0,false,,
199-123-261-197-217,Social Media,2012-10-11,2012,other,Technology for Facility Managers,,Wiley,,Dean Stanberry,,,,245,272,Social media; World Wide Web; Computer science; Leverage (statistics); Markup language; Multimedia; XML; Knowledge management; Machine learning,,,,,,http://dx.doi.org/10.1002/9781119572626.ch13,,10.1002/9781119572626.ch13,,,0,,0,false,,
199-241-438-015-704,Social Media,2023-03-22,2023,book chapter,Producing Graphic Media for Sports,,Routledge,,John S. Zaffuto,,,,107,114,Social media; Sociology; Computer science; World Wide Web,,,,,,http://dx.doi.org/10.4324/9781003261568-6,,10.4324/9781003261568-6,,,0,,0,false,,
